2026-10-04T22:02:20.1630157Z Current runner version: '2.337.0'
2026-10-04T22:02:20.1663602Z ##[group]Runner Image Provisioner
2026-10-04T22:02:20.1664542Z Hosted Compute Agent
2026-10-04T22:02:20.1665696Z Version: 20260901.588
2026-10-04T22:02:20.1666448Z Commit: f88ec8081b781fac6c440065ac7ff9e710ce3d0b
2026-10-04T22:02:20.1667203Z Build Date: 2026-09-01T19:56:44Z
2026-10-04T22:02:20.1668042Z Worker ID: {c8604504-0706-44c7-bc5e-251bc5f0fb58}
2026-10-04T22:02:20.1668757Z Azure Region: eastus
2026-10-04T22:02:20.1669448Z ##[endgroup]
2026-10-04T22:02:20.1671627Z ##[group]Operating System
2026-10-04T22:02:20.1672271Z Ubuntu
2026-10-04T22:02:20.1673000Z 24.04.5
2026-10-04T22:02:20.1673515Z LTS
2026-10-04T22:02:20.1674033Z ##[endgroup]
2026-10-04T22:02:20.1674986Z ##[group]Runner Image
2026-10-04T22:02:20.1675740Z Image: ubuntu-24.04-arm
2026-10-04T22:02:20.1676346Z Version: 20260927.135.1
2026-10-04T22:02:20.1677806Z Included Software: https://github.com/actions/runner-images/blob/ubuntu24-arm64/20260927.135/images/ubuntu/Ubuntu2404-Arm64-Readme.md
2026-10-04T22:02:20.1679467Z Image Release: https://github.com/actions/runner-images/releases/tag/ubuntu24-arm64%2F20260927.135
2026-10-04T22:02:20.1680459Z ##[endgroup]
2026-10-04T22:02:20.1681591Z ##[group]GITHUB_TOKEN Permissions
2026-10-04T22:02:20.1685570Z Contents: read
2026-10-04T22:02:20.1686291Z Metadata: read
2026-10-04T22:02:20.1686954Z ##[endgroup]
2026-10-04T22:02:20.1690087Z Secret source: Actions
2026-10-04T22:02:20.1691310Z Cache mode: write
2026-10-04T22:02:20.1692378Z Prepare workflow directory
2026-10-04T22:02:20.2387087Z Prepare all required actions
2026-10-04T22:02:20.2445404Z Getting action download info
2026-10-04T22:02:20.4267788Z Download action repository 'actions/checkout@v7' (SHA:3d3c42e5aac5ba805825da76410c181273ba90b1)
2026-10-04T22:02:20.5350252Z Download action repository 'actions/setup-go@b7ad1dad31e06c5925ef5d2fc7ad053ef454303e' (SHA:b7ad1dad31e06c5925ef5d2fc7ad053ef454303e)
2026-10-04T22:02:20.7192750Z Download action repository 'actions/download-artifact@3e5f45b2cfb9172054b4087a40e8e0b5a5461e7c' (SHA:3e5f45b2cfb9172054b4087a40e8e0b5a5461e7c)
2026-10-04T22:02:20.8698687Z Download action repository 'actions/upload-artifact@v7' (SHA:043fb46d1a93c77aae656e7c1c64a875d1fc6a0a)
2026-10-04T22:02:21.0436143Z Complete job name: Test shard (arm64, 4)
2026-10-04T22:02:21.1284959Z ##[group]Run actions/checkout@v7
2026-10-04T22:02:21.1286408Z with:
2026-10-04T22:02:21.1287291Z   persist-credentials: false
2026-10-04T22:02:21.1288041Z   repository: eloqdata/lavik
2026-10-04T22:02:21.1294528Z   token: ***
2026-10-04T22:02:21.1295423Z   ssh-strict: true
2026-10-04T22:02:21.1296078Z   ssh-user: git
2026-10-04T22:02:21.1296725Z   clean: true
2026-10-04T22:02:21.1297364Z   sparse-checkout-cone-mode: true
2026-10-04T22:02:21.1298089Z   fetch-depth: 1
2026-10-04T22:02:21.1298879Z   fetch-tags: false
2026-10-04T22:02:21.1299526Z   show-progress: true
2026-10-04T22:02:21.1300187Z   lfs: false
2026-10-04T22:02:21.1300904Z   submodules: false
2026-10-04T22:02:21.1301580Z   set-safe-directory: true
2026-10-04T22:02:21.1302387Z   allow-unsafe-pr-checkout: false
2026-10-04T22:02:21.1303651Z env:
2026-10-04T22:02:21.1304588Z   PYTHONPATH: /home/runner/work/lavik/lavik/build_ci/test_tools/redis_py
2026-10-04T22:02:21.1306123Z ##[endgroup]
2026-10-04T22:02:21.2328135Z Syncing repository: eloqdata/lavik
2026-10-04T22:02:21.2330937Z ##[group]Getting Git version info
2026-10-04T22:02:21.2332109Z Working directory is '/home/runner/work/lavik/lavik'
2026-10-04T22:02:21.2333479Z [command]/usr/bin/git version
2026-10-04T22:02:21.2336069Z git version 2.55.0
2026-10-04T22:02:21.2340016Z ##[endgroup]
2026-10-04T22:02:21.2366143Z Temporarily overriding HOME='/home/runner/work/_temp/66d3b05a-4c30-4237-8105-924a4054e362' before making global git config changes
2026-10-04T22:02:21.2368404Z Adding repository directory to the temporary git global config as a safe directory
2026-10-04T22:02:21.2369902Z [command]/usr/bin/git config --global --add safe.directory /home/runner/work/lavik/lavik
2026-10-04T22:02:21.2402334Z Deleting the contents of '/home/runner/work/lavik/lavik'
2026-10-04T22:02:21.2413721Z ##[group]Determining repository object format
2026-10-04T22:02:21.2415705Z ##[endgroup]
2026-10-04T22:02:21.2417328Z ##[group]Initializing the repository
2026-10-04T22:02:21.2418717Z [command]/usr/bin/git init /home/runner/work/lavik/lavik
2026-10-04T22:02:21.2517493Z hint: Using 'master' as the name for the initial branch. This default branch name
2026-10-04T22:02:21.2535051Z hint: will change to "main" in Git 3.0. To configure the initial branch name
2026-10-04T22:02:21.2536513Z hint: to use in all of your new repositories, which will suppress this warning,
2026-10-04T22:02:21.2537528Z hint: call:
2026-10-04T22:02:21.2538238Z hint:
2026-10-04T22:02:21.2538991Z hint: 	git config --global init.defaultBranch <name>
2026-10-04T22:02:21.2539908Z hint:
2026-10-04T22:02:21.2540779Z hint: Names commonly chosen instead of 'master' are 'main', 'trunk' and
2026-10-04T22:02:21.2542147Z hint: 'development'. The just-created branch can be renamed via this command:
2026-10-04T22:02:21.2543382Z hint:
2026-10-04T22:02:21.2543980Z hint: 	git branch -m <name>
2026-10-04T22:02:21.2544905Z hint:
2026-10-04T22:02:21.2545902Z hint: Disable this message with "git config set advice.defaultBranchName false"
2026-10-04T22:02:21.2547272Z Initialized empty Git repository in /home/runner/work/lavik/lavik/.git/
2026-10-04T22:02:21.2551506Z [command]/usr/bin/git remote add origin https://github.com/eloqdata/lavik
2026-10-04T22:02:21.2570861Z ##[endgroup]
2026-10-04T22:02:21.2572797Z ##[group]Disabling automatic garbage collection
2026-10-04T22:02:21.2574096Z [command]/usr/bin/git config --local gc.auto 0
2026-10-04T22:02:21.2607200Z ##[endgroup]
2026-10-04T22:02:21.2608819Z ##[group]Setting up auth
2026-10-04T22:02:21.2609613Z Removing SSH command configuration
2026-10-04T22:02:21.2612831Z [command]/usr/bin/git config --local --name-only --get-regexp core\.sshCommand
2026-10-04T22:02:21.2649380Z [command]/usr/bin/git submodule foreach --recursive sh -c "git config --local --name-only --get-regexp 'core\.sshCommand' && git config --local --unset-all 'core.sshCommand' || :"
2026-10-04T22:02:21.2970312Z Removing HTTP extra header
2026-10-04T22:02:21.2974128Z [command]/usr/bin/git config --local --name-only --get-regexp http\.https\:\/\/github\.com\/\.extraheader
2026-10-04T22:02:21.3009992Z [command]/usr/bin/git submodule foreach --recursive sh -c "git config --local --name-only --get-regexp 'http\.https\:\/\/github\.com\/\.extraheader' && git config --local --unset-all 'http.https://github.com/.extraheader' || :"
2026-10-04T22:02:21.3204112Z Removing includeIf entries pointing to credentials config files
2026-10-04T22:02:21.3208239Z [command]/usr/bin/git config --local --name-only --get-regexp ^includeIf\.gitdir:
2026-10-04T22:02:21.3242452Z [command]/usr/bin/git submodule foreach --recursive git config --local --show-origin --name-only --get-regexp remote.origin.url
2026-10-04T22:02:21.3455592Z [command]/usr/bin/git config --file /home/runner/work/_temp/git-credentials-01411292-d54e-4b92-b2b6-bd130524fce0.config http.https://github.com/.extraheader AUTHORIZATION: basic ***
2026-10-04T22:02:21.3504392Z [command]/usr/bin/git config --local includeIf.gitdir:/home/runner/work/lavik/lavik/.git.path /home/runner/work/_temp/git-credentials-01411292-d54e-4b92-b2b6-bd130524fce0.config
2026-10-04T22:02:21.3538990Z [command]/usr/bin/git config --local includeIf.gitdir:/home/runner/work/lavik/lavik/.git/worktrees/*.path /home/runner/work/_temp/git-credentials-01411292-d54e-4b92-b2b6-bd130524fce0.config
2026-10-04T22:02:21.3573458Z [command]/usr/bin/git config --local includeIf.gitdir:/github/workspace/.git.path /github/runner_temp/git-credentials-01411292-d54e-4b92-b2b6-bd130524fce0.config
2026-10-04T22:02:21.3606351Z [command]/usr/bin/git config --local includeIf.gitdir:/github/workspace/.git/worktrees/*.path /github/runner_temp/git-credentials-01411292-d54e-4b92-b2b6-bd130524fce0.config
2026-10-04T22:02:21.3639825Z ##[endgroup]
2026-10-04T22:02:21.3641011Z ##[group]Fetching the repository
2026-10-04T22:02:21.3647617Z [command]/usr/bin/git -c protocol.version=2 fetch --no-tags --prune --no-recurse-submodules --depth=1 origin +19496654cc43b21df11fb59be60e174dc4c89dbc:refs/remotes/origin/main
2026-10-04T22:02:22.4153650Z From https://github.com/eloqdata/lavik
2026-10-04T22:02:22.4156028Z  * [new ref]         19496654cc43b21df11fb59be60e174dc4c89dbc -> origin/main
2026-10-04T22:02:22.4160971Z [command]/usr/bin/git branch --list --remote origin/main
2026-10-04T22:02:22.4185441Z   origin/main
2026-10-04T22:02:22.4193678Z [command]/usr/bin/git rev-parse refs/remotes/origin/main
2026-10-04T22:02:22.4215299Z 19496654cc43b21df11fb59be60e174dc4c89dbc
2026-10-04T22:02:22.4219781Z ##[endgroup]
2026-10-04T22:02:22.4221247Z ##[group]Determining the checkout info
2026-10-04T22:02:22.4222872Z ##[endgroup]
2026-10-04T22:02:22.4223909Z [command]/usr/bin/git sparse-checkout disable
2026-10-04T22:02:22.4269930Z [command]/usr/bin/git config --local --unset-all extensions.worktreeConfig
2026-10-04T22:02:22.4299338Z ##[group]Checking out the ref
2026-10-04T22:02:22.4301837Z [command]/usr/bin/git checkout --progress --force -B main refs/remotes/origin/main
2026-10-04T22:02:22.5478150Z Switched to a new branch 'main'
2026-10-04T22:02:22.5479739Z branch 'main' set up to track 'origin/main'.
2026-10-04T22:02:22.5489492Z ##[endgroup]
2026-10-04T22:02:22.5532066Z [command]/usr/bin/git log -1 --format=%H
2026-10-04T22:02:22.5557387Z 19496654cc43b21df11fb59be60e174dc4c89dbc
2026-10-04T22:02:22.5566311Z ##[group]Removing auth
2026-10-04T22:02:22.5567387Z Removing SSH command configuration
2026-10-04T22:02:22.5570087Z [command]/usr/bin/git config --local --name-only --get-regexp core\.sshCommand
2026-10-04T22:02:22.5608796Z [command]/usr/bin/git submodule foreach --recursive sh -c "git config --local --name-only --get-regexp 'core\.sshCommand' && git config --local --unset-all 'core.sshCommand' || :"
2026-10-04T22:02:22.5809245Z Removing HTTP extra header
2026-10-04T22:02:22.5811100Z [command]/usr/bin/git config --local --name-only --get-regexp http\.https\:\/\/github\.com\/\.extraheader
2026-10-04T22:02:22.5842832Z [command]/usr/bin/git submodule foreach --recursive sh -c "git config --local --name-only --get-regexp 'http\.https\:\/\/github\.com\/\.extraheader' && git config --local --unset-all 'http.https://github.com/.extraheader' || :"
2026-10-04T22:02:22.6040842Z Removing includeIf entries pointing to credentials config files
2026-10-04T22:02:22.6042926Z [command]/usr/bin/git config --local --name-only --get-regexp ^includeIf\.gitdir:
2026-10-04T22:02:22.6065894Z includeif.gitdir:/home/runner/work/lavik/lavik/.git.path
2026-10-04T22:02:22.6067510Z includeif.gitdir:/home/runner/work/lavik/lavik/.git/worktrees/*.path
2026-10-04T22:02:22.6068925Z includeif.gitdir:/github/workspace/.git.path
2026-10-04T22:02:22.6070320Z includeif.gitdir:/github/workspace/.git/worktrees/*.path
2026-10-04T22:02:22.6074198Z [command]/usr/bin/git config --local --get-all includeif.gitdir:/home/runner/work/lavik/lavik/.git.path
2026-10-04T22:02:22.6098967Z /home/runner/work/_temp/git-credentials-01411292-d54e-4b92-b2b6-bd130524fce0.config
2026-10-04T22:02:22.6108326Z [command]/usr/bin/git config --local --unset includeif.gitdir:/home/runner/work/lavik/lavik/.git.path \/home\/runner\/work\/_temp\/git\-credentials\-01411292\-d54e\-4b92\-b2b6\-bd130524fce0\.config
2026-10-04T22:02:22.6141751Z [command]/usr/bin/git config --local --get-all includeif.gitdir:/home/runner/work/lavik/lavik/.git/worktrees/*.path
2026-10-04T22:02:22.6165884Z /home/runner/work/_temp/git-credentials-01411292-d54e-4b92-b2b6-bd130524fce0.config
2026-10-04T22:02:22.6175189Z [command]/usr/bin/git config --local --unset includeif.gitdir:/home/runner/work/lavik/lavik/.git/worktrees/*.path \/home\/runner\/work\/_temp\/git\-credentials\-01411292\-d54e\-4b92\-b2b6\-bd130524fce0\.config
2026-10-04T22:02:22.6206559Z [command]/usr/bin/git config --local --get-all includeif.gitdir:/github/workspace/.git.path
2026-10-04T22:02:22.6237188Z /github/runner_temp/git-credentials-01411292-d54e-4b92-b2b6-bd130524fce0.config
2026-10-04T22:02:22.6241369Z [command]/usr/bin/git config --local --unset includeif.gitdir:/github/workspace/.git.path \/github\/runner_temp\/git\-credentials\-01411292\-d54e\-4b92\-b2b6\-bd130524fce0\.config
2026-10-04T22:02:22.6282721Z [command]/usr/bin/git config --local --get-all includeif.gitdir:/github/workspace/.git/worktrees/*.path
2026-10-04T22:02:22.6306456Z /github/runner_temp/git-credentials-01411292-d54e-4b92-b2b6-bd130524fce0.config
2026-10-04T22:02:22.6312350Z [command]/usr/bin/git config --local --unset includeif.gitdir:/github/workspace/.git/worktrees/*.path \/github\/runner_temp\/git\-credentials\-01411292\-d54e\-4b92\-b2b6\-bd130524fce0\.config
2026-10-04T22:02:22.6354922Z [command]/usr/bin/git submodule foreach --recursive git config --local --show-origin --name-only --get-regexp remote.origin.url
2026-10-04T22:02:22.6546019Z Removing credentials config '/home/runner/work/_temp/git-credentials-01411292-d54e-4b92-b2b6-bd130524fce0.config'
2026-10-04T22:02:22.6554586Z ##[endgroup]
2026-10-04T22:02:22.6858449Z ##[group]Run actions/setup-go@b7ad1dad31e06c5925ef5d2fc7ad053ef454303e
2026-10-04T22:02:22.6859675Z with:
2026-10-04T22:02:22.6860524Z   go-version-file: raft/go.mod
2026-10-04T22:02:22.6862104Z   cache-dependency-path: raft/go.sum
tests/meta_integration/cluster_client_go/go.sum
tests/meta_integration/sentinel_client_go/go.sum

2026-10-04T22:02:22.6863712Z   check-latest: false
2026-10-04T22:02:22.6870144Z   token: ***
2026-10-04T22:02:22.6870912Z   cache: true
2026-10-04T22:02:22.6871673Z env:
2026-10-04T22:02:22.6872617Z   PYTHONPATH: /home/runner/work/lavik/lavik/build_ci/test_tools/redis_py
2026-10-04T22:02:22.6873711Z ##[endgroup]
2026-10-04T22:02:22.7850937Z Setup go version spec 1.26.8
2026-10-04T22:02:22.7993932Z Found in cache @ /opt/hostedtoolcache/go/1.26.8/arm64
2026-10-04T22:02:22.7995581Z Added go to the path
2026-10-04T22:02:22.7997568Z Successfully set up Go version 1.26.8
2026-10-04T22:02:23.4151299Z [command]/opt/hostedtoolcache/go/1.26.8/arm64/bin/go env GOMODCACHE
2026-10-04T22:02:23.4183834Z [command]/opt/hostedtoolcache/go/1.26.8/arm64/bin/go env GOCACHE
2026-10-04T22:02:23.4208944Z /home/runner/go/pkg/mod
2026-10-04T22:02:23.4224352Z /home/runner/.cache/go-build
2026-10-04T22:02:23.4969454Z Cache hit for: setup-go-Linux-arm64-ubuntu24-arm64-go-1.26.8-52a31333fdbe81b448a90130b1fe6ac14c2f243aba4a731c327db2137c0da2d4
2026-10-04T22:02:24.3223842Z Received 162327702 of 162327702 (100.0%), 197.5 MBs/sec
2026-10-04T22:02:24.3224646Z Cache Size: ~155 MB (162327702 B)
2026-10-04T22:02:24.3258308Z [command]/usr/bin/tar -xf /home/runner/work/_temp/9cf15f33-e177-48e4-a3a6-5b7e81a0b4e4/cache.tzst -P -C /home/runner/work/lavik/lavik --use-compress-program unzstd
2026-10-04T22:02:24.9916704Z Cache restored successfully
2026-10-04T22:02:24.9979501Z Cache restored from key: setup-go-Linux-arm64-ubuntu24-arm64-go-1.26.8-52a31333fdbe81b448a90130b1fe6ac14c2f243aba4a731c327db2137c0da2d4
2026-10-04T22:02:25.0005487Z go version go1.26.8 linux/arm64
2026-10-04T22:02:25.0005732Z 
2026-10-04T22:02:25.0006048Z ##[group]go env
2026-10-04T22:02:25.0310974Z AR='ar'
2026-10-04T22:02:25.0311240Z CC='gcc'
2026-10-04T22:02:25.0311425Z CGO_CFLAGS='-O2 -g'
2026-10-04T22:02:25.0311625Z CGO_CPPFLAGS=''
2026-10-04T22:02:25.0311816Z CGO_CXXFLAGS='-O2 -g'
2026-10-04T22:02:25.0312014Z CGO_ENABLED='1'
2026-10-04T22:02:25.0312209Z CGO_FFLAGS='-O2 -g'
2026-10-04T22:02:25.0312398Z CGO_LDFLAGS='-O2 -g'
2026-10-04T22:02:25.0312583Z CXX='g++'
2026-10-04T22:02:25.0312749Z GCCGO='gccgo'
2026-10-04T22:02:25.0312922Z GO111MODULE=''
2026-10-04T22:02:25.0313103Z GOARCH='arm64'
2026-10-04T22:02:25.0313276Z GOARM64='v8.0'
2026-10-04T22:02:25.0313460Z GOAUTH='netrc'
2026-10-04T22:02:25.0313630Z GOBIN=''
2026-10-04T22:02:25.0313829Z GOCACHE='/home/runner/.cache/go-build'
2026-10-04T22:02:25.0314106Z GOCACHEPROG=''
2026-10-04T22:02:25.0314283Z GODEBUG=''
2026-10-04T22:02:25.0314477Z GOENV='/home/runner/.config/go/env'
2026-10-04T22:02:25.0314895Z GOEXE=''
2026-10-04T22:02:25.0315081Z GOEXPERIMENT=''
2026-10-04T22:02:25.0315837Z GOFIPS140='off'
2026-10-04T22:02:25.0316014Z GOFLAGS=''
2026-10-04T22:02:25.0316614Z GOGCCFLAGS='-fPIC -pthread -Wl,--no-gc-sections -fmessage-length=0 -ffile-prefix-map=/tmp/go-build1216460821=/tmp/go-build -gno-record-gcc-switches'
2026-10-04T22:02:25.0317968Z GOHOSTARCH='arm64'
2026-10-04T22:02:25.0318167Z GOHOSTOS='linux'
2026-10-04T22:02:25.0318353Z GOINSECURE=''
2026-10-04T22:02:25.0318585Z GOMOD='/dev/null'
2026-10-04T22:02:25.0318798Z GOMODCACHE='/home/runner/go/pkg/mod'
2026-10-04T22:02:25.0319037Z GONOPROXY=''
2026-10-04T22:02:25.0319210Z GONOSUMDB=''
2026-10-04T22:02:25.0319378Z GOOS='linux'
2026-10-04T22:02:25.0319564Z GOPATH='/home/runner/go'
2026-10-04T22:02:25.0319765Z GOPRIVATE=''
2026-10-04T22:02:25.0320028Z GOPROXY='https://proxy.golang.org,direct'
2026-10-04T22:02:25.0320347Z GOROOT='/opt/hostedtoolcache/go/1.26.8/arm64'
2026-10-04T22:02:25.0320619Z GOSUMDB='sum.golang.org'
2026-10-04T22:02:25.0320836Z GOTELEMETRY='local'
2026-10-04T22:02:25.0321469Z GOTELEMETRYDIR='/home/runner/.config/go/telemetry'
2026-10-04T22:02:25.0321784Z GOTMPDIR=''
2026-10-04T22:02:25.0321962Z GOTOOLCHAIN='local'
2026-10-04T22:02:25.0322271Z GOTOOLDIR='/opt/hostedtoolcache/go/1.26.8/arm64/pkg/tool/linux_arm64'
2026-10-04T22:02:25.0322602Z GOVCS=''
2026-10-04T22:02:25.0322860Z GOVERSION='go1.26.8'
2026-10-04T22:02:25.0323050Z GOWORK=''
2026-10-04T22:02:25.0323235Z PKG_CONFIG='pkg-config'
2026-10-04T22:02:25.0323366Z 
2026-10-04T22:02:25.0323692Z ##[endgroup]
2026-10-04T22:02:25.0540106Z ##[group]Run sudo apt-get update
2026-10-04T22:02:25.0540529Z [36;1msudo apt-get update[0m
2026-10-04T22:02:25.0540865Z [36;1msudo apt-get install -y --no-install-recommends \[0m
2026-10-04T22:02:25.0541256Z [36;1m  build-essential clang-18 cmake openssl python3 tcl zstd[0m
2026-10-04T22:02:25.0680017Z shell: /usr/bin/bash --noprofile --norc -e -o pipefail {0}
2026-10-04T22:02:25.0680349Z env:
2026-10-04T22:02:25.0680635Z   PYTHONPATH: /home/runner/work/lavik/lavik/build_ci/test_tools/redis_py
2026-10-04T22:02:25.0681014Z   GOTOOLCHAIN: local
2026-10-04T22:02:25.0681207Z ##[endgroup]
2026-10-04T22:02:25.1627258Z Get:1 https://packages.microsoft.com/ubuntu/24.04/prod noble InRelease [3600 B]
2026-10-04T22:02:25.2189108Z Get:2 https://packages.microsoft.com/ubuntu/24.04/prod noble/main armhf Packages [12.6 kB]
2026-10-04T22:02:25.2274236Z Get:3 https://packages.microsoft.com/ubuntu/24.04/prod noble/main amd64 Packages [511 kB]
2026-10-04T22:02:25.2378513Z Get:4 https://packages.microsoft.com/ubuntu/24.04/prod noble/main arm64 Packages [458 kB]
2026-10-04T22:02:25.5084117Z Hit:5 http://ports.ubuntu.com/ubuntu-ports noble InRelease
2026-10-04T22:02:25.6145305Z Get:6 http://ports.ubuntu.com/ubuntu-ports noble-updates InRelease [126 kB]
2026-10-04T22:02:26.0709567Z Get:7 http://ports.ubuntu.com/ubuntu-ports noble-backports InRelease [126 kB]
2026-10-04T22:02:26.2897321Z Get:8 http://ports.ubuntu.com/ubuntu-ports noble-security InRelease [126 kB]
2026-10-04T22:02:26.4376696Z Get:9 http://ports.ubuntu.com/ubuntu-ports noble-updates/main arm64 Packages [1424 kB]
2026-10-04T22:02:26.9400222Z Get:10 http://ports.ubuntu.com/ubuntu-ports noble-updates/main Translation-en [304 kB]
2026-10-04T22:02:27.0665737Z Get:11 http://ports.ubuntu.com/ubuntu-ports noble-updates/main arm64 Components [178 kB]
2026-10-04T22:02:27.1842318Z Get:12 http://ports.ubuntu.com/ubuntu-ports noble-updates/universe arm64 Packages [1736 kB]
2026-10-04T22:02:27.4479481Z Get:13 http://ports.ubuntu.com/ubuntu-ports noble-updates/universe Translation-en [341 kB]
2026-10-04T22:02:27.5653767Z Get:14 http://ports.ubuntu.com/ubuntu-ports noble-updates/universe arm64 Components [387 kB]
2026-10-04T22:02:27.6848874Z Get:15 http://ports.ubuntu.com/ubuntu-ports noble-updates/restricted arm64 Packages [2571 kB]
2026-10-04T22:02:27.9171615Z Get:16 http://ports.ubuntu.com/ubuntu-ports noble-updates/restricted Translation-en [394 kB]
2026-10-04T22:02:28.0290166Z Get:17 http://ports.ubuntu.com/ubuntu-ports noble-backports/main arm64 Components [3568 B]
2026-10-04T22:02:28.1354288Z Get:18 http://ports.ubuntu.com/ubuntu-ports noble-backports/universe arm64 Components [12.6 kB]
2026-10-04T22:02:28.3881060Z Get:19 http://ports.ubuntu.com/ubuntu-ports noble-security/main arm64 Packages [1133 kB]
2026-10-04T22:02:28.5143176Z Get:20 http://ports.ubuntu.com/ubuntu-ports noble-security/main Translation-en [221 kB]
2026-10-04T22:02:28.6238346Z Get:21 http://ports.ubuntu.com/ubuntu-ports noble-security/main arm64 Components [43.3 kB]
2026-10-04T22:02:28.7304503Z Get:22 http://ports.ubuntu.com/ubuntu-ports noble-security/universe arm64 Packages [1286 kB]
2026-10-04T22:02:28.8590059Z Get:23 http://ports.ubuntu.com/ubuntu-ports noble-security/universe Translation-en [244 kB]
2026-10-04T22:02:28.9682898Z Get:24 http://ports.ubuntu.com/ubuntu-ports noble-security/universe arm64 Components [76.3 kB]
2026-10-04T22:02:29.0929566Z Get:25 http://ports.ubuntu.com/ubuntu-ports noble-security/restricted arm64 Packages [2371 kB]
2026-10-04T22:02:29.2422694Z Get:26 http://ports.ubuntu.com/ubuntu-ports noble-security/restricted Translation-en [361 kB]
2026-10-04T22:02:32.9169565Z Fetched 14.4 MB in 4s (3426 kB/s)
2026-10-04T22:02:33.9155238Z Reading package lists...
2026-10-04T22:02:33.9472166Z Reading package lists...
2026-10-04T22:02:34.2169845Z Building dependency tree...
2026-10-04T22:02:34.2179514Z Reading state information...
2026-10-04T22:02:34.4684171Z clang-18 is already the newest version (1:18.1.3-1ubuntu1).
2026-10-04T22:02:34.4685206Z python3 is already the newest version (3.12.3-0ubuntu2.1).
2026-10-04T22:02:34.4685622Z tcl is already the newest version (8.6.14build1).
2026-10-04T22:02:34.4685914Z tcl set to manually installed.
2026-10-04T22:02:34.4686200Z zstd is already the newest version (1.5.5+dfsg2-2build1.1).
2026-10-04T22:02:34.4686510Z zstd set to manually installed.
2026-10-04T22:02:34.4686790Z The following additional packages will be installed:
2026-10-04T22:02:34.4693845Z   cmake-data libjsoncpp25 librhash0 libssl-dev libssl3t64
2026-10-04T22:02:34.4702638Z Suggested packages:
2026-10-04T22:02:34.4702992Z   cmake-doc cmake-format elpa-cmake-mode ninja-build libssl-doc
2026-10-04T22:02:34.4908740Z The following NEW packages will be installed:
2026-10-04T22:02:34.4917349Z   build-essential cmake cmake-data libjsoncpp25 librhash0
2026-10-04T22:02:34.4926069Z The following packages will be upgraded:
2026-10-04T22:02:34.4929392Z   libssl-dev libssl3t64 openssl
2026-10-04T22:02:34.7909552Z 3 upgraded, 5 newly installed, 0 to remove and 24 not upgraded.
2026-10-04T22:02:34.7909976Z Need to get 17.9 MB of archives.
2026-10-04T22:02:34.7910312Z After this operation, 45.0 MB of additional disk space will be used.
2026-10-04T22:02:34.7910924Z Get:1 http://ports.ubuntu.com/ubuntu-ports noble-updates/main arm64 libssl-dev arm64 3.0.13-0ubuntu3.16 [2379 kB]
2026-10-04T22:02:35.9051371Z Get:2 http://ports.ubuntu.com/ubuntu-ports noble-updates/main arm64 libssl3t64 arm64 3.0.13-0ubuntu3.16 [1838 kB]
2026-10-04T22:02:36.1758297Z Get:3 http://ports.ubuntu.com/ubuntu-ports noble-updates/main arm64 openssl arm64 3.0.13-0ubuntu3.16 [985 kB]
2026-10-04T22:02:36.3338395Z Get:4 http://ports.ubuntu.com/ubuntu-ports noble/main arm64 build-essential arm64 12.10ubuntu1 [4932 B]
2026-10-04T22:02:36.4849155Z Get:5 http://ports.ubuntu.com/ubuntu-ports noble/main arm64 libjsoncpp25 arm64 1.9.5-6build1 [78.2 kB]
2026-10-04T22:02:36.6431938Z Get:6 http://ports.ubuntu.com/ubuntu-ports noble/main arm64 librhash0 arm64 1.4.3-3build1 [126 kB]
2026-10-04T22:02:36.7443628Z Get:7 http://ports.ubuntu.com/ubuntu-ports noble/main arm64 cmake-data all 3.28.3-1build7 [2155 kB]
2026-10-04T22:02:36.9344250Z Get:8 http://ports.ubuntu.com/ubuntu-ports noble/main arm64 cmake arm64 3.28.3-1build7 [10.3 MB]
2026-10-04T22:02:37.4714874Z Fetched 17.9 MB in 3s (6633 kB/s)
2026-10-04T22:02:37.8102036Z (Reading database ... 
2026-10-04T22:02:37.8102347Z (Reading database ... 5%
2026-10-04T22:02:37.8102569Z (Reading database ... 10%
2026-10-04T22:02:37.8102792Z (Reading database ... 15%
2026-10-04T22:02:37.8103005Z (Reading database ... 20%
2026-10-04T22:02:37.8103712Z (Reading database ... 25%
2026-10-04T22:02:37.8103923Z (Reading database ... 30%
2026-10-04T22:02:37.8105911Z (Reading database ... 35%
2026-10-04T22:02:37.8106154Z (Reading database ... 40%
2026-10-04T22:02:37.8106370Z (Reading database ... 45%
2026-10-04T22:02:37.8106585Z (Reading database ... 50%
2026-10-04T22:02:37.8696638Z (Reading database ... 55%
2026-10-04T22:02:37.9926276Z (Reading database ... 60%
2026-10-04T22:02:38.2966610Z (Reading database ... 65%
2026-10-04T22:02:38.6431576Z (Reading database ... 70%
2026-10-04T22:02:38.8429445Z (Reading database ... 75%
2026-10-04T22:02:38.9415928Z (Reading database ... 80%
2026-10-04T22:02:39.1510831Z (Reading database ... 85%
2026-10-04T22:02:39.3939663Z (Reading database ... 90%
2026-10-04T22:02:39.5427198Z (Reading database ... 95%
2026-10-04T22:02:39.5427502Z (Reading database ... 100%
2026-10-04T22:02:39.5427833Z (Reading database ... 201617 files and directories currently installed.)
2026-10-04T22:02:39.5471039Z Preparing to unpack .../libssl-dev_3.0.13-0ubuntu3.16_arm64.deb ...
2026-10-04T22:02:39.5515898Z Unpacking libssl-dev:arm64 (3.0.13-0ubuntu3.16) over (3.0.13-0ubuntu3.15) ...
2026-10-04T22:02:39.6607806Z Preparing to unpack .../libssl3t64_3.0.13-0ubuntu3.16_arm64.deb ...
2026-10-04T22:02:39.6647713Z Unpacking libssl3t64:arm64 (3.0.13-0ubuntu3.16) over (3.0.13-0ubuntu3.15) ...
2026-10-04T22:02:39.7255444Z Setting up libssl3t64:arm64 (3.0.13-0ubuntu3.16) ...
2026-10-04T22:02:39.7524205Z (Reading database ... 
2026-10-04T22:02:39.7524534Z (Reading database ... 5%
2026-10-04T22:02:39.7524926Z (Reading database ... 10%
2026-10-04T22:02:39.7525154Z (Reading database ... 15%
2026-10-04T22:02:39.7525378Z (Reading database ... 20%
2026-10-04T22:02:39.7525590Z (Reading database ... 25%
2026-10-04T22:02:39.7525804Z (Reading database ... 30%
2026-10-04T22:02:39.7526021Z (Reading database ... 35%
2026-10-04T22:02:39.7526237Z (Reading database ... 40%
2026-10-04T22:02:39.7526472Z (Reading database ... 45%
2026-10-04T22:02:39.7526692Z (Reading database ... 50%
2026-10-04T22:02:39.7540923Z (Reading database ... 55%
2026-10-04T22:02:39.7631761Z (Reading database ... 60%
2026-10-04T22:02:39.7652089Z (Reading database ... 65%
2026-10-04T22:02:39.7665658Z (Reading database ... 70%
2026-10-04T22:02:39.7694727Z (Reading database ... 75%
2026-10-04T22:02:39.7713327Z (Reading database ... 80%
2026-10-04T22:02:39.7736523Z (Reading database ... 85%
2026-10-04T22:02:39.7911689Z (Reading database ... 90%
2026-10-04T22:02:39.8081550Z (Reading database ... 95%
2026-10-04T22:02:39.8081806Z (Reading database ... 100%
2026-10-04T22:02:39.8082138Z (Reading database ... 201617 files and directories currently installed.)
2026-10-04T22:02:39.8125160Z Preparing to unpack .../0-openssl_3.0.13-0ubuntu3.16_arm64.deb ...
2026-10-04T22:02:39.8161730Z Unpacking openssl (3.0.13-0ubuntu3.16) over (3.0.13-0ubuntu3.15) ...
2026-10-04T22:02:39.8946940Z Selecting previously unselected package build-essential.
2026-10-04T22:02:39.9154991Z Preparing to unpack .../1-build-essential_12.10ubuntu1_arm64.deb ...
2026-10-04T22:02:39.9175504Z Unpacking build-essential (12.10ubuntu1) ...
2026-10-04T22:02:39.9424348Z Selecting previously unselected package libjsoncpp25:arm64.
2026-10-04T22:02:39.9620152Z Preparing to unpack .../2-libjsoncpp25_1.9.5-6build1_arm64.deb ...
2026-10-04T22:02:39.9632042Z Unpacking libjsoncpp25:arm64 (1.9.5-6build1) ...
2026-10-04T22:02:39.9861027Z Selecting previously unselected package librhash0:arm64.
2026-10-04T22:02:40.0046210Z Preparing to unpack .../3-librhash0_1.4.3-3build1_arm64.deb ...
2026-10-04T22:02:40.0056988Z Unpacking librhash0:arm64 (1.4.3-3build1) ...
2026-10-04T22:02:40.0284598Z Selecting previously unselected package cmake-data.
2026-10-04T22:02:40.0470940Z Preparing to unpack .../4-cmake-data_3.28.3-1build7_all.deb ...
2026-10-04T22:02:40.0613685Z Unpacking cmake-data (3.28.3-1build7) ...
2026-10-04T22:02:40.5112898Z Selecting previously unselected package cmake.
2026-10-04T22:02:40.5319627Z Preparing to unpack .../5-cmake_3.28.3-1build7_arm64.deb ...
2026-10-04T22:02:40.5330584Z Unpacking cmake (3.28.3-1build7) ...
2026-10-04T22:02:40.7122034Z Setting up libssl-dev:arm64 (3.0.13-0ubuntu3.16) ...
2026-10-04T22:02:40.7150613Z Setting up libjsoncpp25:arm64 (1.9.5-6build1) ...
2026-10-04T22:02:40.7187041Z Setting up librhash0:arm64 (1.4.3-3build1) ...
2026-10-04T22:02:40.7213391Z Setting up build-essential (12.10ubuntu1) ...
2026-10-04T22:02:40.7235441Z Setting up cmake-data (3.28.3-1build7) ...
2026-10-04T22:02:40.7302824Z Setting up openssl (3.0.13-0ubuntu3.16) ...
2026-10-04T22:02:40.7357734Z Setting up cmake (3.28.3-1build7) ...
2026-10-04T22:02:40.7389682Z Processing triggers for man-db (2.12.0-4build2) ...
2026-10-04T22:02:40.7416080Z Not building database; man-db/auto-update is not 'true'.
2026-10-04T22:02:40.7441754Z Processing triggers for libc-bin (2.39-0ubuntu8.9) ...
2026-10-04T22:02:42.8463462Z 
2026-10-04T22:02:42.8464249Z Running kernel seems to be up-to-date.
2026-10-04T22:02:42.8464486Z 
2026-10-04T22:02:42.8464586Z Restarting services...
2026-10-04T22:02:42.8843361Z  /etc/needrestart/restart.d/systemd-manager
2026-10-04T22:02:43.1236688Z  systemctl restart packagekit.service php8.3-fpm.service systemd-journald.service systemd-networkd.service systemd-resolved.service systemd-udevd.service udisks2.service
2026-10-04T22:02:43.3787273Z 
2026-10-04T22:02:43.3788094Z Service restarts being deferred:
2026-10-04T22:02:43.3788473Z  systemctl restart hosted-compute-agent.service
2026-10-04T22:02:43.3793648Z  systemctl restart systemd-logind.service
2026-10-04T22:02:43.3794024Z  systemctl restart walinuxagent.service
2026-10-04T22:02:43.3794204Z 
2026-10-04T22:02:43.3794310Z No containers need to be restarted.
2026-10-04T22:02:43.3794666Z 
2026-10-04T22:02:43.3795106Z User sessions running outdated binaries:
2026-10-04T22:02:43.3795668Z  runner @ user manager service: systemd[1236]
2026-10-04T22:02:43.3878996Z 
2026-10-04T22:02:43.3879684Z No VM guests are running outdated hypervisor (qemu) binaries on this host.
2026-10-04T22:02:44.5245043Z ##[group]Run actions/download-artifact@3e5f45b2cfb9172054b4087a40e8e0b5a5461e7c
2026-10-04T22:02:44.5245516Z with:
2026-10-04T22:02:44.5245695Z   name: ci-build-arm64
2026-10-04T22:02:44.5245914Z   path: /home/runner/work/_temp/ci-build
2026-10-04T22:02:44.5246165Z   merge-multiple: false
2026-10-04T22:02:44.5246373Z   repository: eloqdata/lavik
2026-10-04T22:02:44.5246590Z   run-id: 37237724710
2026-10-04T22:02:44.5246785Z   skip-decompress: false
2026-10-04T22:02:44.5246992Z   digest-mismatch: error
2026-10-04T22:02:44.5247186Z env:
2026-10-04T22:02:44.5247503Z   PYTHONPATH: /home/runner/work/lavik/lavik/build_ci/test_tools/redis_py
2026-10-04T22:02:44.5247848Z   GOTOOLCHAIN: local
2026-10-04T22:02:44.5248036Z ##[endgroup]
2026-10-04T22:02:44.6377773Z Downloading single artifact
2026-10-04T22:02:44.7373164Z Preparing to download the following artifacts:
2026-10-04T22:02:44.7373947Z - ci-build-arm64 (ID: 11315838293, Size: 697428629, Expected Digest: sha256:e5844a639fae2d9534044ea93fc922eaf6c0372d7552875b1ac3709862b7bdf6)
2026-10-04T22:02:44.8701536Z Redirecting to blob download url: https://productionresultssa3.blob.core.windows.net/actions-results/082a6a07-38ed-8cd0-83fd-8331dbe90ddc/workflow-job-run-5edbef49-aa5a-5553-a825-1db42c1b51d2/artifacts/7bb5f06eea2576c73442d51f5183ca756bff64318b614cf43b2784045c2b3a2c.zip
2026-10-04T22:02:44.8702763Z Starting download of artifact to: /home/runner/work/_temp/ci-build
2026-10-04T22:02:44.9557392Z (node:3062) [DEP0005] DeprecationWarning: Buffer() is deprecated due to security and usability issues. Please use the Buffer.alloc(), Buffer.allocUnsafe(), or Buffer.from() methods instead.
2026-10-04T22:02:44.9558302Z (Use `node --trace-deprecation ...` to show where the warning was created)
2026-10-04T22:02:50.8099177Z SHA256 digest of downloaded artifact is e5844a639fae2d9534044ea93fc922eaf6c0372d7552875b1ac3709862b7bdf6
2026-10-04T22:02:50.8099731Z Artifact download completed successfully.
2026-10-04T22:02:50.8100065Z Total of 1 artifact(s) downloaded
2026-10-04T22:02:50.8105798Z Download artifact has finished successfully
2026-10-04T22:02:50.8202028Z ##[group]Run tar --zstd -xf "$RUNNER_TEMP/ci-build/ci-build.tar.zst"
2026-10-04T22:02:50.8202547Z [36;1mtar --zstd -xf "$RUNNER_TEMP/ci-build/ci-build.tar.zst"[0m
2026-10-04T22:02:50.8202946Z [36;1mpython3 scripts/ci_build_bundle.py validate build_ci[0m
2026-10-04T22:02:50.8203376Z [36;1mecho "$GITHUB_WORKSPACE/build_ci/test_tools/redis" >> "$GITHUB_PATH"[0m
2026-10-04T22:02:50.8203868Z [36;1mecho "$GITHUB_WORKSPACE/build_ci/test_tools/redis-shake" >> "$GITHUB_PATH"[0m
2026-10-04T22:02:50.8240539Z shell: /usr/bin/bash --noprofile --norc -e -o pipefail {0}
2026-10-04T22:02:50.8240863Z env:
2026-10-04T22:02:50.8241146Z   PYTHONPATH: /home/runner/work/lavik/lavik/build_ci/test_tools/redis_py
2026-10-04T22:02:50.8241503Z   GOTOOLCHAIN: local
2026-10-04T22:02:50.8241698Z ##[endgroup]
2026-10-04T22:02:58.0361585Z Validated /home/runner/work/lavik/lavik/build_ci: 1697 CTest cases
2026-10-04T22:02:58.0459732Z ##[group]Run sudo sysctl -w kernel.io_uring_disabled=0
2026-10-04T22:02:58.0460197Z [36;1msudo sysctl -w kernel.io_uring_disabled=0[0m
2026-10-04T22:02:58.0460544Z [36;1msudo install -d -o "$(id -u)" -g "$(id -g)" /mnt/dev[0m
2026-10-04T22:02:58.0495171Z shell: /usr/bin/bash --noprofile --norc -e -o pipefail {0}
2026-10-04T22:02:58.0495492Z env:
2026-10-04T22:02:58.0495781Z   PYTHONPATH: /home/runner/work/lavik/lavik/build_ci/test_tools/redis_py
2026-10-04T22:02:58.0496133Z   GOTOOLCHAIN: local
2026-10-04T22:02:58.0496326Z ##[endgroup]
2026-10-04T22:02:58.0659506Z kernel.io_uring_disabled = 0
2026-10-04T22:02:58.0969144Z ##[group]Run sudo prlimit --pid "$$" --memlock=unlimited
2026-10-04T22:02:58.0969618Z [36;1msudo prlimit --pid "$$" --memlock=unlimited[0m
2026-10-04T22:02:58.0970006Z [36;1m# Each shard has an isolated VM and remains serial internally, so[0m
2026-10-04T22:02:58.0970475Z [36;1m# fixed ports, large fixtures, and timing-sensitive faults cannot race.[0m
2026-10-04T22:02:58.0970933Z [36;1mscratch_image=$(mktemp "$RUNNER_TEMP/lavik-ci-gate.XXXXXX")[0m
2026-10-04T22:02:58.0971295Z [36;1mscratch_device=[0m
2026-10-04T22:02:58.0971507Z [36;1mcleanup() {[0m
2026-10-04T22:02:58.0971732Z [36;1m  if [[ -n "$scratch_device" ]]; then[0m
2026-10-04T22:02:58.0972035Z [36;1m    sudo losetup --detach "$scratch_device"[0m
2026-10-04T22:02:58.0972306Z [36;1m  fi[0m
2026-10-04T22:02:58.0972495Z [36;1m  rm -f -- "$scratch_image"[0m
2026-10-04T22:02:58.0972729Z [36;1m}[0m
2026-10-04T22:02:58.0972907Z [36;1mtrap cleanup EXIT[0m
2026-10-04T22:02:58.0973171Z [36;1mtruncate -s 16M "$scratch_image"[0m
2026-10-04T22:02:58.0973519Z [36;1mscratch_device=$(sudo losetup --find --show "$scratch_image")[0m
2026-10-04T22:02:58.0973896Z [36;1mexport LAVIK_CLUSTER_HARDWARE_OPT_IN=1[0m
2026-10-04T22:02:58.0974240Z [36;1mexport LAVIK_CLUSTER_SCRATCH_DEVICE="$scratch_device"[0m
2026-10-04T22:02:58.0975039Z [36;1m./scripts/run_ci_tests.sh build_ci --shard-index "$SHARD_INDEX" --shard-count 6[0m
2026-10-04T22:02:58.1010984Z shell: /usr/bin/bash --noprofile --norc -e -o pipefail {0}
2026-10-04T22:02:58.1011322Z env:
2026-10-04T22:02:58.1011609Z   PYTHONPATH: /home/runner/work/lavik/lavik/build_ci/test_tools/redis_py
2026-10-04T22:02:58.1011962Z   GOTOOLCHAIN: local
2026-10-04T22:02:58.1012159Z   SHARD_INDEX: 4
2026-10-04T22:02:58.1012337Z ##[endgroup]
2026-10-04T22:02:58.3536915Z Discovered 1697 CTest cases and 4 external suites; inventory 49c96811fc8c0098b33eb2899e3ba4b71c2ae2ab7c8f664a6ad50e8d31ffa831
2026-10-04T22:02:58.3537541Z Shard 0/6: 291 items, estimated 29.9 minutes
2026-10-04T22:02:58.3537878Z Shard 1/6: 268 items, estimated 29.9 minutes
2026-10-04T22:02:58.3538180Z Shard 2/6: 293 items, estimated 29.9 minutes
2026-10-04T22:02:58.3538467Z Shard 3/6: 291 items, estimated 29.9 minutes
2026-10-04T22:02:58.3538758Z Shard 4/6: 291 items, estimated 29.9 minutes
2026-10-04T22:02:58.3539044Z Shard 5/6: 267 items, estimated 29.9 minutes
2026-10-04T22:02:58.3539548Z Selected shard 4; full manifest: /home/runner/work/lavik/lavik/build_ci/test-results/shard-4-of-6/plan.json
2026-10-04T22:02:58.3618486Z Internal ctest changing into directory: /home/runner/work/lavik/lavik/build_ci
2026-10-04T22:02:58.3619516Z Test project /home/runner/work/lavik/lavik/build_ci
2026-10-04T22:02:58.4462352Z         Start    1: cluster_model.ManualClockTest.MovesOnlyForward
2026-10-04T22:02:58.4485405Z   1/290 Test    #1: cluster_model.ManualClockTest.MovesOnlyForward ..........................................................................................................   Passed    0.00 sec
2026-10-04T22:02:58.4486530Z         Start    4: cluster_model.ControlPlaneReferenceMachineTest.ReplaysIdempotentlyAndRejectsForks
2026-10-04T22:02:58.4506279Z   2/290 Test    #4: cluster_model.ControlPlaneReferenceMachineTest.ReplaysIdempotentlyAndRejectsForks .......................................................................   Passed    0.00 sec
2026-10-04T22:02:58.4507361Z         Start    9: cluster_model.ScenarioRunnerTest.SameSeedProducesByteIdenticalTrace
2026-10-04T22:02:58.4530799Z   3/290 Test    #9: cluster_model.ScenarioRunnerTest.SameSeedProducesByteIdenticalTrace .....................................................................................   Passed    0.00 sec
2026-10-04T22:02:58.4532175Z         Start   22: cluster_model.ClusterInvariantTest.RejectsEveryIncompleteReadinessProof
2026-10-04T22:02:58.4552654Z   4/290 Test   #22: cluster_model.ClusterInvariantTest.RejectsEveryIncompleteReadinessProof .................................................................................   Passed    0.00 sec
2026-10-04T22:02:58.4554197Z         Start   25: cluster_model.ClusterInvariantTest.AcceptsQuiescentFailedStoppedPopulation
2026-10-04T22:02:58.4573402Z   5/290 Test   #25: cluster_model.ClusterInvariantTest.AcceptsQuiescentFailedStoppedPopulation ..............................................................................   Passed    0.00 sec
2026-10-04T22:02:58.4575245Z         Start   36: cluster_model.RequiredFaults/CounterexampleTest.GeneratesReplaysAndMinimizesStableFinding/(1-byte object <06>, "function.catalog-durable-before-ack")
2026-10-04T22:02:58.4596513Z   6/290 Test   #36: cluster_model.RequiredFaults/CounterexampleTest.GeneratesReplaysAndMinimizesStableFinding/(1-byte object <06>, "function.catalog-durable-before-ack") ...   Passed    0.00 sec
2026-10-04T22:02:58.4597696Z         Start   41: cluster_status.ClusterCreateManifestTest.RequiresExplicitClientServiceMode
2026-10-04T22:02:58.4632015Z   7/290 Test   #41: cluster_status.ClusterCreateManifestTest.RequiresExplicitClientServiceMode ..............................................................................   Passed    0.00 sec
2026-10-04T22:02:58.4633167Z         Start   47: cluster_status.ClusterCreateManifestTest.InputOrderCannotChangeNormalizedWire
2026-10-04T22:02:58.4664634Z   8/290 Test   #47: cluster_status.ClusterCreateManifestTest.InputOrderCannotChangeNormalizedWire ...........................................................................   Passed    0.00 sec
2026-10-04T22:02:58.4665994Z         Start   49: cluster_status.ClusterCreateManifestTest.RejectsDuplicateMetaIdentityAndEndpoints
2026-10-04T22:02:58.4697007Z   9/290 Test   #49: cluster_status.ClusterCreateManifestTest.RejectsDuplicateMetaIdentityAndEndpoints .......................................................................   Passed    0.00 sec
2026-10-04T22:02:58.4698662Z         Start   58: cluster_status.ClusterCreateProtocolTest.RejectsOldPersistedIntentFormat
2026-10-04T22:02:58.4721534Z  10/290 Test   #58: cluster_status.ClusterCreateProtocolTest.RejectsOldPersistedIntentFormat ................................................................................   Passed    0.00 sec
2026-10-04T22:02:58.4723022Z         Start   64: cluster_status.ClusterCreateOperatorTest.DoesNotWaitForRuntimeReadiness
2026-10-04T22:02:58.4765128Z  11/290 Test   #64: cluster_status.ClusterCreateOperatorTest.DoesNotWaitForRuntimeReadiness .................................................................................   Passed    0.00 sec
2026-10-04T22:02:58.4766615Z         Start   73: cluster_status.MetaClusterStatusWireTest.RejectsInconsistentLeaderIdentity
2026-10-04T22:02:58.4791102Z  12/290 Test   #73: cluster_status.MetaClusterStatusWireTest.RejectsInconsistentLeaderIdentity ..............................................................................   Passed    0.00 sec
2026-10-04T22:02:58.4792296Z         Start   76: cluster_status.MetaClusterStatusOperatorTest.RejectsPartialTlsEvenForUnixLeader
2026-10-04T22:02:58.4815522Z  13/290 Test   #76: cluster_status.MetaClusterStatusOperatorTest.RejectsPartialTlsEvenForUnixLeader .........................................................................   Passed    0.00 sec
2026-10-04T22:02:58.4816683Z         Start   84: cluster_status.MetaClusterStatusRenderTest.JsonUsesStableArraysAndStringU64
2026-10-04T22:02:58.4840030Z  14/290 Test   #84: cluster_status.MetaClusterStatusRenderTest.JsonUsesStableArraysAndStringU64 .............................................................................   Passed    0.00 sec
2026-10-04T22:02:58.4841694Z         Start   91: cluster_status.MetaFailoverOperatorTest.DistinguishesDefinitelyNotSentFromUncertain
2026-10-04T22:02:58.4866999Z  15/290 Test   #91: cluster_status.MetaFailoverOperatorTest.DistinguishesDefinitelyNotSentFromUncertain .....................................................................   Passed    0.00 sec
2026-10-04T22:02:58.4868898Z         Start   98: meta.MetaDataControlLifecycleDeathTest.RejectedLeaderStartNotificationFailsStop
2026-10-04T22:02:59.1325758Z  16/290 Test   #98: meta.MetaDataControlLifecycleDeathTest.RejectedLeaderStartNotificationFailsStop .........................................................................   Passed    0.64 sec
2026-10-04T22:02:59.1329910Z         Start  100: meta.MetaAutomaticFailoverDiagnosticsRegistryTest.PublishesOneAtomicGroupSortedGenerationCut
2026-10-04T22:02:59.1392177Z  17/290 Test  #100: meta.MetaAutomaticFailoverDiagnosticsRegistryTest.PublishesOneAtomicGroupSortedGenerationCut ............................................................   Passed    0.01 sec
2026-10-04T22:02:59.1393836Z         Start  110: meta.MetaAutomaticFailoverStateMachineTest.MonotonicClockRegressionDiscardsElapsedTime
2026-10-04T22:02:59.1460358Z  18/290 Test  #110: meta.MetaAutomaticFailoverStateMachineTest.MonotonicClockRegressionDiscardsElapsedTime ..................................................................   Passed    0.01 sec
2026-10-04T22:02:59.1461706Z         Start  113: meta.MetaAutomaticFailoverStateMachineTest.DiagnosticCodesAreStable
2026-10-04T22:02:59.1526897Z  19/290 Test  #113: meta.MetaAutomaticFailoverStateMachineTest.DiagnosticCodesAreStable .....................................................................................   Passed    0.01 sec
2026-10-04T22:02:59.1528352Z         Start  120: meta.MetaAutomaticFailoverReconcilerTest.EligibilityLossBetweenPollsRepeatsWarmupAndAFullDebounce
2026-10-04T22:02:59.8130503Z  20/290 Test  #120: meta.MetaAutomaticFailoverReconcilerTest.EligibilityLossBetweenPollsRepeatsWarmupAndAFullDebounce .......................................................   Passed    0.66 sec
2026-10-04T22:02:59.8132049Z         Start  126: meta.MetaAutomaticFailoverReconcilerTest.OrdinaryHeartbeatsCannotKeepMissingCausalConfirmationPendingForever
2026-10-04T22:03:00.7096224Z  21/290 Test  #126: meta.MetaAutomaticFailoverReconcilerTest.OrdinaryHeartbeatsCannotKeepMissingCausalConfirmationPendingForever ............................................   Passed    0.90 sec
2026-10-04T22:03:00.7097674Z         Start  127: meta.MetaAutomaticFailoverReconcilerTest.StaleProjectionCannotHideKnownExpiredOwnerLease
2026-10-04T22:03:01.5765853Z  22/290 Test  #127: meta.MetaAutomaticFailoverReconcilerTest.StaleProjectionCannotHideKnownExpiredOwnerLease ................................................................   Passed    0.87 sec
2026-10-04T22:03:01.5767417Z         Start  136: meta.ClusterCreateTlsRecoveryTest.RecoversRegistrationAndProjectsTlsPorts
2026-10-04T22:03:01.9857112Z  23/290 Test  #136: meta.ClusterCreateTlsRecoveryTest.RecoversRegistrationAndProjectsTlsPorts ...............................................................................   Passed    0.41 sec
2026-10-04T22:03:01.9858273Z         Start  146: meta.ClusterCreateV1RecoveryTest.LaterFailurePreemptsEarlierRunnableChild
2026-10-04T22:03:02.9687395Z  24/290 Test  #146: meta.ClusterCreateV1RecoveryTest.LaterFailurePreemptsEarlierRunnableChild ...............................................................................   Passed    0.98 sec
2026-10-04T22:03:02.9688740Z         Start  153: meta.ClusterCreateV1RecoveryTest.SourceHistoryChangeWhileRebuildingFencesItsGroupAndAbortsRoot
2026-10-04T22:03:03.7448773Z  25/290 Test  #153: meta.ClusterCreateV1RecoveryTest.SourceHistoryChangeWhileRebuildingFencesItsGroupAndAbortsRoot ..........................................................   Passed    0.78 sec
2026-10-04T22:03:03.7450206Z         Start  154: meta.ClusterCreateV1RecoveryTest.PrimaryRestartBeforeDirectiveDispatchDoesNotIssueStaleInitialization
2026-10-04T22:03:04.3587920Z  26/290 Test  #154: meta.ClusterCreateV1RecoveryTest.PrimaryRestartBeforeDirectiveDispatchDoesNotIssueStaleInitialization ...................................................   Passed    0.61 sec
2026-10-04T22:03:04.3589102Z         Start  165: meta.MembershipRecoveryTest.AddRestoresEveryCommittedPrefix
2026-10-04T22:03:04.4161879Z  27/290 Test  #165: meta.MembershipRecoveryTest.AddRestoresEveryCommittedPrefix .............................................................................................   Passed    0.06 sec
2026-10-04T22:03:04.4163403Z         Start  167: meta.MembershipRecoveryTest.MissingInviteResultKeepsOriginalIdentity
2026-10-04T22:03:04.4789078Z  28/290 Test  #167: meta.MembershipRecoveryTest.MissingInviteResultKeepsOriginalIdentity ....................................................................................   Passed    0.06 sec
2026-10-04T22:03:04.4790536Z         Start  178: meta.MetaCoordinatorComponentTest.ProposeWithoutServerFailsFast
2026-10-04T22:03:04.4871715Z  29/290 Test  #178: meta.MetaCoordinatorComponentTest.ProposeWithoutServerFailsFast .........................................................................................   Passed    0.01 sec
2026-10-04T22:03:04.4872978Z         Start  180: meta.MetaCoordinatorServerTest.ApplicationRoutesRejectKnownRaftSocket
2026-10-04T22:03:06.4055053Z  30/290 Test  #180: meta.MetaCoordinatorServerTest.ApplicationRoutesRejectKnownRaftSocket ...................................................................................   Passed    1.92 sec
2026-10-04T22:03:06.4056120Z         Start  185: meta.MetaCoordinatorServerTest.FailSafeSnapshotFailureGate
2026-10-04T22:03:06.7012895Z  31/290 Test  #185: meta.MetaCoordinatorServerTest.FailSafeSnapshotFailureGate ..............................................................................................   Passed    0.30 sec
2026-10-04T22:03:06.7014536Z         Start  196: meta.MetaCoordinatorServerTest.ReconcilerSurvivesServerRestartWithoutDuplicateSubmit
2026-10-04T22:03:07.1102079Z  32/290 Test  #196: meta.MetaCoordinatorServerTest.ReconcilerSurvivesServerRestartWithoutDuplicateSubmit ....................................................................   Passed    0.41 sec
2026-10-04T22:03:07.1105472Z         Start  203: meta.MetaCandidatePlanTest.UncontrolledSelectionFallsBackAfterNewestDomainDisappears
2026-10-04T22:03:07.1170789Z  33/290 Test  #203: meta.MetaCandidatePlanTest.UncontrolledSelectionFallsBackAfterNewestDomainDisappears ....................................................................   Passed    0.01 sec
2026-10-04T22:03:07.1172447Z         Start  207: meta.MetaCandidatePlanTest.MissingHeartbeatCandidateWithdrawsBeforeTtl
2026-10-04T22:03:07.1240752Z  34/290 Test  #207: meta.MetaCandidatePlanTest.MissingHeartbeatCandidateWithdrawsBeforeTtl ..................................................................................   Passed    0.01 sec
2026-10-04T22:03:07.1241881Z         Start  212: meta.MetaControlProjector.ProjectsCurrentGrantActivationActionIdentity
2026-10-04T22:03:07.1387069Z  35/290 Test  #212: meta.MetaControlProjector.ProjectsCurrentGrantActivationActionIdentity ..................................................................................   Passed    0.01 sec
2026-10-04T22:03:07.1388295Z         Start  218: meta.MetaControlProjector.FencedGroupProjectsCommittedOwnerRoleWithoutAnActiveGrant
2026-10-04T22:03:07.1539666Z  36/290 Test  #218: meta.MetaControlProjector.FencedGroupProjectsCommittedOwnerRoleWithoutAnActiveGrant .....................................................................   Passed    0.01 sec
2026-10-04T22:03:07.1540805Z         Start  225: meta.MetaDirectiveResultQueueTest.BoundsAggregateAcrossSessions
2026-10-04T22:03:07.1658323Z  37/290 Test  #225: meta.MetaDirectiveResultQueueTest.BoundsAggregateAcrossSessions .........................................................................................   Passed    0.01 sec
2026-10-04T22:03:07.1659608Z         Start  234: meta.MetaPublisherAdoptionGateTest.HoldsFollowingHeartbeatUntilPublisherAdoptsAppliedProjection
2026-10-04T22:03:07.1727253Z  38/290 Test  #234: meta.MetaPublisherAdoptionGateTest.HoldsFollowingHeartbeatUntilPublisherAdoptsAppliedProjection .........................................................   Passed    0.01 sec
2026-10-04T22:03:07.1730552Z         Start  237: meta.MetaDataControlLeaseTest.LeaderLocalValidityRebuildsTheResolvedProjectionWithoutCommittedInput
2026-10-04T22:03:07.1796319Z  39/290 Test  #237: meta.MetaDataControlLeaseTest.LeaderLocalValidityRebuildsTheResolvedProjectionWithoutCommittedInput .....................................................   Passed    0.01 sec
2026-10-04T22:03:07.1799425Z         Start  240: meta.MetaDataControlLeaseTest.NewBootAndLeaderResetRestartHandoffWait
2026-10-04T22:03:07.1863147Z  40/290 Test  #240: meta.MetaDataControlLeaseTest.NewBootAndLeaderResetRestartHandoffWait ...................................................................................   Passed    0.01 sec
2026-10-04T22:03:07.1864293Z         Start  251: meta.MetaDataControlProjectionLimitTest.ChargesResizesMovesAndReleases
2026-10-04T22:03:07.1930331Z  41/290 Test  #251: meta.MetaDataControlProjectionLimitTest.ChargesResizesMovesAndReleases ..................................................................................   Passed    0.01 sec
2026-10-04T22:03:07.1931525Z         Start  259: meta.MetaDataControlDirectoryTest.CanonicalizesIpv6ForReplayAndCommittedDirectory
2026-10-04T22:03:07.2024797Z  42/290 Test  #259: meta.MetaDataControlDirectoryTest.CanonicalizesIpv6ForReplayAndCommittedDirectory .......................................................................   Passed    0.01 sec
2026-10-04T22:03:07.2027796Z         Start  262: meta.MetaDataControlFenceTest.SupersededInitialOrIntermediateProjectionMustAbortBeforeDirectives
2026-10-04T22:03:07.2089763Z  43/290 Test  #262: meta.MetaDataControlFenceTest.SupersededInitialOrIntermediateProjectionMustAbortBeforeDirectives ........................................................   Passed    0.01 sec
2026-10-04T22:03:07.2091149Z         Start  264: meta.MetaHeartbeatObservationTest.HigherSequenceConfirmsOnlyTheExactPriorGrantedOwnerLease
2026-10-04T22:03:07.2156756Z  44/290 Test  #264: meta.MetaHeartbeatObservationTest.HigherSequenceConfirmsOnlyTheExactPriorGrantedOwnerLease ..............................................................   Passed    0.01 sec
2026-10-04T22:03:07.2158265Z         Start  273: meta.MetaFailoverTransitionApply.ControlValidationRejectionRestoresAuthorityPreemptedOperationAndDirectives
2026-10-04T22:03:07.2250824Z  45/290 Test  #273: meta.MetaFailoverTransitionApply.ControlValidationRejectionRestoresAuthorityPreemptedOperationAndDirectives .............................................   Passed    0.01 sec
2026-10-04T22:03:07.2252412Z         Start  275: meta.MetaFailoverTransitionApply.AutomaticBeginPreemptsAllRequestsPresentAtApplyNotOnlyItsHint
2026-10-04T22:03:07.2339302Z  46/290 Test  #275: meta.MetaFailoverTransitionApply.AutomaticBeginPreemptsAllRequestsPresentAtApplyNotOnlyItsHint ..........................................................   Passed    0.01 sec
2026-10-04T22:03:07.2341266Z         Start  280: meta.MetaFailoverTransitionApply.BeginUncontrolledRejectsStaleTermAnchorWithoutMutation
2026-10-04T22:03:07.2430336Z  47/290 Test  #280: meta.MetaFailoverTransitionApply.BeginUncontrolledRejectsStaleTermAnchorWithoutMutation .................................................................   Passed    0.01 sec
2026-10-04T22:03:07.2431909Z         Start  295: meta.MetaFailoverTransitionW2.PreBeginTypedAbortTerminatesOnlyItsOperationAndSurvivesUnrelatedState
2026-10-04T22:03:07.2528383Z  48/290 Test  #295: meta.MetaFailoverTransitionW2.PreBeginTypedAbortTerminatesOnlyItsOperationAndSurvivesUnrelatedState .....................................................   Passed    0.01 sec
2026-10-04T22:03:07.2529735Z         Start  299: meta.MetaFailoverTransitionW2.ControlledCommitAtomicallyCutsOverAndCompletesItsOperation
2026-10-04T22:03:07.2627482Z  49/290 Test  #299: meta.MetaFailoverTransitionW2.ControlledCommitAtomicallyCutsOverAndCompletesItsOperation ................................................................   Passed    0.01 sec
2026-10-04T22:03:07.2628836Z         Start  311: meta.MetaFailoverObservationStore.ActionFailureRequiresExactCurrentPopulationAndBoundedDetail
2026-10-04T22:03:07.2696237Z  50/290 Test  #311: meta.MetaFailoverObservationStore.ActionFailureRequiresExactCurrentPopulationAndBoundedDetail ...........................................................   Passed    0.01 sec
2026-10-04T22:03:07.2698072Z         Start  313: meta.MetaFailoverObservationTest.RecoveryCompletionRequiresExactDeadlineAndCompleteVector
2026-10-04T22:03:07.2766612Z  51/290 Test  #313: meta.MetaFailoverObservationTest.RecoveryCompletionRequiresExactDeadlineAndCompleteVector ...............................................................   Passed    0.01 sec
2026-10-04T22:03:07.2768417Z         Start  317: meta.MetaFailoverReconcilerPlannerTest.ZeroBudgetStillRequiresRecoveryCompletionAndOverflowIsRejected
2026-10-04T22:03:07.2952863Z  52/290 Test  #317: meta.MetaFailoverReconcilerPlannerTest.ZeroBudgetStillRequiresRecoveryCompletionAndOverflowIsRejected ...................................................   Passed    0.02 sec
2026-10-04T22:03:07.2954339Z         Start  318: meta.MetaFailoverReconcilerPlannerTest.SubmittedControlledOperationBeginsWithExactCommittedAnchors
2026-10-04T22:03:07.3065985Z  53/290 Test  #318: meta.MetaFailoverReconcilerPlannerTest.SubmittedControlledOperationBeginsWithExactCommittedAnchors ......................................................   Passed    0.01 sec
2026-10-04T22:03:07.3067414Z         Start  321: meta.MetaFailoverReconcilerPlannerTest.ControlledCandidateDisconnectAbortsWhileSourceIsInGrace
2026-10-04T22:03:07.3205779Z  54/290 Test  #321: meta.MetaFailoverReconcilerPlannerTest.ControlledCandidateDisconnectAbortsWhileSourceIsInGrace ..........................................................   Passed    0.01 sec
2026-10-04T22:03:07.3207237Z         Start  325: meta.MetaFailoverReconcilerPlannerTest.ControlledSourceFailureDegradesEvenWhenCandidateAlsoFails
2026-10-04T22:03:07.3345591Z  55/290 Test  #325: meta.MetaFailoverReconcilerPlannerTest.ControlledSourceFailureDegradesEvenWhenCandidateAlsoFails ........................................................   Passed    0.01 sec
2026-10-04T22:03:07.3347110Z         Start  329: meta.MetaFailoverReconcilerPlannerTest.AuthorizedControlledActionWaitsThroughExactNoRoleHeartbeatUntilFailure
2026-10-04T22:03:07.3531636Z  56/290 Test  #329: meta.MetaFailoverReconcilerPlannerTest.AuthorizedControlledActionWaitsThroughExactNoRoleHeartbeatUntilFailure ...........................................   Passed    0.02 sec
2026-10-04T22:03:07.3533159Z         Start  336: meta.MetaFailoverReconcilerPlannerTest.NewLeaderRebuildsFromCommittedTransitionAfterObservationWarmup
2026-10-04T22:03:07.3696183Z  57/290 Test  #336: meta.MetaFailoverReconcilerPlannerTest.NewLeaderRebuildsFromCommittedTransitionAfterObservationWarmup ...................................................   Passed    0.02 sec
2026-10-04T22:03:07.3697852Z         Start  351: meta.MetaFailoverValidationTest.AcceptsOnlyCanonicalRequestOnlySubmit
2026-10-04T22:03:07.3870072Z  58/290 Test  #351: meta.MetaFailoverValidationTest.AcceptsOnlyCanonicalRequestOnlySubmit ...................................................................................   Passed    0.02 sec
2026-10-04T22:03:07.3871726Z         Start  357: meta.MetaFailoverValidationTest.RejectsUncontrolledCandidateClearWhenNoActionIsInstalled
2026-10-04T22:03:07.3973168Z  59/290 Test  #357: meta.MetaFailoverValidationTest.RejectsUncontrolledCandidateClearWhenNoActionIsInstalled ................................................................   Passed    0.01 sec
2026-10-04T22:03:07.3974561Z         Start  365: meta.MetaFailoverValidationTest.RejectsControlledCommitWhenDisconnectedActionRepreparesAfterPlanning
2026-10-04T22:03:07.4156893Z  60/290 Test  #365: meta.MetaFailoverValidationTest.RejectsControlledCommitWhenDisconnectedActionRepreparesAfterPlanning ....................................................   Passed    0.02 sec
2026-10-04T22:03:07.4158112Z         Start  373: meta.MetaAuditStore.DefaultBoundedWindowRotatesAndReportsLoss
2026-10-04T22:03:07.4227044Z  61/290 Test  #373: meta.MetaAuditStore.DefaultBoundedWindowRotatesAndReportsLoss ...........................................................................................   Passed    0.01 sec
2026-10-04T22:03:07.4228767Z         Start  382: meta.MetaAuditStore.RetainedCopyCanBeReadWhileOriginalChanges
2026-10-04T22:03:07.4463515Z  62/290 Test  #382: meta.MetaAuditStore.RetainedCopyCanBeReadWhileOriginalChanges ...........................................................................................   Passed    0.02 sec
2026-10-04T22:03:07.4464577Z         Start  384: meta.MetaAuditStore.MultiPageSnapshotKeepsCanonicalFlatEncoding
2026-10-04T22:03:07.4574191Z  63/290 Test  #384: meta.MetaAuditStore.MultiPageSnapshotKeepsCanonicalFlatEncoding .........................................................................................   Passed    0.01 sec
2026-10-04T22:03:07.4575893Z         Start  389: meta.MetaOperationStore.DuplicateSubmitIsIdempotentOnlyForSameIntent
2026-10-04T22:03:07.4645615Z  64/290 Test  #389: meta.MetaOperationStore.DuplicateSubmitIsIdempotentOnlyForSameIntent ....................................................................................   Passed    0.01 sec
2026-10-04T22:03:07.4646662Z         Start  394: meta.MetaOperationStore.TransitionRunsWithRevisionCas
2026-10-04T22:03:07.4715788Z  65/290 Test  #394: meta.MetaOperationStore.TransitionRunsWithRevisionCas ...................................................................................................   Passed    0.01 sec
2026-10-04T22:03:07.4716920Z         Start  398: meta.MetaOperationStore.ArchiveMovesTerminalOpsToTombstonesNonContiguously
2026-10-04T22:03:07.4786916Z  66/290 Test  #398: meta.MetaOperationStore.ArchiveMovesTerminalOpsToTombstonesNonContiguously ..............................................................................   Passed    0.01 sec
2026-10-04T22:03:07.4787950Z         Start  404: meta.MetaOperationStore.ReusedOrZeroSeqFailsStop
2026-10-04T22:03:07.9489250Z  67/290 Test  #404: meta.MetaOperationStore.ReusedOrZeroSeqFailsStop ........................................................................................................   Passed    0.47 sec
2026-10-04T22:03:07.9490311Z         Start  408: meta.MetaTopologyAuthority.CommandsOnUnknownGroupReject
2026-10-04T22:03:07.9564236Z  68/290 Test  #408: meta.MetaTopologyAuthority.CommandsOnUnknownGroupReject .................................................................................................   Passed    0.01 sec
2026-10-04T22:03:07.9565544Z         Start  417: meta.MetaModelEncoding.FixedWidthIntegersAreLittleEndian
2026-10-04T22:03:07.9637632Z  69/290 Test  #417: meta.MetaModelEncoding.FixedWidthIntegersAreLittleEndian ................................................................................................   Passed    0.01 sec
2026-10-04T22:03:07.9639162Z         Start  424: meta.MetaModelEncoding.StringLengthOverCapFails
2026-10-04T22:03:07.9706180Z  70/290 Test  #424: meta.MetaModelEncoding.StringLengthOverCapFails .........................................................................................................   Passed    0.01 sec
2026-10-04T22:03:07.9707232Z         Start  435: meta.MetaModelCommands.UnknownFormatVersionFails
2026-10-04T22:03:07.9776463Z  71/290 Test  #435: meta.MetaModelCommands.UnknownFormatVersionFails ........................................................................................................   Passed    0.01 sec
2026-10-04T22:03:07.9777378Z         Start  446: meta.MetaModelCommands.SetSlotMapRoundTrip
2026-10-04T22:03:07.9842370Z  72/290 Test  #446: meta.MetaModelCommands.SetSlotMapRoundTrip ..............................................................................................................   Passed    0.01 sec
2026-10-04T22:03:07.9843639Z         Start  448: meta.MetaModelCommands.BeginGroupTermRoundTrip
2026-10-04T22:03:07.9913534Z  73/290 Test  #448: meta.MetaModelCommands.BeginGroupTermRoundTrip ..........................................................................................................   Passed    0.01 sec
2026-10-04T22:03:07.9915950Z         Start  449: meta.MetaModelCommands.ActivateAuthorityRoundTrip
2026-10-04T22:03:07.9986696Z  74/290 Test  #449: meta.MetaModelCommands.ActivateAuthorityRoundTrip .......................................................................................................   Passed    0.01 sec
2026-10-04T22:03:07.9988059Z         Start  454: meta.MetaModelCommands.PutPolicyRoundTrip
2026-10-04T22:03:08.0057221Z  75/290 Test  #454: meta.MetaModelCommands.PutPolicyRoundTrip ...............................................................................................................   Passed    0.01 sec
2026-10-04T22:03:08.0058211Z         Start  467: meta.MetaModelCommands.EncodeRejectsOversizedCommand
2026-10-04T22:03:08.0285723Z  76/290 Test  #467: meta.MetaModelCommands.EncodeRejectsOversizedCommand ....................................................................................................   Passed    0.02 sec
2026-10-04T22:03:08.0286895Z         Start  468: meta.MetaModelCommands.DecodeRejectsOverCapLengthPrefix
2026-10-04T22:03:08.0356889Z  77/290 Test  #468: meta.MetaModelCommands.DecodeRejectsOverCapLengthPrefix .................................................................................................   Passed    0.01 sec
2026-10-04T22:03:08.0358398Z         Start  473: meta.MetaStateApply.ReplaySameIndexProducesSameVerdictStateAndAudit
2026-10-04T22:03:08.0435876Z  78/290 Test  #473: meta.MetaStateApply.ReplaySameIndexProducesSameVerdictStateAndAudit .....................................................................................   Passed    0.01 sec
2026-10-04T22:03:08.0437424Z         Start  477: meta.MetaStateApply.CreateGroupEpochMustBeExactlyNext
2026-10-04T22:03:08.0510786Z  79/290 Test  #477: meta.MetaStateApply.CreateGroupEpochMustBeExactlyNext ...................................................................................................   Passed    0.01 sec
2026-10-04T22:03:08.0512238Z         Start  495: meta.MetaStateApply.ActivateAuthorityReplaySameIndexIsIdempotent
2026-10-04T22:03:08.0616575Z  80/290 Test  #495: meta.MetaStateApply.ActivateAuthorityReplaySameIndexIsIdempotent ........................................................................................   Passed    0.01 sec
2026-10-04T22:03:08.0617698Z         Start  496: meta.MetaStateApply.FenceRequiresNewTermBeforeSameOwnerReauthorization
2026-10-04T22:03:08.0727772Z  81/290 Test  #496: meta.MetaStateApply.FenceRequiresNewTermBeforeSameOwnerReauthorization ..................................................................................   Passed    0.01 sec
2026-10-04T22:03:08.0729173Z         Start  499: meta.MetaStateApply.PreseededCurrentPoliciesRemainPristineAndSurviveGenesisAdmission
2026-10-04T22:03:08.0821141Z  82/290 Test  #499: meta.MetaStateApply.PreseededCurrentPoliciesRemainPristineAndSurviveGenesisAdmission ....................................................................   Passed    0.01 sec
2026-10-04T22:03:08.0823892Z         Start  505: meta.MetaStateApply.ClusterRootTerminalReplayRejectsEitherMissingHalf
2026-10-04T22:03:08.0935819Z  83/290 Test  #505: meta.MetaStateApply.ClusterRootTerminalReplayRejectsEitherMissingHalf ...................................................................................   Passed    0.01 sec
2026-10-04T22:03:08.0937462Z         Start  508: meta.MetaStateApply.MetaStoresDeserializeRejectsInactiveMembershipAndAnchorDrift
2026-10-04T22:03:08.1083844Z  84/290 Test  #508: meta.MetaStateApply.MetaStoresDeserializeRejectsInactiveMembershipAndAnchorDrift ........................................................................   Passed    0.01 sec
2026-10-04T22:03:08.1085304Z         Start  511: meta.MetaStateApply.SubmitOperationSeqIsLogIndexAndActorPersisted
2026-10-04T22:03:08.1162601Z  85/290 Test  #511: meta.MetaStateApply.SubmitOperationSeqIsLogIndexAndActorPersisted .......................................................................................   Passed    0.01 sec
2026-10-04T22:03:08.1163689Z         Start  516: meta.MetaStateApply.AuthorityAnchorMutationsInvalidateLiveDirectives
2026-10-04T22:03:08.1251645Z  86/290 Test  #516: meta.MetaStateApply.AuthorityAnchorMutationsInvalidateLiveDirectives ....................................................................................   Passed    0.01 sec
2026-10-04T22:03:08.1252772Z         Start  528: meta.MetaObservationStore.AdoptSessionRejectsEqualOrOlderGeneration
2026-10-04T22:03:08.1320948Z  87/290 Test  #528: meta.MetaObservationStore.AdoptSessionRejectsEqualOrOlderGeneration .....................................................................................   Passed    0.01 sec
2026-10-04T22:03:08.1322107Z         Start  530: meta.MetaObservationStore.OwnerObservationIsOneAtomicHeartbeatAndCausalLeaseCut
2026-10-04T22:03:08.1390650Z  88/290 Test  #530: meta.MetaObservationStore.OwnerObservationIsOneAtomicHeartbeatAndCausalLeaseCut .........................................................................   Passed    0.01 sec
2026-10-04T22:03:08.1391781Z         Start  540: meta.MetaObservationStore.IngestRejectsBootMismatchAndMissingSession
2026-10-04T22:03:08.1461564Z  89/290 Test  #540: meta.MetaObservationStore.IngestRejectsBootMismatchAndMissingSession ....................................................................................   Passed    0.01 sec
2026-10-04T22:03:08.1462675Z         Start  541: meta.MetaObservationStore.NewGenerationAtomicallyPurgesOldObservations
2026-10-04T22:03:08.1533627Z  90/290 Test  #541: meta.MetaObservationStore.NewGenerationAtomicallyPurgesOldObservations ..................................................................................   Passed    0.01 sec
2026-10-04T22:03:08.1535414Z         Start  547: meta.MetaObservationStore.CandidateRequiresExactReporterMembershipAndAssignment
2026-10-04T22:03:08.1605992Z  91/290 Test  #547: meta.MetaObservationStore.CandidateRequiresExactReporterMembershipAndAssignment .........................................................................   Passed    0.01 sec
2026-10-04T22:03:08.1607142Z         Start  559: meta.MetaObservationStore.EpochOnlyCommitRefiltersThenPurgesCandidate
2026-10-04T22:03:08.1678170Z  92/290 Test  #559: meta.MetaObservationStore.EpochOnlyCommitRefiltersThenPurgesCandidate ...................................................................................   Passed    0.01 sec
2026-10-04T22:03:08.1679266Z         Start  565: meta.MetaObservationStore.SessionCapacityRejectsOnlyNewNodeKeys
2026-10-04T22:03:08.1748588Z  93/290 Test  #565: meta.MetaObservationStore.SessionCapacityRejectsOnlyNewNodeKeys .........................................................................................   Passed    0.01 sec
2026-10-04T22:03:08.1750325Z         Start  568: meta.MetaOwnerServiceabilityTest.FullyCurrentOwnerWithCausalLeaseIsServiceable
2026-10-04T22:03:08.1819727Z  94/290 Test  #568: meta.MetaOwnerServiceabilityTest.FullyCurrentOwnerWithCausalLeaseIsServiceable ..........................................................................   Passed    0.01 sec
2026-10-04T22:03:08.1820902Z         Start  573: meta.MetaOwnerServiceabilityTest.UnserviceableReasonsHaveFixedFailurePrecedence
2026-10-04T22:03:08.1888050Z  95/290 Test  #573: meta.MetaOwnerServiceabilityTest.UnserviceableReasonsHaveFixedFailurePrecedence .........................................................................   Passed    0.01 sec
2026-10-04T22:03:08.1889214Z         Start  593: meta.MetaSentinelDiscoveryTest.ObservationGraceMasksOnlyNeverObserved
2026-10-04T22:03:08.1959271Z  96/290 Test  #593: meta.MetaSentinelDiscoveryTest.ObservationGraceMasksOnlyNeverObserved ...................................................................................   Passed    0.01 sec
2026-10-04T22:03:08.1960308Z         Start  599: meta.MetaSentinelDiscoveryTest.ReplicaFlagsSpelling
2026-10-04T22:03:08.2033201Z  97/290 Test  #599: meta.MetaSentinelDiscoveryTest.ReplicaFlagsSpelling .....................................................................................................   Passed    0.01 sec
2026-10-04T22:03:08.2034207Z         Start  600: meta.MetaSentinelDiscoveryTest.GenericClientParseInvariants
2026-10-04T22:03:08.2112706Z  98/290 Test  #600: meta.MetaSentinelDiscoveryTest.GenericClientParseInvariants .............................................................................................   Passed    0.01 sec
2026-10-04T22:03:08.2113837Z         Start  601: meta.PasswordAuthenticatorTest.IndependentPasswordsAndBinaryInput
2026-10-04T22:03:08.2193862Z  99/290 Test  #601: meta.PasswordAuthenticatorTest.IndependentPasswordsAndBinaryInput .......................................................................................   Passed    0.01 sec
2026-10-04T22:03:08.2195289Z         Start  602: meta.MetaSentinelServerTest.OutputLimitClosesConnectionAndShutdownIsIdempotent
2026-10-04T22:03:08.2533733Z 100/290 Test  #602: meta.MetaSentinelServerTest.OutputLimitClosesConnectionAndShutdownIsIdempotent ..........................................................................   Passed    0.03 sec
2026-10-04T22:03:08.2535301Z         Start  613: meta.MetaIdentitySecurity.MemberDescriptorRejectsMissingOrNoncanonicalFields
2026-10-04T22:03:08.2604863Z 101/290 Test  #613: meta.MetaIdentitySecurity.MemberDescriptorRejectsMissingOrNoncanonicalFields ............................................................................   Passed    0.01 sec
2026-10-04T22:03:08.2605985Z         Start  614: meta.MetaIdentitySecurity.RbacKeepsDataNodeAtItsObservationBoundary
2026-10-04T22:03:08.2672714Z 102/290 Test  #614: meta.MetaIdentitySecurity.RbacKeepsDataNodeAtItsObservationBoundary .....................................................................................   Passed    0.01 sec
2026-10-04T22:03:08.2673840Z         Start  616: meta.MetaIdentitySecurity.TcpAdminSupportsPlaintextOrCompleteMtls
2026-10-04T22:03:08.2742402Z 103/290 Test  #616: meta.MetaIdentitySecurity.TcpAdminSupportsPlaintextOrCompleteMtls .......................................................................................   Passed    0.01 sec
2026-10-04T22:03:08.2743529Z         Start  625: meta.MetaClusterStatusServiceTest.EnforcesSingleFlightAndRetainedBudget
2026-10-04T22:03:08.2811899Z 104/290 Test  #625: meta.MetaClusterStatusServiceTest.EnforcesSingleFlightAndRetainedBudget .................................................................................   Passed    0.01 sec
2026-10-04T22:03:08.2812977Z         Start  631: meta.MetaApplyResultTest.RejectsTagsAboveStartCandidateRecovery
2026-10-04T22:03:08.2882814Z 105/290 Test  #631: meta.MetaApplyResultTest.RejectsTagsAboveStartCandidateRecovery .........................................................................................   Passed    0.01 sec
2026-10-04T22:03:08.2884262Z         Start  633: meta.MetaStateMachineTest.CommitAppliesRealCommands
2026-10-04T22:03:08.2988668Z 106/290 Test  #633: meta.MetaStateMachineTest.CommitAppliesRealCommands .....................................................................................................   Passed    0.01 sec
2026-10-04T22:03:08.2989627Z         Start  636: meta.MetaStateMachineTest.UndecodableCommitFailsStop
2026-10-04T22:03:08.5461157Z 107/290 Test  #636: meta.MetaStateMachineTest.UndecodableCommitFailsStop ....................................................................................................   Passed    0.25 sec
2026-10-04T22:03:08.5462427Z         Start  644: meta.MetaStateMachineTest.RetainedStoresSurviveApplyAndSnapshotInstall
2026-10-04T22:03:08.5625819Z 108/290 Test  #644: meta.MetaStateMachineTest.RetainedStoresSurviveApplyAndSnapshotInstall ..................................................................................   Passed    0.02 sec
2026-10-04T22:03:08.5627085Z         Start  650: meta.MetaServerIntegrationTest.ShutdownJoinsAllCallbacks
2026-10-04T22:03:08.7990538Z 109/290 Test  #650: meta.MetaServerIntegrationTest.ShutdownJoinsAllCallbacks ................................................................................................   Passed    0.24 sec
2026-10-04T22:03:08.7991570Z         Start  653: meta.MetaIdentityStore.RegisterNodeConflictingContentRejected
2026-10-04T22:03:08.8066263Z 110/290 Test  #653: meta.MetaIdentityStore.RegisterNodeConflictingContentRejected ...........................................................................................   Passed    0.01 sec
2026-10-04T22:03:08.8067272Z         Start  657: meta.MetaIdentityStore.UpdateNodeAppliesWithCas
2026-10-04T22:03:08.8138351Z 111/290 Test  #657: meta.MetaIdentityStore.UpdateNodeAppliesWithCas .........................................................................................................   Passed    0.01 sec
2026-10-04T22:03:08.8139655Z         Start  664: meta.MetaIdentityStore.RetireNodeCasConflictAndUnknownRejected
2026-10-04T22:03:08.8212983Z 112/290 Test  #664: meta.MetaIdentityStore.RetireNodeCasConflictAndUnknownRejected ..........................................................................................   Passed    0.01 sec
2026-10-04T22:03:08.8214081Z         Start  671: meta.MetaTopologyStore.ClusterLifecycleBeginsAndCompletesIndependently
2026-10-04T22:03:08.8291689Z 113/290 Test  #671: meta.MetaTopologyStore.ClusterLifecycleBeginsAndCompletesIndependently ..................................................................................   Passed    0.01 sec
2026-10-04T22:03:08.8292738Z         Start  676: meta.MetaTopologyStore.CreateGroupReplayIsIdempotentAccept
2026-10-04T22:03:08.8370043Z 114/290 Test  #676: meta.MetaTopologyStore.CreateGroupReplayIsIdempotentAccept ..............................................................................................   Passed    0.01 sec
2026-10-04T22:03:08.8371642Z         Start  686: meta.MetaTopologyStore.AssignNodeToGroupCasConflictRejected
2026-10-04T22:03:08.8449007Z 115/290 Test  #686: meta.MetaTopologyStore.AssignNodeToGroupCasConflictRejected .............................................................................................   Passed    0.01 sec
2026-10-04T22:03:08.8450008Z         Start  690: meta.MetaTopologyStore.RemoveNodeFromGroupRemovesMember
2026-10-04T22:03:08.8526071Z 116/290 Test  #690: meta.MetaTopologyStore.RemoveNodeFromGroupRemovesMember .................................................................................................   Passed    0.01 sec
2026-10-04T22:03:08.8527094Z         Start  694: meta.MetaTopologyStore.SetSlotMapAssignsSlotsAndTopologyEpoch
2026-10-04T22:03:08.8606310Z 117/290 Test  #694: meta.MetaTopologyStore.SetSlotMapAssignsSlotsAndTopologyEpoch ...........................................................................................   Passed    0.01 sec
2026-10-04T22:03:08.8607397Z         Start  701: meta.MetaTopologyStore.SetSlotMapReplayIdempotentAndConflictRejected
2026-10-04T22:03:08.8699856Z 118/290 Test  #701: meta.MetaTopologyStore.SetSlotMapReplayIdempotentAndConflictRejected ....................................................................................   Passed    0.01 sec
2026-10-04T22:03:08.8700825Z         Start  707: meta.MetaTopologyStore.EmptyTopologyRoundTrip
2026-10-04T22:03:08.8800175Z 119/290 Test  #707: meta.MetaTopologyStore.EmptyTopologyRoundTrip ...........................................................................................................   Passed    0.01 sec
2026-10-04T22:03:08.8801270Z         Start  716: meta.MetaPolicyStore.RejectsUnregisteredPolicyAndInvalidCommandFields
2026-10-04T22:03:08.8874676Z 120/290 Test  #716: meta.MetaPolicyStore.RejectsUnregisteredPolicyAndInvalidCommandFields ...................................................................................   Passed    0.01 sec
2026-10-04T22:03:08.8875768Z         Start  724: meta.MetaPolicyStore.EmptyPolicyStoreRoundTrip
2026-10-04T22:03:08.8949668Z 121/290 Test  #724: meta.MetaPolicyStore.EmptyPolicyStoreRoundTrip ..........................................................................................................   Passed    0.01 sec
2026-10-04T22:03:08.8950871Z         Start  730: meta.AllActivePhases/ClusterCreateSiblingFailureTest.RetiresAllStartedWorkBeforeRootAbort/0
2026-10-04T22:03:09.5826815Z 122/290 Test  #730: meta.AllActivePhases/ClusterCreateSiblingFailureTest.RetiresAllStartedWorkBeforeRootAbort/0 .............................................................   Passed    0.69 sec
2026-10-04T22:03:09.5828306Z         Start  742: LocalSharedPtrDeathTest.RejectsForeignReleaseBeforeDecrementing
2026-10-04T22:03:09.6627926Z 123/290 Test  #742: LocalSharedPtrDeathTest.RejectsForeignReleaseBeforeDecrementing .........................................................................................   Passed    0.08 sec
2026-10-04T22:03:09.6629226Z         Start  744: BufferPoolTest.StorageWriteBufferWaiterIsReusable
2026-10-04T22:03:09.6754553Z 124/290 Test  #744: BufferPoolTest.StorageWriteBufferWaiterIsReusable .......................................................................................................   Passed    0.01 sec
2026-10-04T22:03:09.6755928Z         Start  754: ClusterAuthoritySnapshotTest.RecheckRejectsLeaseExpiredWithoutRepublication
2026-10-04T22:03:09.6846835Z 125/290 Test  #754: ClusterAuthoritySnapshotTest.RecheckRejectsLeaseExpiredWithoutRepublication .............................................................................   Passed    0.01 sec
2026-10-04T22:03:09.6848044Z         Start  755: ClusterAuthoritySnapshotTest.SingleKeylessDataAccessStillConsumesAuthority
2026-10-04T22:03:09.6941201Z 126/290 Test  #755: ClusterAuthoritySnapshotTest.SingleKeylessDataAccessStillConsumesAuthority ..............................................................................   Passed    0.01 sec
2026-10-04T22:03:09.6942514Z         Start  758: ClusterAuthoritySnapshotTest.SynchronousReadUsesCurrentLeaseAndPopulation
2026-10-04T22:03:09.7120567Z 127/290 Test  #758: ClusterAuthoritySnapshotTest.SynchronousReadUsesCurrentLeaseAndPopulation ...............................................................................   Passed    0.02 sec
2026-10-04T22:03:09.7122114Z         Start  760: ClusterAuthoritySnapshotTest.CachedSingleReadRejectsInvalidSlot
2026-10-04T22:03:09.7212458Z 128/290 Test  #760: ClusterAuthoritySnapshotTest.CachedSingleReadRejectsInvalidSlot .........................................................................................   Passed    0.01 sec
2026-10-04T22:03:09.7213786Z         Start  763: ClusterAuthoritySnapshotTest.ShorterRenewalExpiresAlreadyAdmittedWrite
2026-10-04T22:03:09.7329039Z 129/290 Test  #763: ClusterAuthoritySnapshotTest.ShorterRenewalExpiresAlreadyAdmittedWrite ..................................................................................   Passed    0.01 sec
2026-10-04T22:03:09.7330604Z         Start  767: ClusterAuthorityTest.ControlledPauseKeepsReadsButReturnsTryAgainForWrites
2026-10-04T22:03:09.7419779Z 130/290 Test  #767: ClusterAuthorityTest.ControlledPauseKeepsReadsButReturnsTryAgainForWrites ...............................................................................   Passed    0.01 sec
2026-10-04T22:03:09.7421070Z         Start  768: ClusterAuthorityTest.NullStateLoadsEverythingExceptAllowlist
2026-10-04T22:03:09.7487726Z 131/290 Test  #768: ClusterAuthorityTest.NullStateLoadsEverythingExceptAllowlist ............................................................................................   Passed    0.01 sec
2026-10-04T22:03:09.7488996Z         Start  770: ClusterAuthorityTest.KeyedReadinessIsPerGroup
2026-10-04T22:03:09.7579441Z 132/290 Test  #770: ClusterAuthorityTest.KeyedReadinessIsPerGroup ...........................................................................................................   Passed    0.01 sec
2026-10-04T22:03:09.7580838Z         Start  774: ClusterAuthorityTest.UnboundNonFirstSlotIsCrossSlot
2026-10-04T22:03:09.7670064Z 133/290 Test  #774: ClusterAuthorityTest.UnboundNonFirstSlotIsCrossSlot .....................................................................................................   Passed    0.01 sec
2026-10-04T22:03:09.7671291Z         Start  782: ClusterAuthorityTest.ReplicaWriteMovesRegardlessOfReadonly
2026-10-04T22:03:09.7759533Z 134/290 Test  #782: ClusterAuthorityTest.ReplicaWriteMovesRegardlessOfReadonly ..............................................................................................   Passed    0.01 sec
2026-10-04T22:03:09.7761009Z         Start  789: ClusterAuthorityTest.AuthorityUnchangedDetectsCoverageTransitions
2026-10-04T22:03:09.7888491Z 135/290 Test  #789: ClusterAuthorityTest.AuthorityUnchangedDetectsCoverageTransitions .......................................................................................   Passed    0.01 sec
2026-10-04T22:03:09.7889382Z         Start  792: GroupInFlightTest.CountsAndDrains
2026-10-04T22:03:09.7998091Z 136/290 Test  #792: GroupInFlightTest.CountsAndDrains .......................................................................................................................   Passed    0.01 sec
2026-10-04T22:03:09.7999315Z         Start  802: ClusterCommandTest.SubcommandErrorsMatchRedis
2026-10-04T22:03:09.8068382Z 137/290 Test  #802: ClusterCommandTest.SubcommandErrorsMatchRedis ...........................................................................................................   Passed    0.01 sec
2026-10-04T22:03:09.8069582Z         Start  804: ClusterCommandTest.MyIdIsEmptyWithoutSelf
2026-10-04T22:03:09.8138425Z 138/290 Test  #804: ClusterCommandTest.MyIdIsEmptyWithoutSelf ...............................................................................................................   Passed    0.01 sec
2026-10-04T22:03:09.8139297Z         Start  806: ClusterCommandTest.InfoReportsCoverageGap
2026-10-04T22:03:09.8208951Z 139/290 Test  #806: ClusterCommandTest.InfoReportsCoverageGap ...............................................................................................................   Passed    0.01 sec
2026-10-04T22:03:09.8209874Z         Start  810: ClusterCommandTest.SlotsCompactsAdjacentRanges
2026-10-04T22:03:09.8281072Z 140/290 Test  #810: ClusterCommandTest.SlotsCompactsAdjacentRanges ..........................................................................................................   Passed    0.01 sec
2026-10-04T22:03:09.8281960Z         Start  812: ClusterCommandTest.NodesLinesMatchRedisFormat
2026-10-04T22:03:09.8352158Z 141/290 Test  #812: ClusterCommandTest.NodesLinesMatchRedisFormat ...........................................................................................................   Passed    0.01 sec
2026-10-04T22:03:09.8353065Z         Start  823: ServingStateBuilderTest.RejectsZeroInFlightStripes
2026-10-04T22:03:09.8419425Z 142/290 Test  #823: ServingStateBuilderTest.RejectsZeroInFlightStripes ......................................................................................................   Passed    0.01 sec
2026-10-04T22:03:09.8420871Z         Start  828: ServingStateBuilderTest.RejectsOutOfRangeSelfAndReplicaPrimaryIndices
2026-10-04T22:03:09.8488387Z 143/290 Test  #828: ServingStateBuilderTest.RejectsOutOfRangeSelfAndReplicaPrimaryIndices ...................................................................................   Passed    0.01 sec
2026-10-04T22:03:09.8489441Z         Start  835: ServingStateBuilderTest.AddSlotRangeToUnknownGroupIsDropped
2026-10-04T22:03:09.8559353Z 144/290 Test  #835: ServingStateBuilderTest.AddSlotRangeToUnknownGroupIsDropped .............................................................................................   Passed    0.01 sec
2026-10-04T22:03:09.8560302Z         Start  838: ServingStateTest.CoverageCompleteWhenAllSlotsBound
2026-10-04T22:03:09.8646043Z 145/290 Test  #838: ServingStateTest.CoverageCompleteWhenAllSlotsBound ......................................................................................................   Passed    0.01 sec
2026-10-04T22:03:09.8647434Z         Start  844: TopologyCacheTest.PublishSharesCellsOnlyForTokenUnchangedGroups
2026-10-04T22:03:09.8748620Z 146/290 Test  #844: TopologyCacheTest.PublishSharesCellsOnlyForTokenUnchangedGroups .........................................................................................   Passed    0.01 sec
2026-10-04T22:03:09.8749602Z         Start  851: TopologyCacheTest.CachedReaderTracksVersionAndSnapshot
2026-10-04T22:03:09.8849423Z 147/290 Test  #851: TopologyCacheTest.CachedReaderTracksVersionAndSnapshot ..................................................................................................   Passed    0.01 sec
2026-10-04T22:03:09.8850380Z         Start  857: ClusterRouterTest.ClientPortFollowsConnectionTlsState
2026-10-04T22:03:09.8917150Z 148/290 Test  #857: ClusterRouterTest.ClientPortFollowsConnectionTlsState ...................................................................................................   Passed    0.01 sec
2026-10-04T22:03:09.8918060Z         Start  865: RedisConfigTest.AppliesSupportedDirectives
2026-10-04T22:03:09.8986899Z 149/290 Test  #865: RedisConfigTest.AppliesSupportedDirectives ..............................................................................................................   Passed    0.01 sec
2026-10-04T22:03:09.8993011Z         Start  867: RedisConfigTest.RejectsInvalidLoggingConfiguration
2026-10-04T22:03:09.9053892Z 150/290 Test  #867: RedisConfigTest.RejectsInvalidLoggingConfiguration ......................................................................................................   Passed    0.01 sec
2026-10-04T22:03:09.9055612Z         Start  871: RedisConfigTest.RemovedModeDirectivesAreRejected
2026-10-04T22:03:09.9122923Z 151/290 Test  #871: RedisConfigTest.RemovedModeDirectivesAreRejected ........................................................................................................   Passed    0.01 sec
2026-10-04T22:03:09.9124109Z         Start  876: RedisConfigTest.ParsesRedisPsyncFollower
2026-10-04T22:03:09.9190628Z 152/290 Test  #876: RedisConfigTest.ParsesRedisPsyncFollower ................................................................................................................   Passed    0.01 sec
2026-10-04T22:03:09.9191617Z         Start  888: RedisConfigTest.MetaControlMtlsRequiresCompleteClientIdentity
2026-10-04T22:03:09.9258936Z 153/290 Test  #888: RedisConfigTest.MetaControlMtlsRequiresCompleteClientIdentity ...........................................................................................   Passed    0.01 sec
2026-10-04T22:03:09.9259956Z         Start  892: RedisConfigTest.ValidatesClusterAnnouncePortResolution
2026-10-04T22:03:09.9326398Z 154/290 Test  #892: RedisConfigTest.ValidatesClusterAnnouncePortResolution ..................................................................................................   Passed    0.01 sec
2026-10-04T22:03:09.9327369Z         Start  899: ControlProtocolCodecTest.RoundTripsTypedReplicaCandidate
2026-10-04T22:03:09.9395658Z 155/290 Test  #899: ControlProtocolCodecTest.RoundTripsTypedReplicaCandidate ................................................................................................   Passed    0.01 sec
2026-10-04T22:03:09.9397072Z         Start  903: ControlProtocolCodecTest.RecoveryCompletionRoundTripsActualFrontier
2026-10-04T22:03:09.9464663Z 156/290 Test  #903: ControlProtocolCodecTest.RecoveryCompletionRoundTripsActualFrontier .....................................................................................   Passed    0.01 sec
2026-10-04T22:03:09.9466099Z         Start  906: ControlProtocolCodecTest.DirectiveLifecycleKeepsRecipientDistinctFromRebuildTarget
2026-10-04T22:03:09.9533108Z 157/290 Test  #906: ControlProtocolCodecTest.DirectiveLifecycleKeepsRecipientDistinctFromRebuildTarget ......................................................................   Passed    0.01 sec
2026-10-04T22:03:09.9534353Z         Start  920: ControlProtocolFullStateTest.SemanticEqualityExcludesAppliedIndexButCoversDesiredState
2026-10-04T22:03:09.9601269Z 158/290 Test  #920: ControlProtocolFullStateTest.SemanticEqualityExcludesAppliedIndexButCoversDesiredState ..................................................................   Passed    0.01 sec
2026-10-04T22:03:09.9602454Z         Start  922: ControlProtocolFullStateTest.RejectsNonCanonicalManifestDocuments
2026-10-04T22:03:09.9669104Z 159/290 Test  #922: ControlProtocolFullStateTest.RejectsNonCanonicalManifestDocuments .......................................................................................   Passed    0.01 sec
2026-10-04T22:03:09.9670370Z         Start  923: ControlProtocolTransferTest.StreamsOneBoundedObject
2026-10-04T22:03:09.9736861Z 160/290 Test  #923: ControlProtocolTransferTest.StreamsOneBoundedObject .....................................................................................................   Passed    0.01 sec
2026-10-04T22:03:09.9738026Z         Start  934: ControlDeadlineWatchdogTest.RearmUsesOneLiveTaskAndDisarmOrDestructionSuppressesExpiry
2026-10-04T22:03:10.2836807Z 161/290 Test  #934: ControlDeadlineWatchdogTest.RearmUsesOneLiveTaskAndDisarmOrDestructionSuppressesExpiry ..................................................................   Passed    0.31 sec
2026-10-04T22:03:10.2838067Z         Start  937: ControlSessionWriterTest.SerializesTransfersAndRetainsPendingPayloadOwner
2026-10-04T22:03:10.2926034Z 162/290 Test  #937: ControlSessionWriterTest.SerializesTransfersAndRetainsPendingPayloadOwner ...............................................................................   Passed    0.01 sec
2026-10-04T22:03:10.2927146Z         Start  946: CrossCoreActiveSenderTest.BitmapAddressesAndClearsSenderGroups
2026-10-04T22:03:10.3603973Z 163/290 Test  #946: CrossCoreActiveSenderTest.BitmapAddressesAndClearsSenderGroups ..........................................................................................   Passed    0.07 sec
2026-10-04T22:03:10.3605246Z         Start  954: DeviceAffinityTest.AssignsEveryControllerWhenControllersExceedWorkers
2026-10-04T22:03:10.3672502Z 164/290 Test  #954: DeviceAffinityTest.AssignsEveryControllerWhenControllersExceedWorkers ...................................................................................   Passed    0.01 sec
2026-10-04T22:03:10.3673614Z         Start  955: ForeignExecutorTest.TypedNotificationsUseTargetWorkerMpscMailbox
2026-10-04T22:03:10.3981151Z 165/290 Test  #955: ForeignExecutorTest.TypedNotificationsUseTargetWorkerMpscMailbox ........................................................................................   Passed    0.03 sec
2026-10-04T22:03:10.3982162Z         Start  959: HashGroupEdits.NxNoopsRepeatedRemovalAndEmptyLeaf
2026-10-04T22:03:10.4050888Z 166/290 Test  #959: HashGroupEdits.NxNoopsRepeatedRemovalAndEmptyLeaf .......................................................................................................   Passed    0.01 sec
2026-10-04T22:03:10.4052324Z         Start  970: GroupedHashTest.DirectoryReplacementAndSplitPreserveSnapshotsAndCoverage
2026-10-04T22:03:10.4123333Z 167/290 Test  #970: GroupedHashTest.DirectoryReplacementAndSplitPreserveSnapshotsAndCoverage ................................................................................   Passed    0.01 sec
2026-10-04T22:03:10.4125452Z         Start  979: GroupedHashTest.LargeIndivisibleFieldDoesNotCauseRecursiveExplosion
2026-10-04T22:03:10.4195430Z 168/290 Test  #979: GroupedHashTest.LargeIndivisibleFieldDoesNotCauseRecursiveExplosion .....................................................................................   Passed    0.01 sec
2026-10-04T22:03:10.4199234Z         Start  982: GroupedHashTest.StreamingEncoderDistinguishesEmptySpansFromEnd
2026-10-04T22:03:10.4267283Z 169/290 Test  #982: GroupedHashTest.StreamingEncoderDistinguishesEmptySpansFromEnd ..........................................................................................   Passed    0.01 sec
2026-10-04T22:03:10.4268344Z         Start  992: GroupedHashTest.RelocationUsesLsnOnlyWithinTheSameLogicalVersion
2026-10-04T22:03:10.4335409Z 170/290 Test  #992: GroupedHashTest.RelocationUsesLsnOnlyWithinTheSameLogicalVersion ........................................................................................   Passed    0.01 sec
2026-10-04T22:03:10.4337324Z         Start  996: GroupedHashTest.NoopAndSetIfAbsentDoNotRewriteGroups
2026-10-04T22:03:10.4406735Z 171/290 Test  #996: GroupedHashTest.NoopAndSetIfAbsentDoNotRewriteGroups ....................................................................................................   Passed    0.01 sec
2026-10-04T22:03:10.4408325Z         Start  998: GroupedHashTest.RandomizedPartialWritesRecoverAgainstReferenceHash
2026-10-04T22:03:13.2912697Z 172/290 Test  #998: GroupedHashTest.RandomizedPartialWritesRecoverAgainstReferenceHash ......................................................................................   Passed    2.85 sec
2026-10-04T22:03:13.2916693Z         Start  999: HashLookupMemoryTest.OwnsValueAndReleasesChargeAfterMove
2026-10-04T22:03:13.2986970Z 173/290 Test  #999: HashLookupMemoryTest.OwnsValueAndReleasesChargeAfterMove ................................................................................................   Passed    0.01 sec
2026-10-04T22:03:13.2988186Z         Start 1002: GroupedCommitDecisionTest.PrePublicationCheckDoesNotPromiseDurability
2026-10-04T22:03:13.3053291Z 174/290 Test #1002: GroupedCommitDecisionTest.PrePublicationCheckDoesNotPromiseDurability ...................................................................................   Passed    0.01 sec
2026-10-04T22:03:13.3056772Z         Start 1005: GroupedCollectionTest.RootAndPageRoundTripBothKinds
2026-10-04T22:03:13.3121070Z 175/290 Test #1005: GroupedCollectionTest.RootAndPageRoundTripBothKinds .....................................................................................................   Passed    0.01 sec
2026-10-04T22:03:13.3122285Z         Start 1007: GroupedCollectionTest.ListRangeValidatesUnselectedEntriesAndEnvelope
2026-10-04T22:03:13.3187798Z 176/290 Test #1007: GroupedCollectionTest.ListRangeValidatesUnselectedEntriesAndEnvelope ....................................................................................   Passed    0.01 sec
2026-10-04T22:03:13.3189020Z         Start 1014: GroupedCollectionTest.SortedSetRebalanceRejectsInvalidOrdering
2026-10-04T22:03:13.3256040Z 177/290 Test #1014: GroupedCollectionTest.SortedSetRebalanceRejectsInvalidOrdering ..........................................................................................   Passed    0.01 sec
2026-10-04T22:03:13.3260083Z         Start 1015: GroupedCollectionTest.StringSegmentsValidateLengthsAndDirectPositions
2026-10-04T22:03:13.3336463Z 178/290 Test #1015: GroupedCollectionTest.StringSegmentsValidateLengthsAndDirectPositions ...................................................................................   Passed    0.01 sec
2026-10-04T22:03:13.3356319Z         Start 1021: GroupedCollectionTest.SplitPreservesOrderIdsAndNeighbourLinks
2026-10-04T22:03:13.3408436Z 179/290 Test #1021: GroupedCollectionTest.SplitPreservesOrderIdsAndNeighbourLinks ...........................................................................................   Passed    0.01 sec
2026-10-04T22:03:13.3410345Z         Start 1025: GroupedCollectionTest.DirectoryRejectsMissingCyclesDisconnectedAndWrongCounts
2026-10-04T22:03:13.3469307Z 180/290 Test #1025: GroupedCollectionTest.DirectoryRejectsMissingCyclesDisconnectedAndWrongCounts ...........................................................................   Passed    0.01 sec
2026-10-04T22:03:13.3470656Z         Start 1047: OrderedCompactCodecTest.SortedScoresRetainInfinityAndNegativeZero
2026-10-04T22:03:13.3538054Z 181/290 Test #1047: OrderedCompactCodecTest.SortedScoresRetainInfinityAndNegativeZero .......................................................................................   Passed    0.01 sec
2026-10-04T22:03:13.3539155Z         Start 1048: OrderedCompactCodecTest.BoundsAndFramingFailClosed
2026-10-04T22:03:13.3607062Z 182/290 Test #1048: OrderedCompactCodecTest.BoundsAndFramingFailClosed ......................................................................................................   Passed    0.01 sec
2026-10-04T22:03:13.3610458Z         Start 1054: CollectionIngestBudget.LargeStringsMoveButSortedSetMembersAreCopied
2026-10-04T22:03:13.3672809Z 183/290 Test #1054: CollectionIngestBudget.LargeStringsMoveButSortedSetMembersAreCopied .....................................................................................   Passed    0.01 sec
2026-10-04T22:03:13.3675638Z         Start 1061: CollectionCompactStream.EveryHeaderByteIsValidatedAgainstTransport
2026-10-04T22:03:13.3741722Z 184/290 Test #1061: CollectionCompactStream.EveryHeaderByteIsValidatedAgainstTransport ......................................................................................   Passed    0.01 sec
2026-10-04T22:03:13.3743114Z         Start 1062: CollectionCompactStream.SetValuesNanAndInconsistentContainersFailClosed
2026-10-04T22:03:13.3810685Z 185/290 Test #1062: CollectionCompactStream.SetValuesNanAndInconsistentContainersFailClosed .................................................................................   Passed    0.01 sec
2026-10-04T22:03:13.3813611Z         Start 1068: CollectionCompactStream.AggregateEncodingExceedsOneGibWithoutWholeValueBuffer
2026-10-04T22:03:13.5047142Z 186/290 Test #1068: CollectionCompactStream.AggregateEncodingExceedsOneGibWithoutWholeValueBuffer ...........................................................................   Passed    0.12 sec
2026-10-04T22:03:13.5050519Z         Start 1076: GroupedOrderedObjectTest.MetadataOnlyUpdateSharesRoutingNodesAndPhysicalPages
2026-10-04T22:03:13.5131907Z 187/290 Test #1076: GroupedOrderedObjectTest.MetadataOnlyUpdateSharesRoutingNodesAndPhysicalPages ...........................................................................   Passed    0.01 sec
2026-10-04T22:03:13.5137368Z         Start 1080: RecordPayloadCursorTest.StreamsEmptySpansAndExternalKeyPrefix
2026-10-04T22:03:13.5202775Z 188/290 Test #1080: RecordPayloadCursorTest.StreamsEmptySpansAndExternalKeyPrefix ...........................................................................................   Passed    0.01 sec
2026-10-04T22:03:13.5204127Z         Start 1084: RecordPayloadCursorTest.ConsumesBorrowedHashFramingAcrossExtentBoundary
2026-10-04T22:03:13.5366623Z 189/290 Test #1084: RecordPayloadCursorTest.ConsumesBorrowedHashFramingAcrossExtentBoundary .................................................................................   Passed    0.02 sec
2026-10-04T22:03:13.5368005Z         Start 1087: GroupedObjectIndexTest.PublishOomPreservesExistingKeyAndCanBeRetried
2026-10-04T22:03:13.5511436Z 190/290 Test #1087: GroupedObjectIndexTest.PublishOomPreservesExistingKeyAndCanBeRetried ....................................................................................   Passed    0.01 sec
2026-10-04T22:03:13.5512729Z         Start 1099: GroupedObjectIndexTest.StaleUndoClearCannotRemoveCurrentView
2026-10-04T22:03:13.5655384Z 191/290 Test #1099: GroupedObjectIndexTest.StaleUndoClearCannotRemoveCurrentView ............................................................................................   Passed    0.01 sec
2026-10-04T22:03:13.5689262Z         Start 1106: GroupedObjectIndexTest.RetainedMetadataIsReleasedWithLastHandle
2026-10-04T22:03:13.5816609Z 192/290 Test #1106: GroupedObjectIndexTest.RetainedMetadataIsReleasedWithLastHandle .........................................................................................   Passed    0.02 sec
2026-10-04T22:03:13.5821063Z         Start 1114: GroupedObjectIndexTest.IncrementalMetadataOomLeavesPublishedObjectIntact
2026-10-04T22:03:13.5908805Z 193/290 Test #1114: GroupedObjectIndexTest.IncrementalMetadataOomLeavesPublishedObjectIntact ................................................................................   Passed    0.01 sec
2026-10-04T22:03:13.5910267Z         Start 1115: GroupedObjectIndexTest.DirectoryIncrementalValidationRejectsPartialSplits
2026-10-04T22:03:13.5986351Z 194/290 Test #1115: GroupedObjectIndexTest.DirectoryIncrementalValidationRejectsPartialSplits ...............................................................................   Passed    0.01 sec
2026-10-04T22:03:13.5988009Z         Start 1122: GroupedObjectIndexTest.MetadataOnlyUpdateSharesHashRoutingNodesAndPhysicalPages
2026-10-04T22:03:13.6076818Z 195/290 Test #1122: GroupedObjectIndexTest.MetadataOnlyUpdateSharesHashRoutingNodesAndPhysicalPages .........................................................................   Passed    0.01 sec
2026-10-04T22:03:13.6078866Z         Start 1123: GroupedMetadataArrayTest.SparseUpdatesPreserveSnapshotsAcrossTreeLevels
2026-10-04T22:03:13.6183459Z 196/290 Test #1123: GroupedMetadataArrayTest.SparseUpdatesPreserveSnapshotsAcrossTreeLevels .................................................................................   Passed    0.01 sec
2026-10-04T22:03:13.6185252Z         Start 1128: GroupedScratchBudgetTest.RejectsOverflowAndMissingExtentMetadata
2026-10-04T22:03:13.6258901Z 197/290 Test #1128: GroupedScratchBudgetTest.RejectsOverflowAndMissingExtentMetadata ........................................................................................   Passed    0.01 sec
2026-10-04T22:03:13.6259937Z         Start 1138: LocalSharedPtrTest.SharedSubtreesOutliveEitherRoot
2026-10-04T22:03:13.6331390Z 198/290 Test #1138: LocalSharedPtrTest.SharedSubtreesOutliveEitherRoot ......................................................................................................   Passed    0.01 sec
2026-10-04T22:03:13.6332560Z         Start 1144: LoggingTest.NormalShutdownFlushesInfoMessages
2026-10-04T22:03:13.6404144Z 199/290 Test #1144: LoggingTest.NormalShutdownFlushesInfoMessages ...........................................................................................................   Passed    0.01 sec
2026-10-04T22:03:13.6405551Z         Start 1152: MemoryTest.CrossWorkerRetainedReleaseReturnsBytesToExplicitOrigin
2026-10-04T22:03:13.6475933Z 200/290 Test #1152: MemoryTest.CrossWorkerRetainedReleaseReturnsBytesToExplicitOrigin .......................................................................................   Passed    0.01 sec
2026-10-04T22:03:13.6477305Z         Start 1153: MemoryTest.WorkerSnapshotsMatchAdmissionShares
2026-10-04T22:03:13.6544001Z 201/290 Test #1153: MemoryTest.WorkerSnapshotsMatchAdmissionShares ..........................................................................................................   Passed    0.01 sec
2026-10-04T22:03:13.6545400Z         Start 1157: MetaControlMapperTest.LocalEndpointChangeAdvancesOnlyRelevantControl
2026-10-04T22:03:13.6624415Z 202/290 Test #1157: MetaControlMapperTest.LocalEndpointChangeAdvancesOnlyRelevantControl ....................................................................................   Passed    0.01 sec
2026-10-04T22:03:13.6625771Z         Start 1165: MetaControlMapperTest.RejectsOwnerAssignmentMismatch
2026-10-04T22:03:13.6706131Z 203/290 Test #1165: MetaControlMapperTest.RejectsOwnerAssignmentMismatch ....................................................................................................   Passed    0.01 sec
2026-10-04T22:03:13.6707937Z         Start 1171: MetaControlIdentityTest.RequiresExactlyOneMatchingUriSan
2026-10-04T22:03:13.6774238Z 204/290 Test #1171: MetaControlIdentityTest.RequiresExactlyOneMatchingUriSan ................................................................................................   Passed    0.01 sec
2026-10-04T22:03:13.6775783Z         Start 1179: MetaEndpointDirectoryTest.FullStateRefreshPreservesOnlyLiveLeaderHint
2026-10-04T22:03:13.6843920Z 205/290 Test #1179: MetaEndpointDirectoryTest.FullStateRefreshPreservesOnlyLiveLeaderHint ...................................................................................   Passed    0.01 sec
2026-10-04T22:03:13.6845443Z         Start 1181: MetaLeaseChallengeRotationTest.VisitsEveryLocallyOwnedActiveGrant
2026-10-04T22:03:13.6913728Z 206/290 Test #1181: MetaLeaseChallengeRotationTest.VisitsEveryLocallyOwnedActiveGrant .......................................................................................   Passed    0.01 sec
2026-10-04T22:03:13.6917612Z         Start 1192: MetaFailoverControlAdapterTest.RecoveryDirectoryUsesCurrentFdsMembersAndTransport
2026-10-04T22:03:13.6983123Z 207/290 Test #1192: MetaFailoverControlAdapterTest.RecoveryDirectoryUsesCurrentFdsMembersAndTransport .......................................................................   Passed    0.01 sec
2026-10-04T22:03:13.6986259Z         Start 1196: MetaFailoverHeartbeatTest.ProjectsOnlyAnExactStableSourcePause
2026-10-04T22:03:13.7054170Z 208/290 Test #1196: MetaFailoverHeartbeatTest.ProjectsOnlyAnExactStableSourcePause ..........................................................................................   Passed    0.01 sec
2026-10-04T22:03:13.7057357Z         Start 1212: NodeControlInstallerTest.SessionLossDuringPromotionActivationFailsFinalRecheckWithoutLease
2026-10-04T22:03:13.7157033Z 209/290 Test #1212: NodeControlInstallerTest.SessionLossDuringPromotionActivationFailsFinalRecheckWithoutLease ..............................................................   Passed    0.01 sec
2026-10-04T22:03:13.7159473Z         Start 1215: NodeControlInstallerTest.ObservedExpiryDuringSourceAdmissionEnableFailsClosed
2026-10-04T22:03:13.7262205Z 210/290 Test #1215: NodeControlInstallerTest.ObservedExpiryDuringSourceAdmissionEnableFailsClosed ...........................................................................   Passed    0.01 sec
2026-10-04T22:03:13.7263791Z         Start 1216: NodeControlInstallerTest.GrantExpiringDuringPromotionActivationNeverEnablesExpirationOrLease
2026-10-04T22:03:13.7571909Z 211/290 Test #1216: NodeControlInstallerTest.GrantExpiringDuringPromotionActivationNeverEnablesExpirationOrLease ............................................................   Passed    0.03 sec
2026-10-04T22:03:13.7573633Z         Start 1221: NodeControlInstallerTest.RejectsLeaseLongerThanFdsResolvedDurationWithBothDurations
2026-10-04T22:03:13.7671693Z 212/290 Test #1221: NodeControlInstallerTest.RejectsLeaseLongerThanFdsResolvedDurationWithBothDurations .....................................................................   Passed    0.01 sec
2026-10-04T22:03:13.7673835Z         Start 1227: NodeControlInstallerTest.ShorterFdsLeaseCeilingPreservesOldDeadlineAndBoundsRenewal
2026-10-04T22:03:13.7790756Z 213/290 Test #1227: NodeControlInstallerTest.ShorterFdsLeaseCeilingPreservesOldDeadlineAndBoundsRenewal .....................................................................   Passed    0.01 sec
2026-10-04T22:03:13.7792612Z         Start 1229: NodeControlInstallerTest.SameAuthorityRenewalExtendsDeadlineWithoutInvalidatingAdmission
2026-10-04T22:03:13.7887248Z 214/290 Test #1229: NodeControlInstallerTest.SameAuthorityRenewalExtendsDeadlineWithoutInvalidatingAdmission ................................................................   Passed    0.01 sec
2026-10-04T22:03:13.7891252Z         Start 1233: NodeControlInstallerTest.FenceInvalidatesBeforePublishingAndRejectsOldAuthorityForThisBoot
2026-10-04T22:03:13.8006141Z 215/290 Test #1233: NodeControlInstallerTest.FenceInvalidatesBeforePublishingAndRejectsOldAuthorityForThisBoot ..............................................................   Passed    0.01 sec
2026-10-04T22:03:13.8008193Z         Start 1235: NodeControlInstallerTest.AsyncFenceSuspendsWorkerCoroutineUntilRetiredCounterReachesZero
2026-10-04T22:03:13.8141456Z 216/290 Test #1235: NodeControlInstallerTest.AsyncFenceSuspendsWorkerCoroutineUntilRetiredCounterReachesZero ................................................................   Passed    0.01 sec
2026-10-04T22:03:13.8144998Z         Start 1238: NodeControlInstallerTest.StorageLossWaitsForAdmissionCancelsTargetAndLatchesFailure
2026-10-04T22:03:13.8286929Z 217/290 Test #1238: NodeControlInstallerTest.StorageLossWaitsForAdmissionCancelsTargetAndLatchesFailure .....................................................................   Passed    0.01 sec
2026-10-04T22:03:13.8288461Z         Start 1245: NodeControlInstallerTest.DirectiveCapableAdapterRejectsSynchronousFenceAndSessionCleanup
2026-10-04T22:03:13.8381368Z 218/290 Test #1245: NodeControlInstallerTest.DirectiveCapableAdapterRejectsSynchronousFenceAndSessionCleanup ................................................................   Passed    0.01 sec
2026-10-04T22:03:13.8383702Z         Start 1264: RespParserTest.ParsingDoesNotConsumeMaxmemoryAdmission
2026-10-04T22:03:13.8451996Z 219/290 Test #1264: RespParserTest.ParsingDoesNotConsumeMaxmemoryAdmission ..................................................................................................   Passed    0.01 sec
2026-10-04T22:03:13.8453606Z         Start 1268: RespParserTest.AppliesLowerRuntimeLimitToIncompleteCommand
2026-10-04T22:03:13.8522572Z 220/290 Test #1268: RespParserTest.AppliesLowerRuntimeLimitToIncompleteCommand ..............................................................................................   Passed    0.01 sec
2026-10-04T22:03:13.8523773Z         Start 1281: ClusterErrorTest.MovedErrorCarriesSlotAndConcreteEndpoint
2026-10-04T22:03:13.8593871Z 221/290 Test #1281: ClusterErrorTest.MovedErrorCarriesSlotAndConcreteEndpoint ...............................................................................................   Passed    0.01 sec
2026-10-04T22:03:13.8595278Z         Start 1292: ScanHashMapTest.CandidatePredicateExceptionLeavesEntriesUsable
2026-10-04T22:03:13.8718123Z 222/290 Test #1292: ScanHashMapTest.CandidatePredicateExceptionLeavesEntriesUsable ..........................................................................................   Passed    0.01 sec
2026-10-04T22:03:13.8719675Z         Start 1294: ScanHashMapTest.ShrinkingPreservesEveryCursorPosition
2026-10-04T22:03:13.9036226Z 223/290 Test #1294: ScanHashMapTest.ShrinkingPreservesEveryCursorPosition ...................................................................................................   Passed    0.03 sec
2026-10-04T22:03:13.9037788Z         Start 1303: ScanHashMapTest.KnownEmptyPopulationAllocatesNothing
2026-10-04T22:03:13.9109636Z 224/290 Test #1303: ScanHashMapTest.KnownEmptyPopulationAllocatesNothing ....................................................................................................   Passed    0.01 sec
2026-10-04T22:03:13.9111164Z         Start 1310: ScanHashMapTest.ExternalKeyStoresOnlyDigestAndLogicalLength
2026-10-04T22:03:13.9237038Z 225/290 Test #1310: ScanHashMapTest.ExternalKeyStoresOnlyDigestAndLogicalLength .............................................................................................   Passed    0.01 sec
2026-10-04T22:03:13.9238685Z         Start 1313: ScanHashMapTest.SaturatedAddressSpaceUsesBucketChains
2026-10-04T22:03:13.9387688Z 226/290 Test #1313: ScanHashMapTest.SaturatedAddressSpaceUsesBucketChains ...................................................................................................   Passed    0.01 sec
2026-10-04T22:03:13.9399124Z         Start 1323: SourceAuthorizationLedgerTest.SessionCleanupAllowsCurrentRevisionReplayWithoutErasingARevokeFloor
2026-10-04T22:03:13.9467408Z 227/290 Test #1323: SourceAuthorizationLedgerTest.SessionCleanupAllowsCurrentRevisionReplayWithoutErasingARevokeFloor .......................................................   Passed    0.01 sec
2026-10-04T22:03:13.9469676Z         Start 1328: SourceAuthorizationLedgerTest.LeaseGateSuspendsAdmissionWithoutLosingCurrentFdsCapability
2026-10-04T22:03:13.9539182Z 228/290 Test #1328: SourceAuthorizationLedgerTest.LeaseGateSuspendsAdmissionWithoutLosingCurrentFdsCapability ...............................................................   Passed    0.01 sec
2026-10-04T22:03:13.9540735Z         Start 1342: CommandTableTest.RedisGlobTrailingHyphenIsRangeEndpoint
2026-10-04T22:03:13.9609915Z 229/290 Test #1342: CommandTableTest.RedisGlobTrailingHyphenIsRangeEndpoint .................................................................................................   Passed    0.01 sec
2026-10-04T22:03:13.9611497Z         Start 1345: CommandTableTest.ResolvesSInterCardKeysAndRedis72Errors
2026-10-04T22:03:13.9681301Z 230/290 Test #1345: CommandTableTest.ResolvesSInterCardKeysAndRedis72Errors .................................................................................................   Passed    0.01 sec
2026-10-04T22:03:13.9682821Z         Start 1348: CommandTableTest.ClusterArityLeavesSubcommandChecksToTheHandler
2026-10-04T22:03:13.9751360Z 231/290 Test #1348: CommandTableTest.ClusterArityLeavesSubcommandChecksToTheHandler .........................................................................................   Passed    0.01 sec
2026-10-04T22:03:13.9753264Z         Start 1352: RandomSampleTest.FloydSelectionReturnsRequestedDistinctRanks
2026-10-04T22:03:13.9821835Z 232/290 Test #1352: RandomSampleTest.FloydSelectionReturnsRequestedDistinctRanks ............................................................................................   Passed    0.01 sec
2026-10-04T22:03:13.9823469Z         Start 1356: RdbTest.AcceptsRedisDumpVersionsOneThroughEleven
2026-10-04T22:03:13.9891063Z 233/290 Test #1356: RdbTest.AcceptsRedisDumpVersionsOneThroughEleven ........................................................................................................   Passed    0.01 sec
2026-10-04T22:03:13.9892745Z         Start 1362: RdbTest.LzfCannotReadPastItsDeclaredCompressedLength
2026-10-04T22:03:13.9975169Z 234/290 Test #1362: RdbTest.LzfCannotReadPastItsDeclaredCompressedLength ....................................................................................................   Passed    0.01 sec
2026-10-04T22:03:13.9976587Z         Start 1369: RdbTest.RejectsCorruptAndUnsupportedCompleteFiles
2026-10-04T22:03:14.0060077Z 235/290 Test #1369: RdbTest.RejectsCorruptAndUnsupportedCompleteFiles .......................................................................................................   Passed    0.01 sec
2026-10-04T22:03:14.0061404Z         Start 1379: RdbCollectionTest.PageRetentionMovesWithOutputLifetime
2026-10-04T22:03:14.0140014Z 236/290 Test #1379: RdbCollectionTest.PageRetentionMovesWithOutputLifetime ..................................................................................................   Passed    0.01 sec
2026-10-04T22:03:14.0141806Z         Start 1383: RdbCollectionImportTest.QuicklistDrainsNodesWithoutAnAggregateString
2026-10-04T22:03:14.0227595Z 237/290 Test #1383: RdbCollectionImportTest.QuicklistDrainsNodesWithoutAnAggregateString ....................................................................................   Passed    0.01 sec
2026-10-04T22:03:14.0228854Z         Start 1388: RecordLocationTest.PackedMetadataKeepsValueTypeAndMutableFlags
2026-10-04T22:03:14.0295562Z 238/290 Test #1388: RecordLocationTest.PackedMetadataKeepsValueTypeAndMutableFlags ..........................................................................................   Passed    0.01 sec
2026-10-04T22:03:14.0296787Z         Start 1398: RequestGateTest.CloseRejectsNewEntriesAndWaitsForEveryWorker
2026-10-04T22:03:14.0366814Z 239/290 Test #1398: RequestGateTest.CloseRejectsNewEntriesAndWaitsForEveryWorker ............................................................................................   Passed    0.01 sec
2026-10-04T22:03:14.0369015Z         Start 1406: ReplicationCommandTest.MalformedPublishEnvelopesCannotBypassPartitionReset
2026-10-04T22:03:14.0440123Z 240/290 Test #1406: ReplicationCommandTest.MalformedPublishEnvelopesCannotBypassPartitionReset ..............................................................................   Passed    0.01 sec
2026-10-04T22:03:14.0442074Z         Start 1408: ReplicationCommandTest.TransactionReservationCoversMaterializedPrefix
2026-10-04T22:03:14.0513628Z 241/290 Test #1408: ReplicationCommandTest.TransactionReservationCoversMaterializedPrefix ...................................................................................   Passed    0.01 sec
2026-10-04T22:03:14.0515690Z         Start 1420: ReplicationGroupTest.RejectsASecondGroupAssignmentForTheSameNode
2026-10-04T22:03:14.0678521Z 242/290 Test #1420: ReplicationGroupTest.RejectsASecondGroupAssignmentForTheSameNode ........................................................................................   Passed    0.02 sec
2026-10-04T22:03:14.0680434Z         Start 1433: ReplicationGroupTest.RequiresResetAndEpochMatchingHandoffForEveryPhysicalPartition
2026-10-04T22:03:14.0893868Z 243/290 Test #1433: ReplicationGroupTest.RequiresResetAndEpochMatchingHandoffForEveryPhysicalPartition ......................................................................   Passed    0.02 sec
2026-10-04T22:03:14.0895608Z         Start 1435: ReplicationGroupTest.FailureLatchPreventsEveryLaterAttempt
2026-10-04T22:03:14.1049236Z 244/290 Test #1435: ReplicationGroupTest.FailureLatchPreventsEveryLaterAttempt ..............................................................................................   Passed    0.02 sec
2026-10-04T22:03:14.1050929Z         Start 1436: ReplicationHistoryTest.EffectManifestIsCompleteAndDoesNotPinEvictedPayload
2026-10-04T22:03:14.1127006Z 245/290 Test #1436: ReplicationHistoryTest.EffectManifestIsCompleteAndDoesNotPinEvictedPayload ..............................................................................   Passed    0.01 sec
2026-10-04T22:03:14.1128649Z         Start 1441: ReplicationHistoryTest.RolloverWithdrawsEveryParticipantOfAnEffect
2026-10-04T22:03:14.1207358Z 246/290 Test #1441: ReplicationHistoryTest.RolloverWithdrawsEveryParticipantOfAnEffect ......................................................................................   Passed    0.01 sec
2026-10-04T22:03:14.1208811Z         Start 1445: NativeRecoveryTest.EnvelopeAndAppliedRemainDistinctWhenDonorCoverageDisappears
2026-10-04T22:03:14.1273613Z 247/290 Test #1445: NativeRecoveryTest.EnvelopeAndAppliedRemainDistinctWhenDonorCoverageDisappears ..........................................................................   Passed    0.01 sec
2026-10-04T22:03:14.1275892Z         Start 1448: NativeReplayTest.IncompleteTransactionNeverPublishesAndWholeEffectDeduplicates
2026-10-04T22:03:14.1354163Z 248/290 Test #1448: NativeReplayTest.IncompleteTransactionNeverPublishesAndWholeEffectDeduplicates ..........................................................................   Passed    0.01 sec
2026-10-04T22:03:14.1365855Z         Start 1460: ReplicaAppliedFrontierTest.SnapshotNeverAcceptsHalfPublishedBatch
2026-10-04T22:03:14.1429698Z 249/290 Test #1460: ReplicaAppliedFrontierTest.SnapshotNeverAcceptsHalfPublishedBatch .......................................................................................   Passed    0.01 sec
2026-10-04T22:03:14.1431640Z         Start 1463: ReplicaAppliedFrontierTest.DiagnosticOffsetRemainsAvailableDuringBatch
2026-10-04T22:03:14.1501687Z 250/290 Test #1463: ReplicaAppliedFrontierTest.DiagnosticOffsetRemainsAvailableDuringBatch ..................................................................................   Passed    0.01 sec
2026-10-04T22:03:14.1503424Z         Start 1470: RingBufferTest.PreservesFifoAcrossWrapAndResize
2026-10-04T22:03:14.1571072Z 251/290 Test #1470: RingBufferTest.PreservesFifoAcrossWrapAndResize .........................................................................................................   Passed    0.01 sec
2026-10-04T22:03:14.1572991Z         Start 1476: TxLockTest.IntentAndHoldCompatibility
2026-10-04T22:03:14.1639902Z 252/290 Test #1476: TxLockTest.IntentAndHoldCompatibility ...................................................................................................................   Passed    0.01 sec
2026-10-04T22:03:14.1641234Z         Start 1480: StorageFormatTest.ComputesStableProcessLocalDigests
2026-10-04T22:03:14.1707611Z 253/290 Test #1480: StorageFormatTest.ComputesStableProcessLocalDigests .....................................................................................................   Passed    0.01 sec
2026-10-04T22:03:14.1708926Z         Start 1481: StorageFormatTest.GroupIdentitySurvivesInlineAndExtentHeaderRoundTrips
2026-10-04T22:03:14.1780591Z 254/290 Test #1481: StorageFormatTest.GroupIdentitySurvivesInlineAndExtentHeaderRoundTrips ..................................................................................   Passed    0.01 sec
2026-10-04T22:03:14.1782436Z         Start 1488: StorageFormatTest.RestoresCheckpointDigestSeedBeforeHashing
2026-10-04T22:03:14.1853197Z 255/290 Test #1488: StorageFormatTest.RestoresCheckpointDigestSeedBeforeHashing .............................................................................................   Passed    0.01 sec
2026-10-04T22:03:14.1854383Z         Start 1498: StorageExpirationAuthorityTest.RejectsElapsedFiniteAuthority
2026-10-04T22:03:14.1925671Z 256/290 Test #1498: StorageExpirationAuthorityTest.RejectsElapsedFiniteAuthority ............................................................................................   Passed    0.01 sec
2026-10-04T22:03:14.1928616Z         Start 1506: StorageCapacityTest.ValidatesAndPreservesDeviceCapacities
2026-10-04T22:03:15.9232612Z 257/290 Test #1506: StorageCapacityTest.ValidatesAndPreservesDeviceCapacities ...............................................................................................   Passed    1.73 sec
2026-10-04T22:03:15.9234122Z         Start 1509: TcpListenerAcceptTest.AcceptedConnectionDisablesNagle
2026-10-04T22:03:15.9310814Z 258/290 Test #1509: TcpListenerAcceptTest.AcceptedConnectionDisablesNagle ...................................................................................................   Passed    0.01 sec
2026-10-04T22:03:15.9312179Z         Start 1513: WorkerPlacementTest.ShardAndCpuConfigurationIsExplicit
2026-10-04T22:03:15.9381808Z 259/290 Test #1513: WorkerPlacementTest.ShardAndCpuConfigurationIsExplicit ..................................................................................................   Passed    0.01 sec
2026-10-04T22:03:15.9383347Z         Start 1517: ReceiveModes/TcpStreamCloseTest.PendingReceiveDoesNotKeepPeerConnected/true
2026-10-04T22:03:15.9972896Z 260/290 Test #1517: ReceiveModes/TcpStreamCloseTest.PendingReceiveDoesNotKeepPeerConnected/true .............................................................................   Passed    0.06 sec
2026-10-04T22:03:15.9974372Z         Start 1534: meta_integration.gate_leader_change
2026-10-04T22:03:28.6692380Z 261/290 Test #1534: meta_integration.gate_leader_change .....................................................................................................................   Passed   12.67 sec
2026-10-04T22:03:28.6693276Z         Start 1542: meta_integration.gate_backpressure
2026-10-04T22:03:50.7827556Z 262/290 Test #1542: meta_integration.gate_backpressure ......................................................................................................................   Passed   22.11 sec
2026-10-04T22:03:50.7828706Z         Start 1557: meta_integration.gate_managed_sort
2026-10-04T22:04:17.6392536Z 263/290 Test #1557: meta_integration.gate_managed_sort ......................................................................................................................   Passed   26.86 sec
2026-10-04T22:04:17.6393487Z         Start 1565: meta_integration.gate_managed_flush_authority
2026-10-04T22:08:16.0171470Z 264/290 Test #1565: meta_integration.gate_managed_flush_authority ...........................................................................................................   Passed  238.38 sec
2026-10-04T22:08:16.0173344Z         Start 1568: meta_integration.gate_managed_flush_drain
2026-10-04T22:09:09.5006363Z 265/290 Test #1568: meta_integration.gate_managed_flush_drain ...............................................................................................................   Passed   53.48 sec
2026-10-04T22:09:09.5008762Z         Start 1578: meta_integration.recovery_cluster_leader-change
2026-10-04T22:09:42.3326682Z 266/290 Test #1578: meta_integration.recovery_cluster_leader-change .........................................................................................................   Passed   32.83 sec
2026-10-04T22:09:42.3328480Z         Start 1579: meta_integration.hostname_recovery
2026-10-04T22:10:09.7206304Z 267/290 Test #1579: meta_integration.hostname_recovery ......................................................................................................................   Passed   27.39 sec
2026-10-04T22:10:09.7207311Z         Start 1584: meta_integration.gate_failover_full_fallback
2026-10-04T22:10:45.4441852Z 268/290 Test #1584: meta_integration.gate_failover_full_fallback ............................................................................................................   Passed   35.72 sec
2026-10-04T22:10:45.4444404Z         Start 1596: meta_integration.gate_automatic_failover_leader_threshold
2026-10-04T22:11:27.8983579Z 269/290 Test #1596: meta_integration.gate_automatic_failover_leader_threshold ...............................................................................................   Passed   42.45 sec
2026-10-04T22:11:27.8985840Z         Start 1600: meta_integration.gate_population_recovery_startup_stop
2026-10-04T22:11:35.9690095Z 270/290 Test #1600: meta_integration.gate_population_recovery_startup_stop ..................................................................................................   Passed    8.07 sec
2026-10-04T22:11:35.9691354Z         Start 1602: meta_integration.single_population_recovery_clean_owner
2026-10-04T22:12:08.3035249Z 271/290 Test #1602: meta_integration.single_population_recovery_clean_owner .................................................................................................   Passed   32.33 sec
2026-10-04T22:12:08.3036300Z         Start 1605: meta_integration.gate_population_recovery_crash_operator
2026-10-04T22:12:48.4192104Z 272/290 Test #1605: meta_integration.gate_population_recovery_crash_operator ................................................................................................   Passed   40.12 sec
2026-10-04T22:12:48.4193313Z         Start 1611: meta_integration.gate_population_recovery_after_consume
2026-10-04T22:13:12.7457091Z 273/290 Test #1611: meta_integration.gate_population_recovery_after_consume .................................................................................................   Passed   24.33 sec
2026-10-04T22:13:12.7458637Z         Start 1618: meta_integration.sentinel_tls_hostname
2026-10-04T22:15:37.7845406Z 274/290 Test #1618: meta_integration.sentinel_tls_hostname ..................................................................................................................   Passed  145.04 sec
2026-10-04T22:15:37.7846548Z         Start 1622: meta_integration.sentinel_ha_data
2026-10-04T22:16:45.6229886Z 275/290 Test #1622: meta_integration.sentinel_ha_data .......................................................................................................................   Passed   67.84 sec
2026-10-04T22:16:45.6231648Z         Start 1625: meta_integration.sentinel_ha_fault
2026-10-04T22:17:40.4759848Z 276/290 Test #1625: meta_integration.sentinel_ha_fault ......................................................................................................................   Passed   54.85 sec
2026-10-04T22:17:40.4761610Z         Start 1629: cluster_hardware_safety_gate
2026-10-04T22:17:40.4822809Z 277/290 Test #1629: cluster_hardware_safety_gate ............................................................................................................................   Passed    0.01 sec
2026-10-04T22:17:40.4824235Z         Start 1631: cluster_integration.replication_manager_control_api
2026-10-04T22:18:23.4379393Z 278/290 Test #1631: cluster_integration.replication_manager_control_api .....................................................................................................   Passed   42.96 sec
2026-10-04T22:18:23.4380308Z         Start 1637: lavik_native_replicaof_e2e
2026-10-04T22:18:28.1629944Z 279/290 Test #1637: lavik_native_replicaof_e2e ..............................................................................................................................   Passed    4.72 sec
2026-10-04T22:18:28.1631247Z         Start 1639: lavik_redis_export_shake_standalone
2026-10-04T22:18:41.2624479Z 280/290 Test #1639: lavik_redis_export_shake_standalone .....................................................................................................................   Passed   13.10 sec
2026-10-04T22:18:41.2625739Z         Start 1646: lavik_redis_sync_reader_single-single
2026-10-04T22:19:07.0723005Z 281/290 Test #1646: lavik_redis_sync_reader_single-single ...................................................................................................................   Passed   25.81 sec
2026-10-04T22:19:07.0725568Z         Start 1649: lavik_redis_sync_reader_cluster-cluster
2026-10-04T22:19:07.3541739Z 282/290 Test #1649: lavik_redis_sync_reader_cluster-cluster .................................................................................................................***Failed    0.28 sec
2026-10-04T22:19:07.3542902Z Running cluster-cluster
2026-10-04T22:19:07.3543615Z 13156:C 04 Oct 2026 22:19:07.247 # WARNING: Changing databases number from 16 to 1 since we are in cluster mode
2026-10-04T22:19:07.3545268Z 13156:C 04 Oct 2026 22:19:07.247 # WARNING Memory overcommit must be enabled! Without it, a background save or replication may fail under low memory condition. To fix this issue add 'vm.overcommit_memory = 1' to /etc/sysctl.conf and then reboot or run the command 'sysctl vm.overcommit_memory=1' for this to take effect.
2026-10-04T22:19:07.3546588Z 13156:C 04 Oct 2026 22:19:07.248 * oO0OoO0OoO0Oo Redis is starting oO0OoO0OoO0Oo
2026-10-04T22:19:07.3547250Z 13156:C 04 Oct 2026 22:19:07.248 * Redis version=7.2.14, bits=64, commit=00000000, modified=0, pid=13156, just started
2026-10-04T22:19:07.3547864Z 13156:C 04 Oct 2026 22:19:07.248 * Configuration loaded
2026-10-04T22:19:07.3548292Z 13156:M 04 Oct 2026 22:19:07.249 * monotonic clock: POSIX clock_gettime
2026-10-04T22:19:07.3548801Z 13156:M 04 Oct 2026 22:19:07.249 * Running mode=cluster, port=44785.
2026-10-04T22:19:07.3549381Z 13156:M 04 Oct 2026 22:19:07.249 * No cluster configuration found, I'm 0f2b4c9310abacede5dcee6de8651901ffea85de
2026-10-04T22:19:07.3550210Z 13156:M 04 Oct 2026 22:19:07.250 # Warning: Could not create server TCP listening socket 127.0.0.1:54785: bind: Address already in use
2026-10-04T22:19:07.3550914Z 13156:M 04 Oct 2026 22:19:07.250 # Failed listening on port 54785 (cluster), aborting.
2026-10-04T22:19:07.3551227Z 
2026-10-04T22:19:07.3551528Z 13151:C 04 Oct 2026 22:19:07.192 # WARNING: Changing databases number from 16 to 1 since we are in cluster mode
2026-10-04T22:19:07.3552953Z 13151:C 04 Oct 2026 22:19:07.192 # WARNING Memory overcommit must be enabled! Without it, a background save or replication may fail under low memory condition. To fix this issue add 'vm.overcommit_memory = 1' to /etc/sysctl.conf and then reboot or run the command 'sysctl vm.overcommit_memory=1' for this to take effect.
2026-10-04T22:19:07.3554204Z 13151:C 04 Oct 2026 22:19:07.193 * oO0OoO0OoO0Oo Redis is starting oO0OoO0OoO0Oo
2026-10-04T22:19:07.3554992Z 13151:C 04 Oct 2026 22:19:07.193 * Redis version=7.2.14, bits=64, commit=00000000, modified=0, pid=13151, just started
2026-10-04T22:19:07.3555910Z 13151:C 04 Oct 2026 22:19:07.193 * Configuration loaded
2026-10-04T22:19:07.3556398Z 13151:M 04 Oct 2026 22:19:07.194 * monotonic clock: POSIX clock_gettime
2026-10-04T22:19:07.3556882Z 13151:M 04 Oct 2026 22:19:07.194 * Running mode=cluster, port=47187.
2026-10-04T22:19:07.3557498Z 13151:M 04 Oct 2026 22:19:07.194 * No cluster configuration found, I'm f356c07488d6c40d65611355ca175aa59785531e
2026-10-04T22:19:07.3558022Z 13151:M 04 Oct 2026 22:19:07.195 * Server initialized
2026-10-04T22:19:07.3558425Z 13151:M 04 Oct 2026 22:19:07.195 * Ready to accept connections tcp
2026-10-04T22:19:07.3558701Z 
2026-10-04T22:19:07.3558834Z Traceback (most recent call last):
2026-10-04T22:19:07.3559369Z   File "/home/runner/work/lavik/lavik/tests/redis_sync_reader_e2e.py", line 742, in <module>
2026-10-04T22:19:07.3559953Z     migrate(Path(directory) / name, *cases[name])
2026-10-04T22:19:07.3560484Z   File "/home/runner/work/lavik/lavik/tests/redis_sync_reader_e2e.py", line 617, in migrate
2026-10-04T22:19:07.3560980Z     with (
2026-10-04T22:19:07.3561353Z   File "/usr/lib/python3.12/contextlib.py", line 137, in __enter__
2026-10-04T22:19:07.3561750Z     return next(self.gen)
2026-10-04T22:19:07.3562084Z            ^^^^^^^^^^^^^^
2026-10-04T22:19:07.3562525Z   File "/home/runner/work/lavik/lavik/tests/redis_sync_reader_e2e.py", line 61, in source
2026-10-04T22:19:07.3563049Z     _, port, _ = stack.enter_context(
2026-10-04T22:19:07.3563463Z                  ^^^^^^^^^^^^^^^^^^^^
2026-10-04T22:19:07.3564013Z   File "/usr/lib/python3.12/contextlib.py", line 526, in enter_context
2026-10-04T22:19:07.3564495Z     result = _enter(cm)
2026-10-04T22:19:07.3564950Z              ^^^^^^^^^^
2026-10-04T22:19:07.3565370Z   File "/usr/lib/python3.12/contextlib.py", line 137, in __enter__
2026-10-04T22:19:07.3565770Z     return next(self.gen)
2026-10-04T22:19:07.3566085Z            ^^^^^^^^^^^^^^
2026-10-04T22:19:07.3566562Z   File "/home/runner/work/lavik/lavik/tests/redis_follower_smoke.py", line 133, in process
2026-10-04T22:19:07.3567102Z     assert child.poll() is None, log_path.read_text()
2026-10-04T22:19:07.3567557Z            ^^^^^^^^^^^^^^^^^^^^
2026-10-04T22:19:07.3568087Z AssertionError: 13156:C 04 Oct 2026 22:19:07.247 # WARNING: Changing databases number from 16 to 1 since we are in cluster mode
2026-10-04T22:19:07.3569545Z 13156:C 04 Oct 2026 22:19:07.247 # WARNING Memory overcommit must be enabled! Without it, a background save or replication may fail under low memory condition. To fix this issue add 'vm.overcommit_memory = 1' to /etc/sysctl.conf and then reboot or run the command 'sysctl vm.overcommit_memory=1' for this to take effect.
2026-10-04T22:19:07.3570791Z 13156:C 04 Oct 2026 22:19:07.248 * oO0OoO0OoO0Oo Redis is starting oO0OoO0OoO0Oo
2026-10-04T22:19:07.3571430Z 13156:C 04 Oct 2026 22:19:07.248 * Redis version=7.2.14, bits=64, commit=00000000, modified=0, pid=13156, just started
2026-10-04T22:19:07.3571997Z 13156:C 04 Oct 2026 22:19:07.248 * Configuration loaded
2026-10-04T22:19:07.3572409Z 13156:M 04 Oct 2026 22:19:07.249 * monotonic clock: POSIX clock_gettime
2026-10-04T22:19:07.3572896Z 13156:M 04 Oct 2026 22:19:07.249 * Running mode=cluster, port=44785.
2026-10-04T22:19:07.3573470Z 13156:M 04 Oct 2026 22:19:07.249 * No cluster configuration found, I'm 0f2b4c9310abacede5dcee6de8651901ffea85de
2026-10-04T22:19:07.3574293Z 13156:M 04 Oct 2026 22:19:07.250 # Warning: Could not create server TCP listening socket 127.0.0.1:54785: bind: Address already in use
2026-10-04T22:19:07.3575097Z 13156:M 04 Oct 2026 22:19:07.250 # Failed listening on port 54785 (cluster), aborting.
2026-10-04T22:19:07.3575404Z 
2026-10-04T22:19:07.3575408Z 
2026-10-04T22:19:07.3575761Z         Start 1652: lavik_redis_sync_reader_single-full-connection
2026-10-04T22:19:22.0769684Z 283/290 Test #1652: lavik_redis_sync_reader_single-full-connection ..........................................................................................................   Passed   14.72 sec
2026-10-04T22:19:22.0771631Z         Start 1657: lavik_redis_sync_reader_cluster-full-tool
2026-10-04T22:19:37.6306676Z 284/290 Test #1657: lavik_redis_sync_reader_cluster-full-tool ...............................................................................................................   Passed   15.55 sec
2026-10-04T22:19:37.6308900Z         Start 1666: lavik_redis_export_disk_full_e2e
2026-10-04T22:19:43.6910294Z 285/290 Test #1666: lavik_redis_export_disk_full_e2e ........................................................................................................................   Passed    6.06 sec
2026-10-04T22:19:43.6911867Z         Start 1670: lavik_replication_log_e2e
2026-10-04T22:19:50.4070909Z 286/290 Test #1670: lavik_replication_log_e2e ...............................................................................................................................   Passed    6.72 sec
2026-10-04T22:19:50.4071704Z         Start 1674: lavik_flushdb_reclaim_e2e
2026-10-04T22:20:18.4209259Z 287/290 Test #1674: lavik_flushdb_reclaim_e2e ...............................................................................................................................   Passed   28.01 sec
2026-10-04T22:20:18.4211072Z         Start 1679: lavik_tomb_raider_multiworker
2026-10-04T22:20:20.0855311Z 288/290 Test #1679: lavik_tomb_raider_multiworker ...........................................................................................................................   Passed    1.66 sec
2026-10-04T22:20:20.0857437Z         Start 1685: lavik_extent_recovery_e2e
2026-10-04T22:21:17.5262117Z 289/290 Test #1685: lavik_extent_recovery_e2e ...............................................................................................................................   Passed   57.44 sec
2026-10-04T22:21:17.5263733Z         Start 1689: lavik_grouped_hash_write_e2e
2026-10-04T22:23:17.6899391Z 290/290 Test #1689: lavik_grouped_hash_write_e2e ............................................................................................................................   Passed  120.16 sec
2026-10-04T22:23:17.6910540Z 
2026-10-04T22:23:17.6911107Z 99% tests passed, 1 tests failed out of 290
2026-10-04T22:23:17.6915475Z 
2026-10-04T22:23:17.6915788Z Label Time Summary:
2026-10-04T22:23:17.6916145Z automatic-failover     =  42.45 sec*proc (1 test)
2026-10-04T22:23:17.6916693Z cluster-hardware       =   0.01 sec*proc (1 test)
2026-10-04T22:23:17.6917118Z cluster-integration    =  42.96 sec*proc (1 test)
2026-10-04T22:23:17.6917607Z cluster-model          =   0.01 sec*proc (6 tests)
2026-10-04T22:23:17.6918006Z failover               = 183.02 sec*proc (6 tests)
2026-10-04T22:23:17.6918435Z meta                   =  11.08 sec*proc (116 tests)
2026-10-04T22:23:17.6918834Z meta-integration       = 920.84 sec*proc (20 tests)
2026-10-04T22:23:17.6919222Z population-recovery    = 104.85 sec*proc (4 tests)
2026-10-04T22:23:17.6919734Z redis-import           =  56.37 sec*proc (4 tests)
2026-10-04T22:23:17.6920096Z sentinel-client        = 267.73 sec*proc (3 tests)
2026-10-04T22:23:17.6920332Z 
2026-10-04T22:23:17.6920501Z Total Test time (real) = 1219.33 sec
2026-10-04T22:23:17.6920683Z 
2026-10-04T22:23:17.6920834Z The following tests FAILED:
2026-10-04T22:23:17.6921333Z 	1649 - lavik_redis_sync_reader_cluster-cluster (Failed)  meta-integration redis-import
2026-10-04T22:23:17.6960252Z Errors while running CTest
2026-10-04T22:23:17.7149948Z FAIL: ctest
2026-10-04T22:23:18.4103371Z Cleanup: may take some time... OK
2026-10-04T22:23:18.4105696Z Starting test server at port 21079
2026-10-04T22:23:18.4148573Z [ready]: 14316
2026-10-04T22:23:18.4150091Z Testing unit/type/string
2026-10-04T22:23:18.4917813Z [ok]: SET and GET an item (4 ms)
2026-10-04T22:23:18.4918210Z [ok]: SET and GET an empty item (0 ms)
2026-10-04T22:23:18.5781014Z [ok]: Very big payload in GET/SET (118 ms)
2026-10-04T22:23:18.5782823Z [ignore]: Tag: slow denied
2026-10-04T22:23:18.5798059Z [ok]: SETNX target key missing (1 ms)
2026-10-04T22:23:18.5808689Z [ok]: SETNX target key exists (0 ms)
2026-10-04T22:23:18.5818320Z [ok]: SETNX against not-expired volatile key (0 ms)
2026-10-04T22:23:22.3085646Z [ok]: SETNX against expired volatile key (3726 ms)
2026-10-04T22:23:22.3140884Z [ok]: GETEX EX option (5 ms)
2026-10-04T22:23:22.3155233Z [ok]: GETEX PX option (1 ms)
2026-10-04T22:23:22.3167616Z [ok]: GETEX EXAT option (1 ms)
2026-10-04T22:23:22.3180450Z [ok]: GETEX PXAT option (1 ms)
2026-10-04T22:23:22.3194199Z [ok]: GETEX PERSIST option (1 ms)
2026-10-04T22:23:22.3207302Z [ok]: GETEX no option (1 ms)
2026-10-04T22:23:22.3212190Z [ok]: GETEX syntax errors (1 ms)
2026-10-04T22:23:22.3244358Z [ok]: GETEX and GET expired key or not exist (3 ms)
2026-10-04T22:23:22.3249654Z [ok]: GETEX no arguments (0 ms)
2026-10-04T22:23:22.3264941Z [ok]: GETDEL command (1 ms)
2026-10-04T22:23:22.3265573Z [ignore]: GETDEL propagate as DEL command to replica: Tag: needs:repl denied
2026-10-04T22:23:22.3266163Z [ignore]: GETEX without argument does not propagate to replica: Tag: needs:repl denied
2026-10-04T22:23:22.3879913Z [ok]: MGET (61 ms)
2026-10-04T22:23:22.3887801Z [ok]: MGET against non existing key (0 ms)
2026-10-04T22:23:22.3897332Z [ok]: MGET against non-string key (1 ms)
2026-10-04T22:23:22.3907581Z [ok]: GETSET (set new value) (1 ms)
2026-10-04T22:23:22.3918608Z [ok]: GETSET (replace old value) (0 ms)
2026-10-04T22:23:22.3930094Z [ok]: MSET base case (0 ms)
2026-10-04T22:23:22.3939551Z [ok]: MSET/MSETNX wrong number of args (0 ms)
2026-10-04T22:23:22.3949857Z [ok]: MSET with already existing - same key twice (0 ms)
2026-10-04T22:23:22.3959997Z [ok]: MSETNX with already existent key (0 ms)
2026-10-04T22:23:22.3970587Z [ok]: MSETNX with not existing keys (0 ms)
2026-10-04T22:23:22.3980963Z [ok]: MSETNX with not existing keys - same key twice (0 ms)
2026-10-04T22:23:22.3991597Z [ok]: MSETNX with already existing keys - same key twice (0 ms)
2026-10-04T22:23:22.3997058Z [ok]: STRLEN against non-existing key (0 ms)
2026-10-04T22:23:22.4006264Z [ok]: STRLEN against integer-encoded value (1 ms)
2026-10-04T22:23:22.4016115Z [ok]: STRLEN against plain string (1 ms)
2026-10-04T22:23:22.4026380Z [ok]: SETBIT against non-existing key (1 ms)
2026-10-04T22:23:22.4037720Z [ok]: SETBIT against string-encoded key (1 ms)
2026-10-04T22:23:22.4050589Z [ok]: SETBIT against integer-encoded key (1 ms)
2026-10-04T22:23:22.4059451Z [ok]: SETBIT against key with wrong type (0 ms)
2026-10-04T22:23:22.4071107Z [ok]: SETBIT with out of range bit offset (0 ms)
2026-10-04T22:23:22.4083286Z [ok]: SETBIT with non-bit argument (1 ms)
2026-10-04T22:23:22.8616003Z [ok]: SETBIT fuzzing (453 ms)
2026-10-04T22:23:22.8620829Z [ok]: GETBIT against non-existing key (0 ms)
2026-10-04T22:23:22.8634797Z [ok]: GETBIT against string-encoded key (1 ms)
2026-10-04T22:23:22.8648682Z [ok]: GETBIT against integer-encoded key (1 ms)
2026-10-04T22:23:22.8664051Z [ok]: SETRANGE against non-existing key (1 ms)
2026-10-04T22:23:22.8682006Z [ok]: SETRANGE against string-encoded key (2 ms)
2026-10-04T22:23:22.8701500Z [ok]: SETRANGE against integer-encoded key (1 ms)
2026-10-04T22:23:22.8712622Z [ok]: SETRANGE against key with wrong type (1 ms)
2026-10-04T22:23:22.8725597Z [ok]: SETRANGE with out of range offset (1 ms)
2026-10-04T22:23:22.8732141Z [ok]: GETRANGE against non-existing key (1 ms)
2026-10-04T22:23:22.8743225Z [ok]: GETRANGE against wrong key type (1 ms)
2026-10-04T22:23:22.8756863Z [ok]: GETRANGE against string value (1 ms)
2026-10-04T22:23:22.8769840Z [ok]: GETRANGE against integer-encoded value (1 ms)
2026-10-04T22:23:23.4752437Z [ok]: GETRANGE fuzzing (597 ms)
2026-10-04T22:23:23.4765468Z [ok]: Coverage: SUBSTR (1 ms)
2026-10-04T22:23:23.4784831Z [ok]: Extended SET can detect syntax errors (0 ms)
2026-10-04T22:23:23.4799207Z [ok]: Extended SET NX option (1 ms)
2026-10-04T22:23:23.4813331Z [ok]: Extended SET XX option (1 ms)
2026-10-04T22:23:23.4825602Z [ok]: Extended SET GET option (1 ms)
2026-10-04T22:23:23.4836237Z [ok]: Extended SET GET option with no previous value (1 ms)
2026-10-04T22:23:23.4845902Z [ok]: Extended SET GET option with XX (1 ms)
2026-10-04T22:23:23.4854534Z [ok]: Extended SET GET option with XX and no previous value (1 ms)
2026-10-04T22:23:23.4863942Z [ok]: Extended SET GET option with NX (1 ms)
2026-10-04T22:23:23.4876341Z [ok]: Extended SET GET option with NX and previous value (1 ms)
2026-10-04T22:23:23.4888502Z [ok]: Extended SET GET with incorrect type should result in wrong type error (1 ms)
2026-10-04T22:23:23.4898992Z [ok]: Extended SET EX option (0 ms)
2026-10-04T22:23:23.4909084Z [ok]: Extended SET PX option (0 ms)
2026-10-04T22:23:23.4918782Z [ok]: Extended SET EXAT option (0 ms)
2026-10-04T22:23:23.4928228Z [ok]: Extended SET PXAT option (0 ms)
2026-10-04T22:23:23.4937669Z [ok]: Extended SET using multiple options at once (1 ms)
2026-10-04T22:23:23.4945744Z [ok]: GETRANGE with huge ranges, Github issue #1844 (1 ms)
2026-10-04T22:23:23.4968626Z [ok]: LCS basic (2 ms)
2026-10-04T22:23:23.4984175Z [ok]: LCS len (1 ms)
2026-10-04T22:23:23.5005334Z [ok]: LCS indexes (2 ms)
2026-10-04T22:23:23.5027328Z [ok]: LCS indexes with match len (2 ms)
2026-10-04T22:23:23.5047478Z [ok]: LCS indexes with match len and minimum match len (1 ms)
2026-10-04T22:23:23.5056512Z [ok]: SETRANGE with huge offset (0 ms)
2026-10-04T22:23:23.5070608Z [ok]: APPEND modifies the encoding from int to raw (1 ms)
2026-10-04T22:23:23.5073520Z [1/10 done]: unit/type/string (5 seconds)
2026-10-04T22:23:23.5073913Z Testing unit/type/incr
2026-10-04T22:23:23.5460205Z [ok]: INCR against non existing key (0 ms)
2026-10-04T22:23:23.5462104Z [ok]: INCR against key created by incr itself (0 ms)
2026-10-04T22:23:23.5463867Z [ok]: DECR against key created by incr (0 ms)
2026-10-04T22:23:23.5465191Z [ok]: DECR against key is not exist and incr (0 ms)
2026-10-04T22:23:23.5465883Z [ok]: INCR against key originally set with SET (0 ms)
2026-10-04T22:23:23.5466348Z [ok]: INCR over 32bit value (0 ms)
2026-10-04T22:23:23.5466723Z [ok]: INCRBY over 32bit value with over 32bit increment (1 ms)
2026-10-04T22:23:23.5468507Z [ok]: INCR fails against key with spaces (left) (0 ms)
2026-10-04T22:23:23.5469182Z [ok]: INCR fails against key with spaces (right) (0 ms)
2026-10-04T22:23:23.5531571Z [ok]: INCR fails against key with spaces (both) (1 ms)
2026-10-04T22:23:23.5532185Z [ok]: DECRBY negation overflow (1 ms)
2026-10-04T22:23:23.5532610Z [ok]: INCR fails against a key holding a list (1 ms)
2026-10-04T22:23:23.5533407Z [ok]: DECRBY over 32bit value with over 32bit increment, negative res (0 ms)
2026-10-04T22:23:23.5533991Z [ok]: DECRBY against key is not exist (0 ms)
2026-10-04T22:23:23.5534961Z [ok]: INCR uses shared objects in the 0-9999 range (1 ms)
2026-10-04T22:23:23.5535484Z [ignore]: INCR can modify objects in-place: Tag: needs:debug denied
2026-10-04T22:23:23.5535971Z [ok]: INCRBYFLOAT against non existing key (1 ms)
2026-10-04T22:23:23.5537086Z [ok]: INCRBYFLOAT against key originally set with SET (1 ms)
2026-10-04T22:23:23.5537702Z [ok]: INCRBYFLOAT over 32bit value (0 ms)
2026-10-04T22:23:23.5602560Z [ok]: INCRBYFLOAT over 32bit value with over 32bit increment (1 ms)
2026-10-04T22:23:23.5603748Z [ok]: INCRBYFLOAT fails against key with spaces (left) (1 ms)
2026-10-04T22:23:23.5604540Z [ok]: INCRBYFLOAT fails against key with spaces (right) (1 ms)
2026-10-04T22:23:23.5605418Z [ok]: INCRBYFLOAT fails against key with spaces (both) (0 ms)
2026-10-04T22:23:23.5606056Z [ok]: INCRBYFLOAT fails against a key holding a list (0 ms)
2026-10-04T22:23:23.5606674Z [ok]: INCRBYFLOAT does not allow NaN or Infinity (1 ms)
2026-10-04T22:23:23.5607283Z [ok]: INCRBYFLOAT decrement (0 ms)
2026-10-04T22:23:23.5607914Z [ok]: string to double with null terminator (0 ms)
2026-10-04T22:23:23.5608549Z [ok]: No negative zero (0 ms)
2026-10-04T22:23:23.6008054Z [ok]: incr operation should update encoding from raw to int (1 ms)
2026-10-04T22:23:23.6009972Z [ok]: decr operation should update encoding from raw to int (1 ms)
2026-10-04T22:23:23.6011218Z [ok]: incrby operation should update encoding from raw to int (1 ms)
2026-10-04T22:23:23.6011831Z [ok]: decrby operation should update encoding from raw to int (1 ms)
2026-10-04T22:23:23.6012642Z [2/10 done]: unit/type/incr (0 seconds)
2026-10-04T22:23:23.6013016Z Testing unit/type/list
2026-10-04T22:23:23.6748272Z [ok]: reg node check compression with insert and pop (4 ms)
2026-10-04T22:23:23.6749027Z [ok]: reg node check compression combined with trim (1 ms)
2026-10-04T22:23:23.6749446Z [ok]: reg node check compression with lset (2 ms)
2026-10-04T22:23:23.6749904Z [ignore]: plain node check compression: Tag: needs:debug denied
2026-10-04T22:23:23.6750714Z [ignore]: plain node check compression with ltrim: Tag: needs:debug denied
2026-10-04T22:23:23.6751340Z [ignore]: plain node check compression using lset: Tag: needs:debug denied
2026-10-04T22:23:23.6751929Z [ignore]: Test LPUSH and LPOP on plain nodes: Tag: needs:debug denied
2026-10-04T22:23:23.6752429Z [ignore]: Test LINDEX and LINSERT on plain nodes: Tag: needs:debug denied
2026-10-04T22:23:23.6752966Z [ignore]: Test LTRIM on plain nodes: Tag: needs:debug denied
2026-10-04T22:23:23.6753423Z [ignore]: Test LREM on plain nodes: Tag: needs:debug denied
2026-10-04T22:23:23.6753884Z [ignore]: Test LPOS on plain nodes: Tag: needs:debug denied
2026-10-04T22:23:23.6754347Z [ignore]: Test LMOVE on plain nodes: Tag: needs:debug denied
2026-10-04T22:23:23.6755011Z [ignore]: Test LSET with packed / plain combinations: Tag: needs:debug denied
2026-10-04T22:23:23.6755671Z [ignore]: Test LSET with packed is split in the middle: Tag: needs:debug denied
2026-10-04T22:23:23.6756220Z [ignore]: Test LSET with packed consist only one item: Tag: needs:debug denied
2026-10-04T22:23:23.6757274Z [ignore]: Crash due to delete entry from a compress quicklist node: Tag: needs:debug denied
2026-10-04T22:23:23.6757871Z [ignore]: Crash due to split quicklist node wrongly: Tag: needs:debug denied
2026-10-04T22:23:23.7024919Z [ignore]: Test LPUSH and LPOP on plain nodes over 4GB: Tag: large-memory denied
2026-10-04T22:23:23.7028654Z [ignore]: Test LINDEX and LINSERT on plain nodes over 4GB: Tag: large-memory denied
2026-10-04T22:23:23.7031102Z [ignore]: Test LTRIM on plain nodes over 4GB: Tag: large-memory denied
2026-10-04T22:23:23.7031688Z [ignore]: Test LREM on plain nodes over 4GB: Tag: large-memory denied
2026-10-04T22:23:23.7032216Z [ignore]: Test LSET on plain nodes over 4GB: Tag: large-memory denied
2026-10-04T22:23:23.7032766Z [ignore]: Test LMOVE on plain nodes over 4GB: Tag: large-memory denied
2026-10-04T22:23:23.7766624Z [ok]: LPOS basic usage - quicklist (42 ms)
2026-10-04T22:23:23.7780660Z [ok]: LPOS RANK (positive, negative and zero rank) option (1 ms)
2026-10-04T22:23:23.7791689Z [ok]: LPOS COUNT option (0 ms)
2026-10-04T22:23:23.7799538Z [ok]: LPOS COUNT + RANK option (0 ms)
2026-10-04T22:23:23.7804935Z [ok]: LPOS non existing key (0 ms)
2026-10-04T22:23:23.7812058Z [ok]: LPOS no match (0 ms)
2026-10-04T22:23:23.7825453Z [ok]: LPOS MAXLEN (1 ms)
2026-10-04T22:23:23.7836299Z [ok]: LPOS when RANK is greater than matches (1 ms)
2026-10-04T22:23:23.8695920Z [ok]: LPUSH, RPUSH, LLENGTH, LINDEX, LPOP - quicklist (86 ms)
2026-10-04T22:23:23.8702115Z [ok]: LPOP/RPOP with wrong number of arguments (1 ms)
2026-10-04T22:23:23.9133902Z [ok]: RPOP/LPOP with the optional count argument - quicklist (43 ms)
2026-10-04T22:23:23.9144512Z [ok]: LPOS basic usage - listpack (1 ms)
2026-10-04T22:23:23.9157141Z [ok]: LPOS RANK (positive, negative and zero rank) option (1 ms)
2026-10-04T22:23:23.9167174Z [ok]: LPOS COUNT option (1 ms)
2026-10-04T22:23:23.9176046Z [ok]: LPOS COUNT + RANK option (0 ms)
2026-10-04T22:23:23.9181300Z [ok]: LPOS non existing key (0 ms)
2026-10-04T22:23:23.9188774Z [ok]: LPOS no match (0 ms)
2026-10-04T22:23:23.9200266Z [ok]: LPOS MAXLEN (0 ms)
2026-10-04T22:23:23.9209427Z [ok]: LPOS when RANK is greater than matches (0 ms)
2026-10-04T22:23:23.9246391Z [ok]: LPUSH, RPUSH, LLENGTH, LINDEX, LPOP - listpack (3 ms)
2026-10-04T22:23:23.9254272Z [ok]: LPOP/RPOP with wrong number of arguments (1 ms)
2026-10-04T22:23:23.9270317Z [ok]: RPOP/LPOP with the optional count argument - listpack (1 ms)
2026-10-04T22:23:23.9282495Z [ok]: LPOP/RPOP with the count 0 returns an empty array in RESP3 (1 ms)
2026-10-04T22:23:23.9292285Z [ok]: LPOP/RPOP against non existing key in RESP3 (0 ms)
2026-10-04T22:23:23.9303352Z [ok]: LPOP/RPOP with <count> against non existing key in RESP3 (1 ms)
2026-10-04T22:23:23.9314393Z [ok]: LPOP/RPOP with the count 0 returns an empty array in RESP2 (1 ms)
2026-10-04T22:23:23.9322666Z [ok]: LPOP/RPOP against non existing key in RESP2 (1 ms)
2026-10-04T22:23:23.9334653Z [ok]: LPOP/RPOP with <count> against non existing key in RESP2 (0 ms)
2026-10-04T22:23:23.9346585Z [ok]: Variadic RPUSH/LPUSH (1 ms)
2026-10-04T22:23:23.9357193Z [ok]: DEL a list (1 ms)
2026-10-04T22:23:23.9799358Z [ok]: BLPOP: single existing list - quicklist (43 ms)
2026-10-04T22:23:24.0666110Z [ok]: BLPOP: multiple existing lists - quicklist (86 ms)
2026-10-04T22:23:24.1103361Z [ok]: BLPOP: second list has an entry - quicklist (44 ms)
2026-10-04T22:23:24.1535674Z [ok]: BLMPOP_LEFT: single existing list - quicklist (43 ms)
2026-10-04T22:23:24.2393631Z [ok]: BLMPOP_LEFT: multiple existing lists - quicklist (86 ms)
2026-10-04T22:23:24.2823482Z [ok]: BLMPOP_LEFT: second list has an entry - quicklist (43 ms)
2026-10-04T22:23:24.3276296Z [ok]: BRPOPLPUSH - quicklist (45 ms)
2026-10-04T22:23:24.3731203Z [ok]: BLMOVE left left - quicklist (45 ms)
2026-10-04T22:23:24.4187420Z [ok]: BLMOVE left right - quicklist (45 ms)
2026-10-04T22:23:24.4640986Z [ok]: BLMOVE right left - quicklist (45 ms)
2026-10-04T22:23:24.5098096Z [ok]: BLMOVE right right - quicklist (45 ms)
2026-10-04T22:23:24.5124904Z [ok]: BLPOP: single existing list - listpack (2 ms)
2026-10-04T22:23:24.5159904Z [ok]: BLPOP: multiple existing lists - listpack (3 ms)
2026-10-04T22:23:24.5183973Z [ok]: BLPOP: second list has an entry - listpack (2 ms)
2026-10-04T22:23:24.5209555Z [ok]: BLMPOP_LEFT: single existing list - listpack (2 ms)
2026-10-04T22:23:24.5246246Z [ok]: BLMPOP_LEFT: multiple existing lists - listpack (3 ms)
2026-10-04T22:23:24.5273830Z [ok]: BLMPOP_LEFT: second list has an entry - listpack (3 ms)
2026-10-04T22:23:24.5315766Z [ok]: BRPOPLPUSH - listpack (4 ms)
2026-10-04T22:23:24.5356173Z [ok]: BLMOVE left left - listpack (4 ms)
2026-10-04T22:23:24.5393551Z [ok]: BLMOVE left right - listpack (4 ms)
2026-10-04T22:23:24.5433848Z [ok]: BLMOVE right left - listpack (4 ms)
2026-10-04T22:23:24.5474314Z [ok]: BLMOVE right right - listpack (4 ms)
2026-10-04T22:23:24.6531613Z [ok]: BLPOP, LPUSH + DEL should not awake blocked client (105 ms)
2026-10-04T22:23:24.7586774Z [ok]: BLPOP, LPUSH + DEL + SET should not awake blocked client (105 ms)
2026-10-04T22:23:24.8635638Z [ok]: BLMPOP_LEFT, LPUSH + DEL should not awake blocked client (105 ms)
2026-10-04T22:23:24.9702052Z [ok]: BLMPOP_LEFT, LPUSH + DEL + SET should not awake blocked client (106 ms)
2026-10-04T22:23:25.1791477Z [ok]: BLPOP with same key multiple times should work (issue #801) (208 ms)
2026-10-04T22:23:25.2836299Z [ok]: MULTI/EXEC is isolated from the point of view of BLPOP (104 ms)
2026-10-04T22:23:25.2864218Z [ok]: BLPOP with variadic LPUSH (3 ms)
2026-10-04T22:23:25.3910950Z [ok]: MULTI/EXEC is isolated from the point of view of BLMPOP_LEFT (104 ms)
2026-10-04T22:23:25.3937041Z [ok]: BLMPOP_LEFT with variadic LPUSH (2 ms)
2026-10-04T22:23:25.4087634Z [ok]: BRPOPLPUSH with zero timeout should block indefinitely (15 ms)
2026-10-04T22:23:25.4240901Z [ok]: BLMOVE left left with zero timeout should block indefinitely (14 ms)
2026-10-04T22:23:25.4394090Z [ok]: BLMOVE left right with zero timeout should block indefinitely (15 ms)
2026-10-04T22:23:25.4548477Z [ok]: BLMOVE right left with zero timeout should block indefinitely (15 ms)
2026-10-04T22:23:25.4729753Z [ok]: BLMOVE right right with zero timeout should block indefinitely (18 ms)
2026-10-04T22:23:25.4895611Z [ok]: BLMOVE (left, left) with a client BLPOPing the target list (16 ms)
2026-10-04T22:23:25.5169515Z [ok]: BLMOVE (left, right) with a client BLPOPing the target list (27 ms)
2026-10-04T22:23:25.5332457Z [ok]: BLMOVE (right, left) with a client BLPOPing the target list (15 ms)
2026-10-04T22:23:25.5606677Z [ok]: BLMOVE (right, right) with a client BLPOPing the target list (27 ms)
2026-10-04T22:23:25.5619816Z [ok]: BRPOPLPUSH with wrong source type (1 ms)
2026-10-04T22:23:25.5663792Z [ok]: BRPOPLPUSH with wrong destination type (4 ms)
2026-10-04T22:23:25.5693386Z [ok]: BRPOPLPUSH maintains order of elements after failure (3 ms)
2026-10-04T22:23:25.5861149Z [ok]: BRPOPLPUSH with multiple blocked clients (16 ms)
2026-10-04T22:23:25.6270919Z [ok]: BLMPOP with multiple blocked clients (40 ms)
2026-10-04T22:23:25.6448778Z [ok]: Linked LMOVEs (17 ms)
2026-10-04T22:23:25.6632529Z [ok]: Circular BRPOPLPUSH (18 ms)
2026-10-04T22:23:25.6658503Z [ok]: Self-referential BRPOPLPUSH (2 ms)
2026-10-04T22:23:25.6687755Z [ok]: BRPOPLPUSH inside a transaction (2 ms)
2026-10-04T22:23:25.7751843Z [ok]: PUSH resulting from BRPOPLPUSH affect WATCH (105 ms)
2026-10-04T22:23:25.7794357Z [ok]: BRPOPLPUSH does not affect WATCH while still blocked (4 ms)
2026-10-04T22:23:26.7839300Z [ok]: BRPOPLPUSH timeout (1004 ms)
2026-10-04T22:23:26.7840671Z [ignore]: SWAPDB awakes blocked client: Not supported on singledb
2026-10-04T22:23:26.7841968Z [ignore]: SWAPDB wants to wake blocked client, but the key already expired: Tag: needs:debug denied
2026-10-04T22:23:26.7842723Z [ignore]: MULTI + LPUSH + EXPIRE + DEBUG SLEEP on blocked client, key already expired: Tag: needs:debug denied
2026-10-04T22:23:26.8883469Z [ok]: BLPOP when new key is moved into place (104 ms)
2026-10-04T22:23:26.9948063Z [ok]: BLPOP when result key is created by SORT..STORE (106 ms)
2026-10-04T22:23:27.1001993Z [ok]: BLMPOP_LEFT when new key is moved into place (105 ms)
2026-10-04T22:23:27.2063742Z [ok]: BLMPOP_LEFT when result key is created by SORT..STORE (106 ms)
2026-10-04T22:23:27.2070778Z [ok]: BLPOP: timeout value out of range (0 ms)
2026-10-04T22:23:27.2094320Z [ok]: BLPOP: with single empty list argument (2 ms)
2026-10-04T22:23:27.2102101Z [ok]: BLPOP: with negative timeout (1 ms)
2026-10-04T22:23:27.2115544Z [ok]: BLPOP: with non-integer timeout (1 ms)
2026-10-04T22:23:27.2133634Z [ok]: BLPOP: with zero timeout should block indefinitely (2 ms)
2026-10-04T22:23:27.2260785Z [ok]: BLPOP: with 0.001 timeout should not block indefinitely (12 ms)
2026-10-04T22:23:27.2277091Z [ok]: BLPOP: second argument is not a list (1 ms)
2026-10-04T22:23:28.2300916Z [ok]: BLPOP: timeout (1002 ms)
2026-10-04T22:23:28.2345226Z [ok]: BLPOP: arguments are empty (4 ms)
2026-10-04T22:23:28.2367017Z [ok]: BRPOP: with single empty list argument (2 ms)
2026-10-04T22:23:28.2378793Z [ok]: BRPOP: with negative timeout (0 ms)
2026-10-04T22:23:28.2398179Z [ok]: BRPOP: with non-integer timeout (1 ms)
2026-10-04T22:23:28.2416551Z [ok]: BRPOP: with zero timeout should block indefinitely (2 ms)
2026-10-04T22:23:28.2544670Z [ok]: BRPOP: with 0.001 timeout should not block indefinitely (13 ms)
2026-10-04T22:23:28.2560073Z [ok]: BRPOP: second argument is not a list (1 ms)
2026-10-04T22:23:29.2578039Z [ok]: BRPOP: timeout (1001 ms)
2026-10-04T22:23:29.2620843Z [ok]: BRPOP: arguments are empty (3 ms)
2026-10-04T22:23:29.2643672Z [ok]: BLMPOP_LEFT: with single empty list argument (2 ms)
2026-10-04T22:23:29.2650657Z [ok]: BLMPOP_LEFT: with negative timeout (0 ms)
2026-10-04T22:23:29.2664150Z [ok]: BLMPOP_LEFT: with non-integer timeout (1 ms)
2026-10-04T22:23:29.2683325Z [ok]: BLMPOP_LEFT: with zero timeout should block indefinitely (2 ms)
2026-10-04T22:23:29.2810600Z [ok]: BLMPOP_LEFT: with 0.001 timeout should not block indefinitely (12 ms)
2026-10-04T22:23:29.2825698Z [ok]: BLMPOP_LEFT: second argument is not a list (1 ms)
2026-10-04T22:23:30.2842947Z [ok]: BLMPOP_LEFT: timeout (1001 ms)
2026-10-04T22:23:30.2887369Z [ok]: BLMPOP_LEFT: arguments are empty (4 ms)
2026-10-04T22:23:30.2911043Z [ok]: BLMPOP_RIGHT: with single empty list argument (1 ms)
2026-10-04T22:23:30.2917612Z [ok]: BLMPOP_RIGHT: with negative timeout (0 ms)
2026-10-04T22:23:30.2931399Z [ok]: BLMPOP_RIGHT: with non-integer timeout (1 ms)
2026-10-04T22:23:30.2948825Z [ok]: BLMPOP_RIGHT: with zero timeout should block indefinitely (1 ms)
2026-10-04T22:23:30.3075795Z [ok]: BLMPOP_RIGHT: with 0.001 timeout should not block indefinitely (12 ms)
2026-10-04T22:23:30.3090410Z [ok]: BLMPOP_RIGHT: second argument is not a list (1 ms)
2026-10-04T22:23:31.3107820Z [ok]: BLMPOP_RIGHT: timeout (1001 ms)
2026-10-04T22:23:31.3152252Z [ok]: BLMPOP_RIGHT: arguments are empty (3 ms)
2026-10-04T22:23:31.3168786Z [ok]: BLPOP inside a transaction (1 ms)
2026-10-04T22:23:31.3184220Z [ok]: BLMPOP_LEFT inside a transaction (1 ms)
2026-10-04T22:23:31.3185228Z [ignore]: BLMPOP propagate as pop with count command to replica: Tag: needs:repl denied
2026-10-04T22:23:31.3196089Z [ok]: LPUSHX, RPUSHX - generic (1 ms)
2026-10-04T22:23:31.3623366Z [ok]: LPUSHX, RPUSHX - quicklist (43 ms)
2026-10-04T22:23:31.4065261Z [ok]: LINSERT - quicklist (44 ms)
2026-10-04T22:23:31.4082980Z [ok]: LPUSHX, RPUSHX - listpack (2 ms)
2026-10-04T22:23:31.4112996Z [ok]: LINSERT - listpack (3 ms)
2026-10-04T22:23:31.4120484Z [ok]: LINSERT raise error on bad syntax (0 ms)
2026-10-04T22:23:31.4127641Z [ok]: LINSERT against non-list value error (0 ms)
2026-10-04T22:23:31.4133679Z [ok]: LINSERT against non existing key (1 ms)
2026-10-04T22:23:31.5407862Z [ok]: LINDEX consistency test - listpack (127 ms)
2026-10-04T22:23:31.6838382Z [ok]: LINDEX random access - listpack (142 ms)
2026-10-04T22:23:31.6838956Z [ignore]: Check if list is still ok after a DEBUG RELOAD - listpack: Tag: needs:debug denied
2026-10-04T22:23:32.1305280Z [ok]: LINDEX consistency test - listpack (446 ms)
2026-10-04T22:23:32.4990199Z [ok]: LINDEX random access - listpack (368 ms)
2026-10-04T22:23:32.4991231Z [ignore]: Check if list is still ok after a DEBUG RELOAD - listpack: Tag: needs:debug denied
2026-10-04T22:23:32.6885227Z [ok]: LINDEX consistency test - quicklist (189 ms)
2026-10-04T22:23:32.8492965Z [ok]: LINDEX random access - quicklist (160 ms)
2026-10-04T22:23:32.8495119Z [ignore]: Check if list is still ok after a DEBUG RELOAD - quicklist: Tag: needs:debug denied
2026-10-04T22:23:33.2715060Z [ok]: LINDEX consistency test - quicklist (422 ms)
2026-10-04T22:23:33.6449661Z [ok]: LINDEX random access - quicklist (373 ms)
2026-10-04T22:23:33.6450532Z [ignore]: Check if list is still ok after a DEBUG RELOAD - quicklist: Tag: needs:debug denied
2026-10-04T22:23:33.6460171Z [ok]: LLEN against non-list value error (0 ms)
2026-10-04T22:23:33.6467325Z [ok]: LLEN against non existing key (0 ms)
2026-10-04T22:23:33.6472521Z [ok]: LINDEX against non-list value error (1 ms)
2026-10-04T22:23:33.6478407Z [ok]: LINDEX against non existing key (0 ms)
2026-10-04T22:23:33.6486445Z [ok]: LPUSH against non-list value error (0 ms)
2026-10-04T22:23:33.6491157Z [ok]: RPUSH against non-list value error (0 ms)
2026-10-04T22:23:33.6965012Z [ok]: RPOPLPUSH base case - quicklist (47 ms)
2026-10-04T22:23:33.7427531Z [ok]: LMOVE left left base case - quicklist (46 ms)
2026-10-04T22:23:33.7891302Z [ok]: LMOVE left right base case - quicklist (45 ms)
2026-10-04T22:23:33.8345426Z [ok]: LMOVE right left base case - quicklist (45 ms)
2026-10-04T22:23:33.8808762Z [ok]: LMOVE right right base case - quicklist (46 ms)
2026-10-04T22:23:33.9253370Z [ok]: RPOPLPUSH with the same list as src and dst - quicklist (44 ms)
2026-10-04T22:23:33.9683543Z [ok]: LMOVE left left with the same list as src and dst - quicklist (42 ms)
2026-10-04T22:23:34.0119923Z [ok]: LMOVE left right with the same list as src and dst - quicklist (43 ms)
2026-10-04T22:23:34.0563838Z [ok]: LMOVE right left with the same list as src and dst - quicklist (44 ms)
2026-10-04T22:23:34.0995761Z [ok]: LMOVE right right with the same list as src and dst - quicklist (43 ms)
2026-10-04T22:23:34.1888336Z [ok]: RPOPLPUSH with quicklist source and existing target quicklist (89 ms)
2026-10-04T22:23:34.2771677Z [ok]: LMOVE left left with quicklist source and existing target quicklist (87 ms)
2026-10-04T22:23:34.3666311Z [ok]: LMOVE left right with quicklist source and existing target quicklist (89 ms)
2026-10-04T22:23:34.4562686Z [ok]: LMOVE right left with quicklist source and existing target quicklist (89 ms)
2026-10-04T22:23:34.5457191Z [ok]: LMOVE right right with quicklist source and existing target quicklist (89 ms)
2026-10-04T22:23:34.5920409Z [ok]: RPOPLPUSH with quicklist source and existing target listpack (46 ms)
2026-10-04T22:23:34.6379287Z [ok]: LMOVE left left with quicklist source and existing target listpack (45 ms)
2026-10-04T22:23:34.6842463Z [ok]: LMOVE left right with quicklist source and existing target listpack (45 ms)
2026-10-04T22:23:34.7305485Z [ok]: LMOVE right left with quicklist source and existing target listpack (46 ms)
2026-10-04T22:23:34.7768357Z [ok]: LMOVE right right with quicklist source and existing target listpack (46 ms)
2026-10-04T22:23:34.7826882Z [ok]: RPOPLPUSH base case - listpack (5 ms)
2026-10-04T22:23:34.7876335Z [ok]: LMOVE left left base case - listpack (4 ms)
2026-10-04T22:23:34.7922394Z [ok]: LMOVE left right base case - listpack (4 ms)
2026-10-04T22:23:34.7966982Z [ok]: LMOVE right left base case - listpack (4 ms)
2026-10-04T22:23:34.8015928Z [ok]: LMOVE right right base case - listpack (5 ms)
2026-10-04T22:23:34.8051084Z [ok]: RPOPLPUSH with the same list as src and dst - listpack (3 ms)
2026-10-04T22:23:34.8073021Z [ok]: LMOVE left left with the same list as src and dst - listpack (2 ms)
2026-10-04T22:23:34.8099581Z [ok]: LMOVE left right with the same list as src and dst - listpack (2 ms)
2026-10-04T22:23:34.8126830Z [ok]: LMOVE right left with the same list as src and dst - listpack (2 ms)
2026-10-04T22:23:34.8147374Z [ok]: LMOVE right right with the same list as src and dst - listpack (2 ms)
2026-10-04T22:23:34.8606066Z [ok]: RPOPLPUSH with listpack source and existing target quicklist (46 ms)
2026-10-04T22:23:34.9067646Z [ok]: LMOVE left left with listpack source and existing target quicklist (46 ms)
2026-10-04T22:23:34.9521014Z [ok]: LMOVE left right with listpack source and existing target quicklist (45 ms)
2026-10-04T22:23:34.9981556Z [ok]: LMOVE right left with listpack source and existing target quicklist (45 ms)
2026-10-04T22:23:35.0455341Z [ok]: LMOVE right right with listpack source and existing target quicklist (47 ms)
2026-10-04T22:23:35.0503592Z [ok]: RPOPLPUSH with listpack source and existing target listpack (5 ms)
2026-10-04T22:23:35.0551848Z [ok]: LMOVE left left with listpack source and existing target listpack (4 ms)
2026-10-04T22:23:35.0600183Z [ok]: LMOVE left right with listpack source and existing target listpack (4 ms)
2026-10-04T22:23:35.0649605Z [ok]: LMOVE right left with listpack source and existing target listpack (4 ms)
2026-10-04T22:23:35.0696085Z [ok]: LMOVE right right with listpack source and existing target listpack (4 ms)
2026-10-04T22:23:35.0710408Z [ok]: RPOPLPUSH against non existing key (1 ms)
2026-10-04T22:23:35.0726867Z [ok]: RPOPLPUSH against non list src key (1 ms)
2026-10-04T22:23:35.1156114Z [ok]: RPOPLPUSH against non list dst key - quicklist (43 ms)
2026-10-04T22:23:35.1180510Z [ok]: RPOPLPUSH against non list dst key - listpack (2 ms)
2026-10-04T22:23:35.1192210Z [ok]: RPOPLPUSH against non existing src key (0 ms)
2026-10-04T22:23:35.2040866Z [ok]: Basic LPOP/RPOP/LMPOP - quicklist (84 ms)
2026-10-04T22:23:35.2064853Z [ok]: Basic LPOP/RPOP/LMPOP - listpack (2 ms)
2026-10-04T22:23:35.2085673Z [ok]: LPOP/RPOP/LMPOP against empty list (2 ms)
2026-10-04T22:23:35.2111960Z [ok]: LPOP/RPOP/LMPOP NON-BLOCK or BLOCK against non list value (2 ms)
2026-10-04T22:23:35.3125010Z [ok]: Mass RPOP/LPOP - listpack (101 ms)
2026-10-04T22:23:35.5688583Z [ok]: Mass RPOP/LPOP - listpack (256 ms)
2026-10-04T22:23:35.5711522Z [ok]: LMPOP with illegal argument (1 ms)
2026-10-04T22:23:35.7004861Z [ok]: LMPOP single existing list - quicklist (129 ms)
2026-10-04T22:23:35.8711943Z [ok]: LMPOP multiple existing lists - quicklist (170 ms)
2026-10-04T22:23:35.8772535Z [ok]: LMPOP single existing list - listpack (6 ms)
2026-10-04T22:23:35.8832209Z [ok]: LMPOP multiple existing lists - listpack (6 ms)
2026-10-04T22:23:35.8832973Z [ignore]: LMPOP propagate as pop with count command to replica: Tag: needs:repl denied
2026-10-04T22:23:35.9272473Z [ok]: LRANGE basics - quicklist (43 ms)
2026-10-04T22:23:35.9707530Z [ok]: LRANGE inverted indexes - quicklist (43 ms)
2026-10-04T22:23:36.0128128Z [ok]: LRANGE out of range indexes including the full list - quicklist (41 ms)
2026-10-04T22:23:36.0550671Z [ok]: LRANGE out of range negative end index - quicklist (41 ms)
2026-10-04T22:23:36.0575868Z [ok]: LRANGE basics - listpack (2 ms)
2026-10-04T22:23:36.0597761Z [ok]: LRANGE inverted indexes - listpack (2 ms)
2026-10-04T22:23:36.0610486Z [ok]: LRANGE out of range indexes including the full list - listpack (1 ms)
2026-10-04T22:23:36.0624472Z [ok]: LRANGE out of range negative end index - listpack (1 ms)
2026-10-04T22:23:36.0629815Z [ok]: LRANGE against non existing key (0 ms)
2026-10-04T22:23:36.0644895Z [ok]: LRANGE with start > end yields an empty array for backward compatibility (1 ms)
2026-10-04T22:23:36.5706906Z [ok]: LTRIM basics - quicklist (506 ms)
2026-10-04T22:23:36.6554524Z [ok]: LTRIM out of range negative end index - quicklist (84 ms)
2026-10-04T22:23:36.6982444Z [ok]: LSET - quicklist (42 ms)
2026-10-04T22:23:36.6988883Z [ok]: LSET out of range index - quicklist (0 ms)
2026-10-04T22:23:36.7134760Z [ok]: LTRIM basics - listpack (14 ms)
2026-10-04T22:23:36.7166710Z [ok]: LTRIM out of range negative end index - listpack (3 ms)
2026-10-04T22:23:36.7184259Z [ok]: LSET - listpack (2 ms)
2026-10-04T22:23:36.7189535Z [ok]: LSET out of range index - listpack (0 ms)
2026-10-04T22:23:36.7195501Z [ok]: LSET against non existing key (0 ms)
2026-10-04T22:23:36.7205102Z [ok]: LSET against non list value (1 ms)
2026-10-04T22:23:36.7640044Z [ok]: LREM remove all the occurrences - quicklist (43 ms)
2026-10-04T22:23:36.7648732Z [ok]: LREM remove the first occurrence - quicklist (0 ms)
2026-10-04T22:23:36.7657938Z [ok]: LREM remove non existing element - quicklist (0 ms)
2026-10-04T22:23:36.8090913Z [ok]: LREM starting from tail with negative count - quicklist (42 ms)
2026-10-04T22:23:36.8100687Z [ok]: LREM starting from tail with negative count (2) - quicklist (0 ms)
2026-10-04T22:23:36.8529682Z [ok]: LREM deleting objects that may be int encoded - quicklist (42 ms)
2026-10-04T22:23:36.8552911Z [ok]: LREM remove all the occurrences - listpack (2 ms)
2026-10-04T22:23:36.8560834Z [ok]: LREM remove the first occurrence - listpack (0 ms)
2026-10-04T22:23:36.8567415Z [ok]: LREM remove non existing element - listpack (0 ms)
2026-10-04T22:23:36.8592193Z [ok]: LREM starting from tail with negative count - listpack (1 ms)
2026-10-04T22:23:36.8599627Z [ok]: LREM starting from tail with negative count (2) - listpack (0 ms)
2026-10-04T22:23:36.8613133Z [ok]: LREM deleting objects that may be int encoded - listpack (1 ms)
2026-10-04T22:23:36.8801165Z [ok]: Regression for bug 593 - chaining BRPOPLPUSH with other blocking cmds (18 ms)
2026-10-04T22:23:37.0930676Z [ok]: BLPOP/BLMOVE should increase dirty (212 ms)
2026-10-04T22:23:37.2183039Z [ok]: client unblock tests (124 ms)
2026-10-04T22:23:37.3266337Z [ok]: client unblock tests (108 ms)
2026-10-04T22:23:37.3321852Z [ok]: List listpack -> quicklist encoding conversion (5 ms)
2026-10-04T22:23:37.5020481Z [ok]: List listpack -> quicklist encoding conversion (169 ms)
2026-10-04T22:23:37.7154281Z [ok]: List quicklist -> listpack encoding conversion (212 ms)
2026-10-04T22:23:37.7155383Z [ignore]: List encoding conversion when RDB loading: Tag: needs:debug denied
2026-10-04T22:23:37.7998214Z [ok]: List invalid list-max-listpack-size config (84 ms)
2026-10-04T22:23:37.8989666Z [ok]: List of various encodings (98 ms)
2026-10-04T22:23:37.9473751Z [ok]: List of various encodings - sanitize dump (48 ms)
2026-10-04T22:23:37.9522983Z [ok]: Unblock fairness is kept while pipelining (5 ms)
2026-10-04T22:23:37.9708302Z [ok]: Unblock fairness is kept during nested unblock (18 ms)
2026-10-04T22:23:37.9850165Z [ok]: Blocking command accounted only once in commandstats (13 ms)
2026-10-04T22:23:37.9981967Z [ok]: Blocking command accounted only once in commandstats after timeout (12 ms)
2026-10-04T22:23:37.9982804Z [ignore]: Command being unblocked cause another command to get unblocked execution order test: Tag: needs:repl denied
2026-10-04T22:23:37.9985979Z [3/10 done]: unit/type/list (14 seconds)
2026-10-04T22:23:37.9986343Z Testing unit/type/list-2
2026-10-04T22:23:38.0306462Z [ignore]: Tag: slow denied
2026-10-04T22:23:38.0708175Z [ignore]: Tag: slow denied
2026-10-04T22:23:38.0708576Z [4/10 done]: unit/type/list-2 (1 seconds)
2026-10-04T22:23:38.0709124Z Testing unit/type/list-3
2026-10-04T22:23:38.1428200Z [ok]: Explicit regression for a list bug (1 ms)
2026-10-04T22:23:38.2287561Z [ok]: Regression for quicklist #3343 bug (126 ms)
2026-10-04T22:23:38.3155158Z [ok]: Check compression with recompress (87 ms)
2026-10-04T22:23:38.5243530Z [ok]: Crash due to wrongly recompress after lrem (209 ms)
2026-10-04T22:23:38.5672053Z [ok]: LINSERT correctly recompress full quicklistNode after inserting a element before it (42 ms)
2026-10-04T22:23:38.6099496Z [ok]: LINSERT correctly recompress full quicklistNode after inserting a element after it (42 ms)
2026-10-04T22:23:47.1615524Z [ok]: Stress tester for #3343-alike bugs comp: 2 (8551 ms)
2026-10-04T22:23:55.1994193Z [ok]: Stress tester for #3343-alike bugs comp: 1 (8037 ms)
2026-10-04T22:24:04.4247389Z [ok]: Stress tester for #3343-alike bugs comp: 0 (9225 ms)
2026-10-04T22:24:04.4248423Z [ignore]: Tag: slow denied
2026-10-04T22:24:04.4248895Z [5/10 done]: unit/type/list-3 (26 seconds)
2026-10-04T22:24:04.4249223Z Testing unit/type/set
2026-10-04T22:24:04.4998130Z [ok]: SADD, SCARD, SISMEMBER, SMISMEMBER, SMEMBERS basics - listpack (2 ms)
2026-10-04T22:24:04.4999341Z [ok]: SADD, SCARD, SISMEMBER, SMISMEMBER, SMEMBERS basics - hashtable (37 ms)
2026-10-04T22:24:04.5020508Z [ok]: SADD, SCARD, SISMEMBER, SMISMEMBER, SMEMBERS basics - intset (2 ms)
2026-10-04T22:24:04.5031453Z [ok]: SMISMEMBER SMEMBERS SCARD against non set (0 ms)
2026-10-04T22:24:04.5042601Z [ok]: SMISMEMBER SMEMBERS SCARD against non existing key (1 ms)
2026-10-04T22:24:04.5053799Z [ok]: SMISMEMBER requires one or more members (1 ms)
2026-10-04T22:24:04.5062448Z [ok]: SADD against non set (1 ms)
2026-10-04T22:24:04.5077552Z [ok]: SADD a non-integer against a small intset (1 ms)
2026-10-04T22:24:04.5431064Z [ok]: SADD a non-integer against a large intset (35 ms)
2026-10-04T22:24:04.5446545Z [ok]: SADD an integer larger than 64 bits (1 ms)
2026-10-04T22:24:04.5805592Z [ok]: SADD an integer larger than 64 bits to a large intset (36 ms)
2026-10-04T22:24:04.8380268Z [ok]: SADD overflows the maximum allowed integers in an intset - single (257 ms)
2026-10-04T22:24:04.8724873Z [ok]: SADD overflows the maximum allowed elements in a listpack - single (34 ms)
2026-10-04T22:24:04.9173475Z [ok]: SADD overflows the maximum allowed integers in an intset - multiple (45 ms)
2026-10-04T22:24:04.9195381Z [ok]: SADD overflows the maximum allowed elements in a listpack - multiple (2 ms)
2026-10-04T22:24:04.9642462Z [ok]: SADD overflows the maximum allowed integers in an intset - single_multiple (44 ms)
2026-10-04T22:24:04.9666489Z [ok]: SADD overflows the maximum allowed elements in a listpack - single_multiple (2 ms)
2026-10-04T22:24:04.9681398Z [ok]: Variadic SADD (1 ms)
2026-10-04T22:24:04.9681834Z [ignore]: Set encoding after DEBUG RELOAD: Tag: needs:debug denied
2026-10-04T22:24:04.9699578Z [ok]: SREM basics - $type (1 ms)
2026-10-04T22:24:05.0063917Z [ok]: SREM basics - $type (36 ms)
2026-10-04T22:24:05.0082784Z [ok]: SREM basics - intset (2 ms)
2026-10-04T22:24:05.0097682Z [ok]: SREM with multiple arguments (1 ms)
2026-10-04T22:24:05.0108595Z [ok]: SREM variadic version with more args needed to destroy the key (1 ms)
2026-10-04T22:24:05.0124257Z [ok]: SINTERCARD with illegal arguments (1 ms)
2026-10-04T22:24:05.0138474Z [ok]: SINTERCARD against non-set should throw error (1 ms)
2026-10-04T22:24:05.0147852Z [ok]: SINTERCARD against non-existing key (0 ms)
2026-10-04T22:24:05.1889563Z [ok]: Generated sets must be encoded correctly - regular (0 ms)
2026-10-04T22:24:05.1908029Z [ok]: SINTER with two sets - regular (1 ms)
2026-10-04T22:24:05.1971558Z [ok]: SINTERCARD with two sets - regular (5 ms)
2026-10-04T22:24:05.1997924Z [ok]: SINTERSTORE with two sets - regular (2 ms)
2026-10-04T22:24:05.1999109Z [ignore]: SINTERSTORE with two sets, after a DEBUG RELOAD - regular: Tag: needs:debug denied
2026-10-04T22:24:05.2053632Z [ok]: SUNION with two sets - regular (6 ms)
2026-10-04T22:24:05.2140312Z [ok]: SUNIONSTORE with two sets - regular (8 ms)
2026-10-04T22:24:05.2160082Z [ok]: SINTER against three sets - regular (1 ms)
2026-10-04T22:24:05.2226446Z [ok]: SINTERCARD against three sets - regular (6 ms)
2026-10-04T22:24:05.2250406Z [ok]: SINTERSTORE with three sets - regular (2 ms)
2026-10-04T22:24:05.2311205Z [ok]: SUNION with non existing keys - regular (5 ms)
2026-10-04T22:24:05.2327059Z [ok]: SDIFF with two sets - regular (1 ms)
2026-10-04T22:24:05.2342678Z [ok]: SDIFF with three sets - regular (2 ms)
2026-10-04T22:24:05.2363674Z [ok]: SDIFFSTORE with three sets - regular (2 ms)
2026-10-04T22:24:05.2446707Z [ok]: SINTER/SUNION/SDIFF with three same sets - regular (8 ms)
2026-10-04T22:24:05.4184100Z [ok]: Generated sets must be encoded correctly - intset (0 ms)
2026-10-04T22:24:05.4293781Z [ok]: SINTER with two sets - intset (11 ms)
2026-10-04T22:24:05.4368466Z [ok]: SINTERCARD with two sets - intset (7 ms)
2026-10-04T22:24:05.4396561Z [ok]: SINTERSTORE with two sets - intset (2 ms)
2026-10-04T22:24:05.4397791Z [ignore]: SINTERSTORE with two sets, after a DEBUG RELOAD - intset: Tag: needs:debug denied
2026-10-04T22:24:05.4460216Z [ok]: SUNION with two sets - intset (6 ms)
2026-10-04T22:24:05.4547823Z [ok]: SUNIONSTORE with two sets - intset (8 ms)
2026-10-04T22:24:05.4569926Z [ok]: SINTER against three sets - intset (2 ms)
2026-10-04T22:24:05.4656643Z [ok]: SINTERCARD against three sets - intset (8 ms)
2026-10-04T22:24:05.4685676Z [ok]: SINTERSTORE with three sets - intset (3 ms)
2026-10-04T22:24:05.4754027Z [ok]: SUNION with non existing keys - intset (7 ms)
2026-10-04T22:24:05.4773775Z [ok]: SDIFF with two sets - intset (2 ms)
2026-10-04T22:24:05.4802589Z [ok]: SDIFF with three sets - intset (3 ms)
2026-10-04T22:24:05.4829336Z [ok]: SDIFFSTORE with three sets - intset (2 ms)
2026-10-04T22:24:05.4930256Z [ok]: SINTER/SUNION/SDIFF with three same sets - intset (9 ms)
2026-10-04T22:24:05.4951492Z [ok]: SINTERSTORE with two listpack sets where result is intset (1 ms)
2026-10-04T22:24:05.5671697Z [ok]: SINTERSTORE with two hashtable sets where result is intset (71 ms)
2026-10-04T22:24:05.5702811Z [ok]: SUNION hashtable and listpack (3 ms)
2026-10-04T22:24:05.5716740Z [ok]: SDIFF with first set empty (1 ms)
2026-10-04T22:24:05.5729409Z [ok]: SDIFF with same set two times (1 ms)
2026-10-04T22:24:11.8623239Z [ok]: SDIFF fuzzing (6289 ms)
2026-10-04T22:24:11.8639663Z [ok]: SDIFF against non-set should throw error (1 ms)
2026-10-04T22:24:11.8655918Z [ok]: SDIFF should handle non existing key as empty (1 ms)
2026-10-04T22:24:11.8689569Z [ok]: SDIFFSTORE against non-set should throw error (3 ms)
2026-10-04T22:24:11.8728151Z [ok]: SDIFFSTORE should handle non existing key as empty (3 ms)
2026-10-04T22:24:11.8742819Z [ok]: SINTER against non-set should throw error (1 ms)
2026-10-04T22:24:11.8757212Z [ok]: SINTER should handle non existing key as empty (1 ms)
2026-10-04T22:24:11.8772301Z [ok]: SINTER with same integer elements but different encoding (2 ms)
2026-10-04T22:24:11.8805157Z [ok]: SINTERSTORE against non-set should throw error (3 ms)
2026-10-04T22:24:11.8839169Z [ok]: SINTERSTORE against non existing keys should delete dstkey (3 ms)
2026-10-04T22:24:11.8855251Z [ok]: SUNION against non-set should throw error (1 ms)
2026-10-04T22:24:11.8869543Z [ok]: SUNION should handle non existing key as empty (1 ms)
2026-10-04T22:24:11.8902795Z [ok]: SUNIONSTORE against non-set should throw error (3 ms)
2026-10-04T22:24:11.8946439Z [ok]: SUNIONSTORE should handle non existing key as empty (4 ms)
2026-10-04T22:24:11.8958257Z [ok]: SUNIONSTORE against non existing keys should delete dstkey (1 ms)
2026-10-04T22:24:11.8978859Z [ok]: SPOP basics - listpack (1 ms)
2026-10-04T22:24:11.8995146Z [ok]: SPOP with <count>=1 - listpack (1 ms)
2026-10-04T22:24:11.9146093Z [ok]: SRANDMEMBER - listpack (15 ms)
2026-10-04T22:24:11.9163534Z [ok]: SPOP basics - intset (2 ms)
2026-10-04T22:24:11.9182728Z [ok]: SPOP with <count>=1 - intset (2 ms)
2026-10-04T22:24:11.9337567Z [ok]: SRANDMEMBER - intset (15 ms)
2026-10-04T22:24:11.9366350Z [ok]: SPOP integer from listpack set (3 ms)
2026-10-04T22:24:11.9439281Z [ok]: SPOP with <count> - listpack (7 ms)
2026-10-04T22:24:11.9517657Z [ok]: SPOP with <count> - intset (7 ms)
2026-10-04T22:24:11.9595745Z [ok]: SPOP with <count> - hashtable (7 ms)
2026-10-04T22:24:11.9662265Z [ok]: SPOP using integers, testing Knuth's and Floyd's algorithm (6 ms)
2026-10-04T22:24:11.9669487Z [ok]: SPOP using integers with Knuth's algorithm (0 ms)
2026-10-04T22:24:11.9719506Z [ok]: SPOP new implementation: code path #1 intset (4 ms)
2026-10-04T22:24:11.9772774Z [ok]: SPOP new implementation: code path #2 intset (5 ms)
2026-10-04T22:24:11.9832285Z [ok]: SPOP new implementation: code path #3 intset (5 ms)
2026-10-04T22:24:11.9883402Z [ok]: SPOP new implementation: code path #1 listpack (5 ms)
2026-10-04T22:24:11.9934591Z [ok]: SPOP new implementation: code path #2 listpack (5 ms)
2026-10-04T22:24:11.9987082Z [ok]: SPOP new implementation: code path #3 listpack (5 ms)
2026-10-04T22:24:11.9987705Z [ignore]: SPOP new implementation: code path #1 propagate as DEL or UNLINK: Tag: needs:repl denied
2026-10-04T22:24:11.9996314Z [ok]: SRANDMEMBER count of 0 is handled correctly (0 ms)
2026-10-04T22:24:12.0002820Z [ok]: SRANDMEMBER with <count> against non existing key (1 ms)
2026-10-04T22:24:12.0013773Z [ok]: SRANDMEMBER count overflow (1 ms)
2026-10-04T22:24:12.0020500Z [ok]: SRANDMEMBER count of 0 is handled correctly - emptyarray (0 ms)
2026-10-04T22:24:12.0026122Z [ok]: SRANDMEMBER with <count> against non existing key - emptyarray (0 ms)
2026-10-04T22:24:12.0309958Z [ok]: SRANDMEMBER with <count> - listpack (28 ms)
2026-10-04T22:24:12.0658956Z [ok]: SRANDMEMBER with <count> - intset (34 ms)
2026-10-04T22:24:12.0993153Z [ok]: SRANDMEMBER with <count> - hashtable (32 ms)
2026-10-04T22:24:12.2555071Z [ok]: SRANDMEMBER histogram distribution - listpack (156 ms)
2026-10-04T22:24:12.4311972Z [ok]: SRANDMEMBER histogram distribution - intset (175 ms)
2026-10-04T22:24:12.6127532Z [ok]: SRANDMEMBER histogram distribution - hashtable (181 ms)
2026-10-04T22:24:12.6129042Z [ignore]: SRANDMEMBER with a dict containing long chain: Tag: slow denied
2026-10-04T22:24:12.6178484Z [ok]: SMOVE basics - from regular set to intset (5 ms)
2026-10-04T22:24:12.6204838Z [ok]: SMOVE basics - from intset to regular set (2 ms)
2026-10-04T22:24:12.6230078Z [ok]: SMOVE non existing key (2 ms)
2026-10-04T22:24:12.6252897Z [ok]: SMOVE non existing src set (1 ms)
2026-10-04T22:24:12.6277420Z [ok]: SMOVE from regular set to non existing destination set (2 ms)
2026-10-04T22:24:12.6308148Z [ok]: SMOVE from intset to non existing destination set (3 ms)
2026-10-04T22:24:12.6317460Z [ok]: SMOVE wrong src key type (0 ms)
2026-10-04T22:24:12.6327664Z [ok]: SMOVE wrong dst key type (1 ms)
2026-10-04T22:24:12.6338975Z [ok]: SMOVE with identical source and destination (0 ms)
2026-10-04T22:24:12.6364409Z [ok]: SMOVE only notify dstset when the addition is successful (2 ms)
2026-10-04T22:24:12.6365625Z [ignore]: Tag: slow denied
2026-10-04T22:24:12.6692542Z [ignore]: SADD, SCARD, SISMEMBER - large data: Tag: large-memory denied
2026-10-04T22:24:12.6696092Z [6/10 done]: unit/type/set (8 seconds)
2026-10-04T22:24:12.6696374Z Testing unit/type/zset
2026-10-04T22:24:12.7105064Z [ok]: Check encoding - listpack (1 ms)
2026-10-04T22:24:12.7105574Z [ok]: ZSET basic ZADD and score update - listpack (1 ms)
2026-10-04T22:24:12.7105976Z [ok]: ZSET element can't be set to NaN with ZADD - listpack (1 ms)
2026-10-04T22:24:12.7107769Z [ok]: ZSET element can't be set to NaN with ZINCRBY - listpack (0 ms)
2026-10-04T22:24:12.7108227Z [ok]: ZADD with options syntax error with incomplete pair - listpack (1 ms)
2026-10-04T22:24:12.7110252Z [ok]: ZADD XX option without key - listpack (0 ms)
2026-10-04T22:24:12.7110568Z [ok]: ZADD XX existing key - listpack (0 ms)
2026-10-04T22:24:12.7111359Z [ok]: ZADD XX returns the number of elements actually added - listpack (0 ms)
2026-10-04T22:24:12.7111977Z [ok]: ZADD XX updates existing elements score - listpack (1 ms)
2026-10-04T22:24:12.7206298Z [ok]: ZADD GT updates existing elements when new scores are greater - listpack (1 ms)
2026-10-04T22:24:12.7207744Z [ok]: ZADD LT updates existing elements when new scores are lower - listpack (2 ms)
2026-10-04T22:24:12.7208523Z [ok]: ZADD GT XX updates existing elements when new scores are greater and skips new elements - listpack (1 ms)
2026-10-04T22:24:12.7209345Z [ok]: ZADD LT XX updates existing elements when new scores are lower and skips new elements - listpack (1 ms)
2026-10-04T22:24:12.7210354Z [ok]: ZADD XX and NX are not compatible - listpack (0 ms)
2026-10-04T22:24:12.7210763Z [ok]: ZADD NX with non existing key - listpack (1 ms)
2026-10-04T22:24:12.7212976Z [ok]: ZADD NX only add new elements without updating old ones - listpack (1 ms)
2026-10-04T22:24:12.7213502Z [ok]: ZADD GT and NX are not compatible - listpack (0 ms)
2026-10-04T22:24:12.7213875Z [ok]: ZADD LT and NX are not compatible - listpack (1 ms)
2026-10-04T22:24:12.7311126Z [ok]: ZADD LT and GT are not compatible - listpack (0 ms)
2026-10-04T22:24:12.7311887Z [ok]: ZADD INCR LT/GT replies with nill if score not updated - listpack (1 ms)
2026-10-04T22:24:12.7312596Z [ok]: ZADD INCR LT/GT with inf - listpack (3 ms)
2026-10-04T22:24:12.7313078Z [ok]: ZADD INCR works like ZINCRBY - listpack (1 ms)
2026-10-04T22:24:12.7314550Z [ok]: ZADD INCR works with a single score-elemenet pair - listpack (1 ms)
2026-10-04T22:24:12.7316786Z [ok]: ZADD CH option changes return value to all changed elements - listpack (1 ms)
2026-10-04T22:24:12.7317419Z [ok]: ZINCRBY calls leading to NaN result in error - listpack (0 ms)
2026-10-04T22:24:12.7317957Z [ok]: ZADD - Variadic version base case - listpack (0 ms)
2026-10-04T22:24:12.7319293Z [ok]: ZADD - Return value is the number of actually added items - listpack (0 ms)
2026-10-04T22:24:12.7451347Z [ok]: ZADD - Variadic version does not add nothing on single parsing err - listpack (1 ms)
2026-10-04T22:24:12.7454843Z [ok]: ZADD - Variadic version will raise error on missing arg - listpack (0 ms)
2026-10-04T22:24:12.7455417Z [ok]: ZINCRBY does not work variadic even if shares ZADD implementation - listpack (0 ms)
2026-10-04T22:24:12.7455840Z [ok]: ZCARD basics - listpack (0 ms)
2026-10-04T22:24:12.7456183Z [ok]: ZREM removes key after last element is removed - listpack (1 ms)
2026-10-04T22:24:12.7456578Z [ok]: ZREM variadic version - listpack (1 ms)
2026-10-04T22:24:12.7456981Z [ok]: ZREM variadic version -- remove elements after key deletion - listpack (0 ms)
2026-10-04T22:24:12.7457378Z [ok]: ZRANGE basics - listpack (4 ms)
2026-10-04T22:24:12.7457655Z [ok]: ZREVRANGE basics - listpack (3 ms)
2026-10-04T22:24:12.7710186Z [ok]: ZRANK/ZREVRANK basics - listpack (4 ms)
2026-10-04T22:24:12.7710806Z [ok]: ZRANK - after deletion - listpack (1 ms)
2026-10-04T22:24:12.7711690Z [ok]: ZINCRBY - can create a new sorted set - listpack (0 ms)
2026-10-04T22:24:12.7712120Z [ok]: ZINCRBY - increment and decrement - listpack (1 ms)
2026-10-04T22:24:12.7712450Z [ok]: ZINCRBY return value - listpack (0 ms)
2026-10-04T22:24:12.7712828Z [ok]: ZRANGEBYSCORE/ZREVRANGEBYSCORE/ZCOUNT basics - listpack (7 ms)
2026-10-04T22:24:12.7713229Z [ok]: ZRANGEBYSCORE with WITHSCORES - listpack (2 ms)
2026-10-04T22:24:12.7713556Z [ok]: ZRANGEBYSCORE with LIMIT - listpack (3 ms)
2026-10-04T22:24:12.7713919Z [ok]: ZRANGEBYSCORE with LIMIT and WITHSCORES - listpack (3 ms)
2026-10-04T22:24:12.8128407Z [ok]: ZRANGEBYSCORE with non-value min or max - listpack (1 ms)
2026-10-04T22:24:12.8129026Z [ok]: ZRANGEBYLEX/ZREVRANGEBYLEX/ZLEXCOUNT basics - listpack (5 ms)
2026-10-04T22:24:12.8131761Z [ok]: ZLEXCOUNT advanced - listpack (4 ms)
2026-10-04T22:24:12.8132079Z [ok]: ZRANGEBYSLEX with LIMIT - listpack (4 ms)
2026-10-04T22:24:12.8132603Z [ok]: ZRANGEBYLEX with invalid lex range specifiers - listpack (1 ms)
2026-10-04T22:24:12.8133919Z [ok]: ZREMRANGEBYSCORE basics - listpack (22 ms)
2026-10-04T22:24:12.8134299Z [ok]: ZREMRANGEBYSCORE with non-value min or max - listpack (0 ms)
2026-10-04T22:24:12.8216436Z [ok]: ZREMRANGEBYRANK basics - listpack (10 ms)
2026-10-04T22:24:12.8479378Z [ok]: ZREMRANGEBYLEX basics - listpack (26 ms)
2026-10-04T22:24:12.8491259Z [ok]: ZUNIONSTORE against non-existing key doesn't set destination - listpack (0 ms)
2026-10-04T22:24:12.8504316Z [ok]: ZUNION/ZINTER/ZINTERCARD/ZDIFF against non-existing key - listpack (1 ms)
2026-10-04T22:24:12.8520273Z [ok]: ZUNIONSTORE with empty set - listpack (1 ms)
2026-10-04T22:24:12.8543186Z [ok]: ZUNION/ZINTER/ZINTERCARD/ZDIFF with empty set - listpack (2 ms)
2026-10-04T22:24:12.8568332Z [ok]: ZUNIONSTORE basics - listpack (2 ms)
2026-10-04T22:24:12.8597989Z [ok]: ZUNION/ZINTER/ZINTERCARD/ZDIFF with integer members - listpack (2 ms)
2026-10-04T22:24:12.8615435Z [ok]: ZUNIONSTORE with weights - listpack (1 ms)
2026-10-04T22:24:12.8625526Z [ok]: ZUNION with weights - listpack (1 ms)
2026-10-04T22:24:12.8643066Z [ok]: ZUNIONSTORE with a regular set and weights - listpack (2 ms)
2026-10-04T22:24:12.8653894Z [ok]: ZUNIONSTORE with AGGREGATE MIN - listpack (1 ms)
2026-10-04T22:24:12.8665159Z [ok]: ZUNION/ZINTER with AGGREGATE MIN - listpack (1 ms)
2026-10-04T22:24:12.8675329Z [ok]: ZUNIONSTORE with AGGREGATE MAX - listpack (1 ms)
2026-10-04T22:24:12.8695330Z [ok]: ZUNION/ZINTER with AGGREGATE MAX - listpack (1 ms)
2026-10-04T22:24:12.8695784Z [ok]: ZINTERSTORE basics - listpack (1 ms)
2026-10-04T22:24:12.8706606Z [ok]: ZINTER basics - listpack (1 ms)
2026-10-04T22:24:12.8716952Z [ok]: ZINTERCARD with illegal arguments (1 ms)
2026-10-04T22:24:12.8739328Z [ok]: ZINTERCARD basics - listpack (2 ms)
2026-10-04T22:24:12.8750736Z [ok]: ZINTER RESP3 - listpack (0 ms)
2026-10-04T22:24:12.8763964Z [ok]: ZINTERSTORE with weights - listpack (1 ms)
2026-10-04T22:24:12.8775078Z [ok]: ZINTER with weights - listpack (1 ms)
2026-10-04T22:24:12.8794869Z [ok]: ZINTERSTORE with a regular set and weights - listpack (2 ms)
2026-10-04T22:24:12.8808980Z [ok]: ZINTERSTORE with AGGREGATE MIN - listpack (1 ms)
2026-10-04T22:24:12.8824172Z [ok]: ZINTERSTORE with AGGREGATE MAX - listpack (1 ms)
2026-10-04T22:24:12.8870382Z [ok]: ZUNIONSTORE with +inf/-inf scores - listpack (4 ms)
2026-10-04T22:24:12.8885098Z [ok]: ZUNIONSTORE with NaN weights - listpack (1 ms)
2026-10-04T22:24:12.8928120Z [ok]: ZINTERSTORE with +inf/-inf scores - listpack (4 ms)
2026-10-04T22:24:12.8941758Z [ok]: ZINTERSTORE with NaN weights - listpack (1 ms)
2026-10-04T22:24:12.8956350Z [ok]: ZDIFFSTORE basics - listpack (1 ms)
2026-10-04T22:24:12.8966112Z [ok]: ZDIFF basics - listpack (1 ms)
2026-10-04T22:24:12.8983449Z [ok]: ZDIFFSTORE with a regular set - listpack (2 ms)
2026-10-04T22:24:12.8996219Z [ok]: ZDIFF subtracting set from itself - listpack (1 ms)
2026-10-04T22:24:12.9024661Z [ok]: ZDIFF algorithm 1 - listpack (3 ms)
2026-10-04T22:24:12.9053463Z [ok]: ZDIFF algorithm 2 - listpack (3 ms)
2026-10-04T22:24:20.9789531Z [ok]: ZDIFF fuzzing - listpack (8073 ms)
2026-10-04T22:24:20.9803285Z [ok]: ZPOPMIN with the count 0 returns an empty array (1 ms)
2026-10-04T22:24:20.9817720Z [ok]: ZPOPMIN with negative count (1 ms)
2026-10-04T22:24:20.9830320Z [ok]: ZPOPMAX with the count 0 returns an empty array (1 ms)
2026-10-04T22:24:20.9845510Z [ok]: ZPOPMAX with negative count (1 ms)
2026-10-04T22:24:20.9874544Z [ok]: Basic ZPOPMIN/ZPOPMAX with a single key - listpack (3 ms)
2026-10-04T22:24:20.9899203Z [ok]: ZPOPMIN/ZPOPMAX with count - listpack (2 ms)
2026-10-04T22:24:20.9933416Z [ok]: Basic ZMPOP_MIN/ZMPOP_MAX with a single key - listpack (3 ms)
2026-10-04T22:24:20.9959455Z [ok]: ZMPOP_MIN/ZMPOP_MAX with count - listpack (2 ms)
2026-10-04T22:24:20.9986431Z [ok]: BZPOPMIN/BZPOPMAX with a single existing sorted set - listpack (2 ms)
2026-10-04T22:24:21.0019598Z [ok]: BZPOPMIN/BZPOPMAX with multiple existing sorted sets - listpack (3 ms)
2026-10-04T22:24:21.0043058Z [ok]: BZPOPMIN/BZPOPMAX second sorted set has members - listpack (2 ms)
2026-10-04T22:24:21.0070903Z [ok]: BZMPOP_MIN/BZMPOP_MAX with a single existing sorted set - listpack (2 ms)
2026-10-04T22:24:21.0105358Z [ok]: BZMPOP_MIN/BZMPOP_MAX with multiple existing sorted sets - listpack (3 ms)
2026-10-04T22:24:21.0128377Z [ok]: BZMPOP_MIN/BZMPOP_MAX second sorted set has members - listpack (2 ms)
2026-10-04T22:24:21.0152663Z [ok]: Basic ZPOPMIN/ZPOPMAX - listpack RESP3 (2 ms)
2026-10-04T22:24:21.0173985Z [ok]: ZPOPMIN/ZPOPMAX with count - listpack RESP3 (2 ms)
2026-10-04T22:24:21.0198309Z [ok]: Basic ZMPOP_MIN/ZMPOP_MAX - listpack RESP3 (2 ms)
2026-10-04T22:24:21.0221099Z [ok]: ZMPOP_MIN/ZMPOP_MAX with count - listpack RESP3 (1 ms)
2026-10-04T22:24:21.0252012Z [ok]: BZPOPMIN/BZPOPMAX - listpack RESP3 (3 ms)
2026-10-04T22:24:21.0281507Z [ok]: BZMPOP_MIN/BZMPOP_MAX - listpack RESP3 (2 ms)
2026-10-04T22:24:21.0305339Z [ok]: Check encoding - skiplist (0 ms)
2026-10-04T22:24:21.0307089Z [ok]: ZSET basic ZADD and score update - skiplist (1 ms)
2026-10-04T22:24:21.0311929Z [ok]: ZSET element can't be set to NaN with ZADD - skiplist (1 ms)
2026-10-04T22:24:21.0316981Z [ok]: ZSET element can't be set to NaN with ZINCRBY - skiplist (0 ms)
2026-10-04T22:24:21.0323430Z [ok]: ZADD with options syntax error with incomplete pair - skiplist (1 ms)
2026-10-04T22:24:21.0333151Z [ok]: ZADD XX option without key - skiplist (1 ms)
2026-10-04T22:24:21.0343313Z [ok]: ZADD XX existing key - skiplist (1 ms)
2026-10-04T22:24:21.0353510Z [ok]: ZADD XX returns the number of elements actually added - skiplist (1 ms)
2026-10-04T22:24:21.0369348Z [ok]: ZADD XX updates existing elements score - skiplist (1 ms)
2026-10-04T22:24:21.0384072Z [ok]: ZADD GT updates existing elements when new scores are greater - skiplist (1 ms)
2026-10-04T22:24:21.0400881Z [ok]: ZADD LT updates existing elements when new scores are lower - skiplist (1 ms)
2026-10-04T22:24:21.0416536Z [ok]: ZADD GT XX updates existing elements when new scores are greater and skips new elements - skiplist (1 ms)
2026-10-04T22:24:21.0433968Z [ok]: ZADD LT XX updates existing elements when new scores are lower and skips new elements - skiplist (2 ms)
2026-10-04T22:24:21.0440884Z [ok]: ZADD XX and NX are not compatible - skiplist (0 ms)
2026-10-04T22:24:21.0451329Z [ok]: ZADD NX with non existing key - skiplist (0 ms)
2026-10-04T22:24:21.0466960Z [ok]: ZADD NX only add new elements without updating old ones - skiplist (1 ms)
2026-10-04T22:24:21.0475684Z [ok]: ZADD GT and NX are not compatible - skiplist (0 ms)
2026-10-04T22:24:21.0481462Z [ok]: ZADD LT and NX are not compatible - skiplist (1 ms)
2026-10-04T22:24:21.0488886Z [ok]: ZADD LT and GT are not compatible - skiplist (0 ms)
2026-10-04T22:24:21.0502624Z [ok]: ZADD INCR LT/GT replies with nill if score not updated - skiplist (1 ms)
2026-10-04T22:24:21.0534333Z [ok]: ZADD INCR LT/GT with inf - skiplist (3 ms)
2026-10-04T22:24:21.0546115Z [ok]: ZADD INCR works like ZINCRBY - skiplist (1 ms)
2026-10-04T22:24:21.0555112Z [ok]: ZADD INCR works with a single score-elemenet pair - skiplist (1 ms)
2026-10-04T22:24:21.0570239Z [ok]: ZADD CH option changes return value to all changed elements - skiplist (1 ms)
2026-10-04T22:24:21.0578464Z [ok]: ZINCRBY calls leading to NaN result in error - skiplist (0 ms)
2026-10-04T22:24:21.0587754Z [ok]: ZADD - Variadic version base case - skiplist (0 ms)
2026-10-04T22:24:21.0596767Z [ok]: ZADD - Return value is the number of actually added items - skiplist (0 ms)
2026-10-04T22:24:21.0603931Z [ok]: ZADD - Variadic version does not add nothing on single parsing err - skiplist (1 ms)
2026-10-04T22:24:21.0610077Z [ok]: ZADD - Variadic version will raise error on missing arg - skiplist (0 ms)
2026-10-04T22:24:21.0615732Z [ok]: ZINCRBY does not work variadic even if shares ZADD implementation - skiplist (0 ms)
2026-10-04T22:24:21.0625201Z [ok]: ZCARD basics - skiplist (1 ms)
2026-10-04T22:24:21.0642043Z [ok]: ZREM removes key after last element is removed - skiplist (2 ms)
2026-10-04T22:24:21.0657501Z [ok]: ZREM variadic version - skiplist (1 ms)
2026-10-04T22:24:21.0666510Z [ok]: ZREM variadic version -- remove elements after key deletion - skiplist (1 ms)
2026-10-04T22:24:21.0700067Z [ok]: ZRANGE basics - skiplist (3 ms)
2026-10-04T22:24:21.0742041Z [ok]: ZREVRANGE basics - skiplist (3 ms)
2026-10-04T22:24:21.0780445Z [ok]: ZRANK/ZREVRANK basics - skiplist (3 ms)
2026-10-04T22:24:21.0796462Z [ok]: ZRANK - after deletion - skiplist (1 ms)
2026-10-04T22:24:21.0810673Z [ok]: ZINCRBY - can create a new sorted set - skiplist (1 ms)
2026-10-04T22:24:21.0835957Z [ok]: ZINCRBY - increment and decrement - skiplist (2 ms)
2026-10-04T22:24:21.0843249Z [ok]: ZINCRBY return value - skiplist (1 ms)
2026-10-04T22:24:21.0942486Z [ok]: ZRANGEBYSCORE/ZREVRANGEBYSCORE/ZCOUNT basics - skiplist (9 ms)
2026-10-04T22:24:21.0967044Z [ok]: ZRANGEBYSCORE with WITHSCORES - skiplist (2 ms)
2026-10-04T22:24:21.1002180Z [ok]: ZRANGEBYSCORE with LIMIT - skiplist (3 ms)
2026-10-04T22:24:21.1029712Z [ok]: ZRANGEBYSCORE with LIMIT and WITHSCORES - skiplist (2 ms)
2026-10-04T22:24:21.1039496Z [ok]: ZRANGEBYSCORE with non-value min or max - skiplist (0 ms)
2026-10-04T22:24:21.1098268Z [ok]: ZRANGEBYLEX/ZREVRANGEBYLEX/ZLEXCOUNT basics - skiplist (5 ms)
2026-10-04T22:24:21.1142570Z [ok]: ZLEXCOUNT advanced - skiplist (4 ms)
2026-10-04T22:24:21.1185388Z [ok]: ZRANGEBYSLEX with LIMIT - skiplist (4 ms)
2026-10-04T22:24:21.1198041Z [ok]: ZRANGEBYLEX with invalid lex range specifiers - skiplist (1 ms)
2026-10-04T22:24:21.1417422Z [ok]: ZREMRANGEBYSCORE basics - skiplist (21 ms)
2026-10-04T22:24:21.1426810Z [ok]: ZREMRANGEBYSCORE with non-value min or max - skiplist (1 ms)
2026-10-04T22:24:21.1535974Z [ok]: ZREMRANGEBYRANK basics - skiplist (11 ms)
2026-10-04T22:24:21.1804536Z [ok]: ZREMRANGEBYLEX basics - skiplist (27 ms)
2026-10-04T22:24:21.1815474Z [ok]: ZUNIONSTORE against non-existing key doesn't set destination - skiplist (1 ms)
2026-10-04T22:24:21.1834400Z [ok]: ZUNION/ZINTER/ZINTERCARD/ZDIFF against non-existing key - skiplist (2 ms)
2026-10-04T22:24:21.1850757Z [ok]: ZUNIONSTORE with empty set - skiplist (1 ms)
2026-10-04T22:24:21.1873038Z [ok]: ZUNION/ZINTER/ZINTERCARD/ZDIFF with empty set - skiplist (2 ms)
2026-10-04T22:24:21.1900522Z [ok]: ZUNIONSTORE basics - skiplist (2 ms)
2026-10-04T22:24:21.1930832Z [ok]: ZUNION/ZINTER/ZINTERCARD/ZDIFF with integer members - skiplist (2 ms)
2026-10-04T22:24:21.1942823Z [ok]: ZUNIONSTORE with weights - skiplist (1 ms)
2026-10-04T22:24:21.1955884Z [ok]: ZUNION with weights - skiplist (1 ms)
2026-10-04T22:24:21.1972441Z [ok]: ZUNIONSTORE with a regular set and weights - skiplist (2 ms)
2026-10-04T22:24:21.1985536Z [ok]: ZUNIONSTORE with AGGREGATE MIN - skiplist (1 ms)
2026-10-04T22:24:21.2002013Z [ok]: ZUNION/ZINTER with AGGREGATE MIN - skiplist (1 ms)
2026-10-04T22:24:21.2014022Z [ok]: ZUNIONSTORE with AGGREGATE MAX - skiplist (1 ms)
2026-10-04T22:24:21.2031054Z [ok]: ZUNION/ZINTER with AGGREGATE MAX - skiplist (1 ms)
2026-10-04T22:24:21.2042653Z [ok]: ZINTERSTORE basics - skiplist (1 ms)
2026-10-04T22:24:21.2051078Z [ok]: ZINTER basics - skiplist (0 ms)
2026-10-04T22:24:21.2061822Z [ok]: ZINTERCARD with illegal arguments (0 ms)
2026-10-04T22:24:21.2083503Z [ok]: ZINTERCARD basics - skiplist (2 ms)
2026-10-04T22:24:21.2095084Z [ok]: ZINTER RESP3 - skiplist (1 ms)
2026-10-04T22:24:21.2107567Z [ok]: ZINTERSTORE with weights - skiplist (1 ms)
2026-10-04T22:24:21.2118466Z [ok]: ZINTER with weights - skiplist (0 ms)
2026-10-04T22:24:21.2136840Z [ok]: ZINTERSTORE with a regular set and weights - skiplist (1 ms)
2026-10-04T22:24:21.2148309Z [ok]: ZINTERSTORE with AGGREGATE MIN - skiplist (1 ms)
2026-10-04T22:24:21.2160414Z [ok]: ZINTERSTORE with AGGREGATE MAX - skiplist (1 ms)
2026-10-04T22:24:21.2210115Z [ok]: ZUNIONSTORE with +inf/-inf scores - skiplist (4 ms)
2026-10-04T22:24:21.2221600Z [ok]: ZUNIONSTORE with NaN weights - skiplist (1 ms)
2026-10-04T22:24:21.2268784Z [ok]: ZINTERSTORE with +inf/-inf scores - skiplist (4 ms)
2026-10-04T22:24:21.2284607Z [ok]: ZINTERSTORE with NaN weights - skiplist (1 ms)
2026-10-04T22:24:21.2297343Z [ok]: ZDIFFSTORE basics - skiplist (1 ms)
2026-10-04T22:24:21.2310696Z [ok]: ZDIFF basics - skiplist (1 ms)
2026-10-04T22:24:21.2329575Z [ok]: ZDIFFSTORE with a regular set - skiplist (1 ms)
2026-10-04T22:24:21.2341673Z [ok]: ZDIFF subtracting set from itself - skiplist (0 ms)
2026-10-04T22:24:21.2368630Z [ok]: ZDIFF algorithm 1 - skiplist (2 ms)
2026-10-04T22:24:21.2399147Z [ok]: ZDIFF algorithm 2 - skiplist (2 ms)
2026-10-04T22:24:28.5780316Z [ok]: ZDIFF fuzzing - skiplist (7337 ms)
2026-10-04T22:24:28.5797090Z [ok]: ZPOPMIN with the count 0 returns an empty array (1 ms)
2026-10-04T22:24:28.5810433Z [ok]: ZPOPMIN with negative count (1 ms)
2026-10-04T22:24:28.5823932Z [ok]: ZPOPMAX with the count 0 returns an empty array (1 ms)
2026-10-04T22:24:28.5838080Z [ok]: ZPOPMAX with negative count (1 ms)
2026-10-04T22:24:28.5866790Z [ok]: Basic ZPOPMIN/ZPOPMAX with a single key - skiplist (2 ms)
2026-10-04T22:24:28.5886654Z [ok]: ZPOPMIN/ZPOPMAX with count - skiplist (2 ms)
2026-10-04T22:24:28.5918509Z [ok]: Basic ZMPOP_MIN/ZMPOP_MAX with a single key - skiplist (3 ms)
2026-10-04T22:24:28.5945504Z [ok]: ZMPOP_MIN/ZMPOP_MAX with count - skiplist (2 ms)
2026-10-04T22:24:28.5975011Z [ok]: BZPOPMIN/BZPOPMAX with a single existing sorted set - skiplist (3 ms)
2026-10-04T22:24:28.6011229Z [ok]: BZPOPMIN/BZPOPMAX with multiple existing sorted sets - skiplist (3 ms)
2026-10-04T22:24:28.6037906Z [ok]: BZPOPMIN/BZPOPMAX second sorted set has members - skiplist (2 ms)
2026-10-04T22:24:28.6069136Z [ok]: BZMPOP_MIN/BZMPOP_MAX with a single existing sorted set - skiplist (2 ms)
2026-10-04T22:24:28.6105054Z [ok]: BZMPOP_MIN/BZMPOP_MAX with multiple existing sorted sets - skiplist (3 ms)
2026-10-04T22:24:28.6127235Z [ok]: BZMPOP_MIN/BZMPOP_MAX second sorted set has members - skiplist (2 ms)
2026-10-04T22:24:28.6150786Z [ok]: Basic ZPOPMIN/ZPOPMAX - skiplist RESP3 (2 ms)
2026-10-04T22:24:28.6173246Z [ok]: ZPOPMIN/ZPOPMAX with count - skiplist RESP3 (2 ms)
2026-10-04T22:24:28.6195402Z [ok]: Basic ZMPOP_MIN/ZMPOP_MAX - skiplist RESP3 (2 ms)
2026-10-04T22:24:28.6219436Z [ok]: ZMPOP_MIN/ZMPOP_MAX with count - skiplist RESP3 (2 ms)
2026-10-04T22:24:28.6256406Z [ok]: BZPOPMIN/BZPOPMAX - skiplist RESP3 (3 ms)
2026-10-04T22:24:28.6289869Z [ok]: BZMPOP_MIN/BZMPOP_MAX - skiplist RESP3 (3 ms)
2026-10-04T22:24:28.6313931Z [ok]: ZPOP/ZMPOP against wrong type (2 ms)
2026-10-04T22:24:28.6335560Z [ok]: ZMPOP with illegal argument (2 ms)
2026-10-04T22:24:28.6336394Z [ignore]: ZMPOP propagate as pop with count command to replica: Tag: needs:repl denied
2026-10-04T22:24:28.6366300Z [ok]: ZPOPMIN/ZPOPMAX readraw in RESP3 (2 ms)
2026-10-04T22:24:28.7631759Z [ok]: BZPOPMIN/BZPOPMAX readraw in RESP3 (126 ms)
2026-10-04T22:24:28.7664936Z [ok]: ZMPOP readraw in RESP3 (3 ms)
2026-10-04T22:24:28.8924625Z [ok]: BZMPOP readraw in RESP3 (126 ms)
2026-10-04T22:24:28.8955358Z [ok]: ZPOPMIN/ZPOPMAX readraw in RESP2 (2 ms)
2026-10-04T22:24:28.9196781Z [ok]: BZPOPMIN/BZPOPMAX readraw in RESP2 (24 ms)
2026-10-04T22:24:28.9230531Z [ok]: ZMPOP readraw in RESP2 (3 ms)
2026-10-04T22:24:28.9473504Z [ok]: BZMPOP readraw in RESP2 (24 ms)
2026-10-04T22:24:28.9491865Z [ok]: ZINTERSTORE regression with two sets, intset+hashtable (1 ms)
2026-10-04T22:24:28.9504923Z [ok]: ZUNIONSTORE regression, should not create NaN in scores (1 ms)
2026-10-04T22:24:28.9522462Z [ok]: ZINTERSTORE #516 regression, mixed sets and ziplist zsets (2 ms)
2026-10-04T22:24:29.0708755Z [ok]: ZUNIONSTORE result is sorted (118 ms)
2026-10-04T22:24:29.0718176Z [ok]: ZUNIONSTORE/ZINTERSTORE/ZDIFFSTORE error if using WITHSCORES  (0 ms)
2026-10-04T22:24:29.0729138Z [ok]: ZMSCORE retrieve (0 ms)
2026-10-04T22:24:29.0736610Z [ok]: ZMSCORE retrieve from empty set (0 ms)
2026-10-04T22:24:29.0746125Z [ok]: ZMSCORE retrieve with missing member (1 ms)
2026-10-04T22:24:29.0757679Z [ok]: ZMSCORE retrieve single member (1 ms)
2026-10-04T22:24:29.0769000Z [ok]: ZMSCORE retrieve requires one or more members (0 ms)
2026-10-04T22:24:29.0775335Z [ok]: ZSET commands don't accept the empty strings as valid score (0 ms)
2026-10-04T22:24:29.0788027Z [ok]: zunionInterDiffGenericCommand at least 1 input key (1 ms)
2026-10-04T22:24:29.0789121Z [ignore]: Tag: slow denied
2026-10-04T22:24:29.0811078Z [ok]: BZPOP/BZMPOP against wrong type (1 ms)
2026-10-04T22:24:29.0831536Z [ok]: BZMPOP with illegal argument (1 ms)
2026-10-04T22:24:29.1146587Z [ok]: BZMPOP with multiple blocked clients (31 ms)
2026-10-04T22:24:29.1151105Z [ignore]: BZMPOP propagate as pop with count command to replica: Tag: needs:repl denied
2026-10-04T22:24:29.1430200Z [ok]: BZMPOP should not blocks on non key arguments - #10762 (28 ms)
2026-10-04T22:24:31.2682362Z [ok]: ZSET skiplist order consistency when elements are moved (2124 ms)
2026-10-04T22:24:31.2980066Z [ok]: ZRANGESTORE basic (29 ms)
2026-10-04T22:24:31.2992753Z [ok]: ZRANGESTORE RESP3 (1 ms)
2026-10-04T22:24:31.3003305Z [ok]: ZRANGESTORE range (1 ms)
2026-10-04T22:24:31.3013131Z [ok]: ZRANGESTORE BYLEX (1 ms)
2026-10-04T22:24:31.3023009Z [ok]: ZRANGESTORE BYSCORE (1 ms)
2026-10-04T22:24:31.3032676Z [ok]: ZRANGESTORE BYSCORE LIMIT (1 ms)
2026-10-04T22:24:31.3041475Z [ok]: ZRANGESTORE BYSCORE REV LIMIT (0 ms)
2026-10-04T22:24:31.3048258Z [ok]: ZRANGE BYSCORE REV LIMIT (0 ms)
2026-10-04T22:24:31.3059137Z [ok]: ZRANGESTORE - src key missing (0 ms)
2026-10-04T22:24:31.3070997Z [ok]: ZRANGESTORE - src key wrong type (0 ms)
2026-10-04T22:24:31.3081451Z [ok]: ZRANGESTORE - empty range (0 ms)
2026-10-04T22:24:31.3092100Z [ok]: ZRANGESTORE BYLEX - empty range (0 ms)
2026-10-04T22:24:31.3100965Z [ok]: ZRANGESTORE BYSCORE - empty range (0 ms)
2026-10-04T22:24:31.3107861Z [ok]: ZRANGE BYLEX (0 ms)
2026-10-04T22:24:31.3114196Z [ok]: ZRANGESTORE invalid syntax (1 ms)
2026-10-04T22:24:31.3128886Z [ok]: ZRANGESTORE with zset-max-listpack-entries 0 #10767 case (1 ms)
2026-10-04T22:24:31.3145619Z [ok]: ZRANGESTORE with zset-max-listpack-entries 1 dst key should use skiplist encoding (1 ms)
2026-10-04T22:24:31.3157820Z [ok]: ZRANGE invalid syntax (1 ms)
2026-10-04T22:24:31.3305681Z [ok]: ZRANDMEMBER - listpack (14 ms)
2026-10-04T22:24:31.3461865Z [ok]: ZRANDMEMBER - skiplist (14 ms)
2026-10-04T22:24:31.3474371Z [ok]: ZRANDMEMBER with RESP3 (1 ms)
2026-10-04T22:24:31.3479840Z [ok]: ZRANDMEMBER count of 0 is handled correctly (0 ms)
2026-10-04T22:24:31.3486342Z [ok]: ZRANDMEMBER with <count> against non existing key (0 ms)
2026-10-04T22:24:31.3498975Z [ok]: ZRANDMEMBER count overflow (1 ms)
2026-10-04T22:24:31.3504181Z [ok]: ZRANDMEMBER count of 0 is handled correctly - emptyarray (0 ms)
2026-10-04T22:24:31.3511065Z [ok]: ZRANDMEMBER with <count> against non existing key - emptyarray (0 ms)
2026-10-04T22:24:31.8751119Z [ok]: ZRANDMEMBER with <count> - skiplist (523 ms)
2026-10-04T22:24:32.4904315Z [ok]: ZRANDMEMBER with <count> - listpack (615 ms)
2026-10-04T22:24:32.4914528Z [ok]: zset score double range (1 ms)
2026-10-04T22:24:32.5330601Z [ok]: zunionInterDiffGenericCommand acts on SET and ZSET (41 ms)
2026-10-04T22:24:32.5496704Z [ok]: ZADD overflows the maximum allowed elements in a listpack - single (16 ms)
2026-10-04T22:24:32.5514515Z [ok]: ZADD overflows the maximum allowed elements in a listpack - multiple (2 ms)
2026-10-04T22:24:32.5533668Z [ok]: ZADD overflows the maximum allowed elements in a listpack - single_multiple (2 ms)
2026-10-04T22:24:32.5538371Z [7/10 done]: unit/type/zset (20 seconds)
2026-10-04T22:24:32.5538866Z Testing unit/type/hash
2026-10-04T22:24:32.6268400Z [ok]: HSET/HLEN - Small hash creation (2 ms)
2026-10-04T22:24:32.6269223Z [ok]: Is the small hash encoded with a listpack? (0 ms)
2026-10-04T22:24:32.6269550Z [ok]: HRANDFIELD - listpack (16 ms)
2026-10-04T22:24:32.6273035Z [ok]: HRANDFIELD - hashtable (15 ms)
2026-10-04T22:24:32.6273398Z [ok]: HRANDFIELD with RESP3 (1 ms)
2026-10-04T22:24:32.6273712Z [ok]: HRANDFIELD count of 0 is handled correctly (1 ms)
2026-10-04T22:24:32.6274035Z [ok]: HRANDFIELD count overflow (1 ms)
2026-10-04T22:24:32.6274371Z [ok]: HRANDFIELD with <count> against non existing key (0 ms)
2026-10-04T22:24:32.6274963Z [ok]: HRANDFIELD count of 0 is handled correctly - emptyarray (1 ms)
2026-10-04T22:24:32.6276182Z [ok]: HRANDFIELD with <count> against non existing key - emptyarray (0 ms)
2026-10-04T22:24:32.8345916Z [ok]: HRANDFIELD with <count> - hashtable (207 ms)
2026-10-04T22:24:33.0406756Z [ok]: HRANDFIELD with <count> - listpack (206 ms)
2026-10-04T22:24:33.7420020Z [ok]: HSET/HLEN - Big hash creation (701 ms)
2026-10-04T22:24:33.7427055Z [ok]: Is the big hash encoded with an hash table? (0 ms)
2026-10-04T22:24:33.7461118Z [ok]: HGET against the small hash (3 ms)
2026-10-04T22:24:33.9833593Z [ok]: HGET against the big hash (237 ms)
2026-10-04T22:24:33.9846190Z [ok]: HGET against non existing key (1 ms)
2026-10-04T22:24:33.9887670Z [ok]: HSET in update and insert mode (4 ms)
2026-10-04T22:24:33.9895860Z [ok]: HSETNX target key missing - small hash (1 ms)
2026-10-04T22:24:33.9907098Z [ok]: HSETNX target key exists - small hash (1 ms)
2026-10-04T22:24:33.9918699Z [ok]: HSETNX target key missing - big hash (1 ms)
2026-10-04T22:24:33.9934395Z [ok]: HSETNX target key exists - big hash (1 ms)
2026-10-04T22:24:33.9941750Z [ok]: HSET/HMSET wrong number of args (1 ms)
2026-10-04T22:24:33.9950863Z [ok]: HMSET - small hash (0 ms)
2026-10-04T22:24:34.0497347Z [ok]: HMSET - big hash (54 ms)
2026-10-04T22:24:34.0512252Z [ok]: HMGET against non existing key and fields (1 ms)
2026-10-04T22:24:34.0542042Z [ok]: Hash commands against wrong type (2 ms)
2026-10-04T22:24:34.0552702Z [ok]: HMGET - small hash (1 ms)
2026-10-04T22:24:34.1070220Z [ok]: HMGET - big hash (51 ms)
2026-10-04T22:24:34.1079574Z [ok]: HKEYS - small hash (0 ms)
2026-10-04T22:24:34.1183869Z [ok]: HKEYS - big hash (10 ms)
2026-10-04T22:24:34.1194570Z [ok]: HVALS - small hash (0 ms)
2026-10-04T22:24:34.1303425Z [ok]: HVALS - big hash (1 ms)
2026-10-04T22:24:34.1313937Z [ok]: HGETALL - small hash (1 ms)
2026-10-04T22:24:34.1501188Z [ok]: HGETALL - big hash (17 ms)
2026-10-04T22:24:34.1542702Z [ok]: HDEL and return value (4 ms)
2026-10-04T22:24:34.1559652Z [ok]: HDEL - more than a single value (1 ms)
2026-10-04T22:24:34.1571225Z [ok]: HDEL - hash becomes empty before deleting all specified fields (0 ms)
2026-10-04T22:24:34.1583567Z [ok]: HEXISTS (1 ms)
2026-10-04T22:24:34.1584063Z [ignore]: Is a ziplist encoded Hash promoted on big payload?: Tag: needs:debug denied
2026-10-04T22:24:34.1593011Z [ok]: HINCRBY against non existing database key (1 ms)
2026-10-04T22:24:34.1627241Z [ok]: HINCRBY against non existing hash key (3 ms)
2026-10-04T22:24:34.1655145Z [ok]: HINCRBY against hash key created by hincrby itself (3 ms)
2026-10-04T22:24:34.1689602Z [ok]: HINCRBY against hash key originally set with HSET (3 ms)
2026-10-04T22:24:34.1722855Z [ok]: HINCRBY over 32bit value (3 ms)
2026-10-04T22:24:34.1756454Z [ok]: HINCRBY over 32bit value with over 32bit increment (3 ms)
2026-10-04T22:24:34.1778549Z [ok]: HINCRBY fails against hash value with spaces (left) (2 ms)
2026-10-04T22:24:34.1804239Z [ok]: HINCRBY fails against hash value with spaces (right) (2 ms)
2026-10-04T22:24:34.1815018Z [ok]: HINCRBY can detect overflows (1 ms)
2026-10-04T22:24:34.1825862Z [ok]: HINCRBYFLOAT against non existing database key (1 ms)
2026-10-04T22:24:34.1862374Z [ok]: HINCRBYFLOAT against non existing hash key (3 ms)
2026-10-04T22:24:34.1893265Z [ok]: HINCRBYFLOAT against hash key created by hincrby itself (3 ms)
2026-10-04T22:24:34.1928926Z [ok]: HINCRBYFLOAT against hash key originally set with HSET (3 ms)
2026-10-04T22:24:34.1964781Z [ok]: HINCRBYFLOAT over 32bit value (3 ms)
2026-10-04T22:24:34.1999290Z [ok]: HINCRBYFLOAT over 32bit value with over 32bit increment (3 ms)
2026-10-04T22:24:34.2023751Z [ok]: HINCRBYFLOAT fails against hash value with spaces (left) (2 ms)
2026-10-04T22:24:34.2050135Z [ok]: HINCRBYFLOAT fails against hash value with spaces (right) (2 ms)
2026-10-04T22:24:34.2059689Z [ok]: HINCRBYFLOAT fails against hash value that contains a null-terminator in the middle (0 ms)
2026-10-04T22:24:34.2087914Z [ok]: HSTRLEN against the small hash (2 ms)
2026-10-04T22:24:34.3936169Z [ok]: HSTRLEN against the big hash (184 ms)
2026-10-04T22:24:34.3948986Z [ok]: HSTRLEN against non existing field (1 ms)
2026-10-04T22:24:34.4055730Z [ok]: HSTRLEN corner cases (10 ms)
2026-10-04T22:24:34.4084151Z [ok]: HINCRBYFLOAT over hash-max-listpack-value encoded with a listpack (3 ms)
2026-10-04T22:24:34.4096894Z [ok]: Hash ziplist regression test for large keys (1 ms)
2026-10-04T22:24:34.4507241Z [ok]: Hash fuzzing #1 - 10 fields (41 ms)
2026-10-04T22:24:34.4791829Z [ok]: Hash fuzzing #2 - 10 fields (27 ms)
2026-10-04T22:24:38.2274166Z [ok]: Hash fuzzing #1 - 512 fields (3748 ms)
2026-10-04T22:24:41.3047238Z [ok]: Hash fuzzing #2 - 512 fields (3077 ms)
2026-10-04T22:24:43.1953294Z [ok]: Stress test the hash ziplist -> hashtable encoding conversion (1890 ms)
2026-10-04T22:24:43.2948959Z [ok]: Hash ziplist of various encodings (98 ms)
2026-10-04T22:24:43.3036220Z [ok]: Hash ziplist of various encodings - sanitize dump (8 ms)
2026-10-04T22:24:43.3044949Z [ok]: HINCRBYFLOAT does not allow NaN or Infinity (1 ms)
2026-10-04T22:24:43.3047789Z [8/10 done]: unit/type/hash (11 seconds)
2026-10-04T22:24:43.3048059Z Testing unit/type/stream
2026-10-04T22:24:43.3488987Z [ok]: XADD wrong number of args (0 ms)
2026-10-04T22:24:43.3490397Z [ok]: XADD can add entries into a stream that XRANGE can fetch (1 ms)
2026-10-04T22:24:43.3491055Z [ok]: XADD IDs are incremental (1 ms)
2026-10-04T22:24:43.3491390Z [ok]: XADD IDs are incremental when ms is the same as well (1 ms)
2026-10-04T22:24:43.3492788Z [ok]: XADD IDs correctly report an error when overflowing (1 ms)
2026-10-04T22:24:43.3493442Z [ok]: XADD auto-generated sequence is incremented for last ID (1 ms)
2026-10-04T22:24:43.3494060Z [ok]: XADD auto-generated sequence is zero for future timestamp ID (1 ms)
2026-10-04T22:24:43.3495271Z [ok]: XADD auto-generated sequence can't be smaller than last ID (1 ms)
2026-10-04T22:24:43.3495778Z [ok]: XADD auto-generated sequence can't overflow (1 ms)
2026-10-04T22:24:43.3897857Z [ok]: XADD 0-* should succeed (1 ms)
2026-10-04T22:24:43.5737434Z [ok]: XADD with MAXLEN option (224 ms)
2026-10-04T22:24:43.7950091Z [ok]: XADD with MAXLEN option and the '=' argument (220 ms)
2026-10-04T22:24:45.2175406Z [ok]: XADD with MAXLEN option and the '~' argument (1422 ms)
2026-10-04T22:24:45.2200457Z [ok]: XADD with NOMKSTREAM option (2 ms)
2026-10-04T22:24:45.4831146Z [ok]: XADD with MINID option (262 ms)
2026-10-04T22:24:45.4853847Z [ok]: XTRIM with MINID option (2 ms)
2026-10-04T22:24:45.4872755Z [ok]: XTRIM with MINID option, big delta from master record (2 ms)
2026-10-04T22:25:32.3078862Z [ok]: XADD mass insertion and XLEN (46820 ms)
2026-10-04T22:25:33.1247463Z [ok]: XADD with ID 0-0 (817 ms)
2026-10-04T22:25:33.1262812Z [ok]: XADD with LIMIT delete entries no more than limit (1 ms)
2026-10-04T22:25:33.1282990Z [ok]: XRANGE COUNT works as expected (2 ms)
2026-10-04T22:25:33.1301018Z [ok]: XREVRANGE COUNT works as expected (1 ms)
2026-10-04T22:25:33.5637698Z [ok]: XRANGE can be used to iterate the whole stream (433 ms)
2026-10-04T22:25:34.4859133Z [ok]: XREVRANGE returns the reverse of XRANGE (921 ms)
2026-10-04T22:25:34.4911897Z [ok]: XRANGE exclusive ranges (4 ms)
2026-10-04T22:25:34.4931758Z [ok]: XREAD with non empty stream (1 ms)
2026-10-04T22:25:34.4939282Z [ok]: Non blocking XREAD with empty streams (0 ms)
2026-10-04T22:26:22.4725613Z [ok]: XREAD with non empty second stream (47978 ms)
2026-10-04T22:26:23.4216282Z [ok]: Blocking XREAD waiting new data (949 ms)
2026-10-04T22:26:23.4230209Z [ok]: Blocking XREAD waiting old data (1 ms)
2026-10-04T22:26:23.4446755Z [ok]: Blocking XREAD will not reply with an empty array (21 ms)
2026-10-04T22:26:23.4706261Z [ok]: Blocking XREAD for stream that ran dry (issue #5299) (25 ms)
2026-10-04T22:26:23.4741652Z [ok]: XREAD: XADD + DEL should not awake client (3 ms)
2026-10-04T22:26:23.4779721Z [ok]: XREAD: XADD + DEL + LPUSH should not awake client (3 ms)
2026-10-04T22:26:23.4926753Z [ok]: XREAD with same stream name multiple times should work (14 ms)
2026-10-04T22:26:23.5085791Z [ok]: XREAD + multiple XADD inside transaction (15 ms)
2026-10-04T22:26:23.5106442Z [ok]: XDEL basic test (2 ms)
2026-10-04T22:26:23.5128755Z [ok]: XDEL multiply id test (2 ms)
2026-10-04T22:26:33.5679832Z [ok]: XDEL fuzz test (10054 ms)
2026-10-04T22:26:40.2810392Z [ok]: XRANGE fuzzing (6712 ms)
2026-10-04T22:26:40.2835000Z [ok]: XREVRANGE regression test for issue #5006 (2 ms)
2026-10-04T22:26:40.2851196Z [ok]: XREAD streamID edge (no-blocking) (1 ms)
2026-10-04T22:26:40.2996628Z [ok]: XREAD streamID edge (blocking) (14 ms)
2026-10-04T22:26:40.3011165Z [ok]: XADD streamID edge (1 ms)
2026-10-04T22:26:41.8340076Z [ok]: XTRIM with MAXLEN option basic test (1532 ms)
2026-10-04T22:26:41.8765889Z [ok]: XADD with LIMIT consecutive calls (42 ms)
2026-10-04T22:26:41.9205754Z [ok]: XTRIM with ~ is limited (44 ms)
2026-10-04T22:26:41.9650964Z [ok]: XTRIM without ~ is not limited (44 ms)
2026-10-04T22:26:42.0093348Z [ok]: XTRIM without ~ and with LIMIT (43 ms)
2026-10-04T22:26:42.0125242Z [ok]: XTRIM with LIMIT delete entries no more than limit (3 ms)
2026-10-04T22:26:42.0125802Z [ignore]: Tag: needs:debug denied
2026-10-04T22:26:42.0126205Z [ignore]: Tag: needs:debug denied
2026-10-04T22:26:42.0126570Z [ignore]: Tag: needs:debug denied
2026-10-04T22:26:42.0126997Z [ignore]: Tag: needs:debug denied
2026-10-04T22:26:42.0127394Z [ignore]: Tag: needs:debug denied
2026-10-04T22:26:42.0127756Z [ignore]: Tag: needs:debug denied
2026-10-04T22:26:42.0128093Z [ignore]: Tag: needs:debug denied
2026-10-04T22:26:42.0465384Z [ok]: XADD can CREATE an empty stream (1 ms)
2026-10-04T22:26:42.0475991Z [ok]: XSETID can set a specific ID (1 ms)
2026-10-04T22:26:42.0489757Z [ok]: XSETID cannot SETID with smaller ID (1 ms)
2026-10-04T22:26:42.0499504Z [ok]: XSETID cannot SETID on non-existent key (0 ms)
2026-10-04T22:26:42.0507803Z [ok]: XSETID cannot run with an offset but without a maximal tombstone (0 ms)
2026-10-04T22:26:42.0515260Z [ok]: XSETID cannot run with a maximal tombstone but without an offset (1 ms)
2026-10-04T22:26:42.0522885Z [ok]: XSETID errors on negstive offset (1 ms)
2026-10-04T22:26:42.0539779Z [ok]: XSETID cannot set the maximal tombstone with larger ID (1 ms)
2026-10-04T22:26:42.0556162Z [ok]: XSETID cannot set the offset to less than the length (1 ms)
2026-10-04T22:26:42.0584361Z [ok]: XSETID cannot set smaller ID than current MAXDELETEDID (3 ms)
2026-10-04T22:26:42.1062101Z [ok]: XADD advances the entries-added counter and sets the recorded-first-entry-id (1 ms)
2026-10-04T22:26:42.1098046Z [ok]: XDEL/TRIM are reflected by recorded first entry (3 ms)
2026-10-04T22:26:42.1123657Z [ok]: Maximum XDEL ID behaves correctly (2 ms)
2026-10-04T22:26:42.1133714Z [ok]: XADD with artial ID with maximal seq (1 ms)
2026-10-04T22:26:42.1137299Z [ignore]: Tag: needs:debug denied
2026-10-04T22:26:42.1461951Z [ok]: XGROUP HELP should not have unexpected options (0 ms)
2026-10-04T22:26:42.1466963Z [ok]: XINFO HELP should not have unexpected options (0 ms)
2026-10-04T22:26:42.1471840Z [9/10 done]: unit/type/stream (119 seconds)
2026-10-04T22:26:42.1472363Z Testing unit/sort
2026-10-04T22:26:42.2287675Z [ok]: Listpack: SORT BY key (4 ms)
2026-10-04T22:26:42.2288500Z [ok]: Listpack: SORT BY key with limit (4 ms)
2026-10-04T22:26:42.2288843Z [ok]: Listpack: SORT BY hash field (2 ms)
2026-10-04T22:26:42.7562011Z [ok]: Quicklist: SORT BY key (285 ms)
2026-10-04T22:26:43.0433064Z [ok]: Quicklist: SORT BY key with limit (287 ms)
2026-10-04T22:26:43.3447869Z [ok]: Quicklist: SORT BY hash field (301 ms)
2026-10-04T22:26:55.4741242Z [ok]: Big Quicklist: SORT BY key (9228 ms)
2026-10-04T22:27:04.6000102Z [ok]: Big Quicklist: SORT BY key with limit (9125 ms)
2026-10-04T22:27:14.0802154Z [ok]: Big Quicklist: SORT BY hash field (9479 ms)
2026-10-04T22:27:14.0956885Z [ok]: Intset: SORT BY key (3 ms)
2026-10-04T22:27:14.0994497Z [ok]: Intset: SORT BY key with limit (3 ms)
2026-10-04T22:27:14.1016520Z [ok]: Intset: SORT BY hash field (2 ms)
2026-10-04T22:27:14.8887109Z [ok]: Hash table: SORT BY key (287 ms)
2026-10-04T22:27:15.1778153Z [ok]: Hash table: SORT BY key with limit (288 ms)
2026-10-04T22:27:15.4795216Z [ok]: Hash table: SORT BY hash field (301 ms)
2026-10-04T22:27:31.4816566Z [ok]: Big Hash table: SORT BY key (9608 ms)
2026-10-04T22:27:40.9156425Z [ok]: Big Hash table: SORT BY key with limit (9433 ms)
2026-10-04T22:27:50.7075205Z [ok]: Big Hash table: SORT BY hash field (9790 ms)
2026-10-04T22:27:50.7196544Z [ok]: SORT GET # (1 ms)
2026-10-04T22:27:50.7205293Z [ok]: SORT GET <const> (1 ms)
2026-10-04T22:27:50.7214516Z [ok]: SORT_RO GET <const> (1 ms)
2026-10-04T22:27:50.7366424Z [ok]: SORT GET (key and hash) with sanity check (15 ms)
2026-10-04T22:27:50.7426605Z [ok]: SORT BY key STORE (6 ms)
2026-10-04T22:27:50.7475105Z [ok]: SORT BY hash field STORE (4 ms)
2026-10-04T22:27:50.7480742Z [ok]: SORT extracts STORE correctly (0 ms)
2026-10-04T22:27:50.7486666Z [ok]: SORT_RO get keys (0 ms)
2026-10-04T22:27:50.7491843Z [ok]: SORT extracts multiple STORE correctly (1 ms)
2026-10-04T22:27:50.7498885Z [ok]: SORT DESC (0 ms)
2026-10-04T22:27:50.7516333Z [ok]: SORT ALPHA against integer encoded strings (1 ms)
2026-10-04T22:27:50.7539586Z [ok]: SORT sorted set (2 ms)
2026-10-04T22:27:50.7564124Z [ok]: SORT sorted set BY nosort should retain ordering (2 ms)
2026-10-04T22:27:50.7596474Z [ok]: SORT sorted set BY nosort + LIMIT (3 ms)
2026-10-04T22:27:50.7624253Z [ok]: SORT sorted set BY nosort works as expected from scripts (3 ms)
2026-10-04T22:27:50.7646636Z [ok]: SORT sorted set: +inf and -inf handling (2 ms)
2026-10-04T22:27:50.8720590Z [ok]: SORT regression for issue #19, sorting floats (107 ms)
2026-10-04T22:27:50.8764228Z [ok]: SORT with STORE returns zero if result is empty (github issue 224) (4 ms)
2026-10-04T22:27:50.8800724Z [ok]: SORT with STORE does not create empty lists (github issue 224) (3 ms)
2026-10-04T22:27:50.8850566Z [ok]: SORT with STORE removes key if result is empty (github issue 227) (4 ms)
2026-10-04T22:27:50.8879686Z [ok]: SORT with BY <constant> and STORE should still order output (2 ms)
2026-10-04T22:27:50.8892945Z [ok]: SORT will complain with numerical sorting and bad doubles (1) (1 ms)
2026-10-04T22:27:50.8913975Z [ok]: SORT will complain with numerical sorting and bad doubles (2) (2 ms)
2026-10-04T22:27:50.8938170Z [ok]: SORT BY sub-sorts lexicographically if score is the same (2 ms)
2026-10-04T22:27:50.8952622Z [ok]: SORT GET with pattern ending with just -> does not get hash field (1 ms)
2026-10-04T22:27:50.8963505Z [ok]: SORT by nosort retains native order for lists (1 ms)
2026-10-04T22:27:50.8992990Z [ok]: SORT by nosort plus store retains native order for lists (2 ms)
2026-10-04T22:27:50.9014640Z [ok]: SORT by nosort with limit returns based on original list order (2 ms)
2026-10-04T22:27:50.9029215Z [ok]: SORT_RO - Successful case (1 ms)
2026-10-04T22:27:50.9033952Z [ok]: SORT_RO - Cannot run with STORE arg (0 ms)
2026-10-04T22:27:50.9034485Z [ignore]: Tag: slow denied
2026-10-04T22:27:50.9047900Z [ok]: SETRANGE with huge offset (1 ms)
2026-10-04T22:27:50.9049850Z [10/10 done]: unit/sort (68 seconds)
2026-10-04T22:27:50.9050295Z 
2026-10-04T22:27:50.9050547Z                    The End
2026-10-04T22:27:50.9050700Z 
2026-10-04T22:27:50.9050813Z Execution time of different units:
2026-10-04T22:27:50.9051087Z   5 seconds - unit/type/string
2026-10-04T22:27:50.9051369Z   0 seconds - unit/type/incr
2026-10-04T22:27:50.9051621Z   14 seconds - unit/type/list
2026-10-04T22:27:50.9051868Z   1 seconds - unit/type/list-2
2026-10-04T22:27:50.9052119Z   26 seconds - unit/type/list-3
2026-10-04T22:27:50.9052364Z   8 seconds - unit/type/set
2026-10-04T22:27:50.9052602Z   20 seconds - unit/type/zset
2026-10-04T22:27:50.9052853Z   11 seconds - unit/type/hash
2026-10-04T22:27:50.9053106Z   119 seconds - unit/type/stream
2026-10-04T22:27:50.9053354Z   68 seconds - unit/sort
2026-10-04T22:27:50.9053498Z 
2026-10-04T22:27:50.9053617Z \o/ All tests passed without errors!
2026-10-04T22:27:50.9053790Z 
2026-10-04T22:27:50.9053886Z Cleanup: may take some time... OK
2026-10-04T22:27:51.2168891Z PASS: valkey-tcl
2026-10-04T22:27:51.2256503Z ##[error]Process completed with exit code 1.
2026-10-04T22:27:51.2330750Z ##[group]Run actions/upload-artifact@v7
2026-10-04T22:27:51.2331049Z with:
2026-10-04T22:27:51.2331235Z   name: test-results-arm64-4
2026-10-04T22:27:51.2332253Z   path: build_ci/test-results/
build_ci/Testing/Temporary/
build_ci/meta-integration/**/*.log
build_ci/meta-integration/**/*.json
/mnt/dev/lavik-*.log
/mnt/dev/cluster_client_*/**/*.log
/tmp/lavik-*/**/*.log
/tmp/cluster_create_*/**/*.log
/tmp/cluster_client_*/**/*.log
/tmp/meta_*/**/*.log
/tmp/lavik-*.log

2026-10-04T22:27:51.2333542Z   if-no-files-found: ignore
2026-10-04T22:27:51.2333759Z   retention-days: 7
2026-10-04T22:27:51.2333962Z   compression-level: 6
2026-10-04T22:27:51.2334163Z   overwrite: false
2026-10-04T22:27:51.2334362Z   include-hidden-files: false
2026-10-04T22:27:51.2334585Z   archive: true
2026-10-04T22:27:51.2334958Z env:
2026-10-04T22:27:51.2335235Z   PYTHONPATH: /home/runner/work/lavik/lavik/build_ci/test_tools/redis_py
2026-10-04T22:27:51.2335585Z   GOTOOLCHAIN: local
2026-10-04T22:27:51.2335817Z ##[endgroup]
2026-10-04T22:27:51.3972812Z Multiple search paths detected. Calculating the least common ancestor of all paths
2026-10-04T22:27:51.3975004Z The least common ancestor is /. This will be the root directory of the artifact
2026-10-04T22:27:51.3975496Z With the provided path, there will be 9 files uploaded
2026-10-04T22:27:51.3980991Z Artifact name is valid!
2026-10-04T22:27:51.3981355Z Root directory input is valid!
2026-10-04T22:27:51.6036590Z Uploading artifact: test-results-arm64-4.zip
2026-10-04T22:27:51.6071716Z Beginning upload of artifact content to blob storage
2026-10-04T22:27:51.6926056Z Uploaded bytes 152938
2026-10-04T22:27:51.7059853Z Finished uploading artifact content to blob storage!
2026-10-04T22:27:51.7060435Z SHA256 digest of uploaded artifact is 5e5e08d81af2c1f2f8a464e617715f0f75f797c32aaffe863802824e7459ea27
2026-10-04T22:27:51.7060931Z Finalizing artifact upload
2026-10-04T22:27:51.9295660Z Artifact test-results-arm64-4 successfully finalized. Artifact ID 11317446080
2026-10-04T22:27:51.9296397Z Artifact test-results-arm64-4 has been successfully uploaded! Final size is 152938 bytes. Artifact ID is 11317446080
2026-10-04T22:27:51.9299978Z Artifact download URL: https://github.com/eloqdata/lavik/actions/runs/37237724710/artifacts/11317446080
2026-10-04T22:27:51.9479382Z Post job cleanup.
2026-10-04T22:27:52.0183174Z [command]/usr/bin/git version
2026-10-04T22:27:52.0225908Z git version 2.55.0
2026-10-04T22:27:52.0264832Z Temporarily overriding HOME='/home/runner/work/_temp/d63505ed-2954-4374-8ccd-560016843b54' before making global git config changes
2026-10-04T22:27:52.0265670Z Adding repository directory to the temporary git global config as a safe directory
2026-10-04T22:27:52.0270196Z [command]/usr/bin/git config --global --add safe.directory /home/runner/work/lavik/lavik
2026-10-04T22:27:52.0308936Z Removing SSH command configuration
2026-10-04T22:27:52.0309351Z [command]/usr/bin/git config --local --name-only --get-regexp core\.sshCommand
2026-10-04T22:27:52.0336771Z [command]/usr/bin/git submodule foreach --recursive sh -c "git config --local --name-only --get-regexp 'core\.sshCommand' && git config --local --unset-all 'core.sshCommand' || :"
2026-10-04T22:27:52.0525579Z Removing HTTP extra header
2026-10-04T22:27:52.0529890Z [command]/usr/bin/git config --local --name-only --get-regexp http\.https\:\/\/github\.com\/\.extraheader
2026-10-04T22:27:52.0563149Z [command]/usr/bin/git submodule foreach --recursive sh -c "git config --local --name-only --get-regexp 'http\.https\:\/\/github\.com\/\.extraheader' && git config --local --unset-all 'http.https://github.com/.extraheader' || :"
2026-10-04T22:27:52.0753235Z Removing includeIf entries pointing to credentials config files
2026-10-04T22:27:52.0759673Z [command]/usr/bin/git config --local --name-only --get-regexp ^includeIf\.gitdir:
2026-10-04T22:27:52.0791979Z [command]/usr/bin/git submodule foreach --recursive git config --local --show-origin --name-only --get-regexp remote.origin.url
2026-10-04T22:27:52.1119916Z Cleaning up orphan processes
