2026-10-05T15:44:33.8991819Z Current runner version: '2.337.0'
2026-10-05T15:44:33.9024435Z ##[group]Runner Image Provisioner
2026-10-05T15:44:33.9025396Z Hosted Compute Agent
2026-10-05T15:44:33.9026226Z Version: 20260901.588
2026-10-05T15:44:33.9026929Z Commit: f88ec8081b781fac6c440065ac7ff9e710ce3d0b
2026-10-05T15:44:33.9027799Z Build Date: 2026-09-01T19:56:44Z
2026-10-05T15:44:33.9028829Z Worker ID: {32c9b380-4e50-4622-bcdb-c2945cb5e240}
2026-10-05T15:44:33.9029571Z Azure Region: eastus
2026-10-05T15:44:33.9030310Z ##[endgroup]
2026-10-05T15:44:33.9032481Z ##[group]Operating System
2026-10-05T15:44:33.9033333Z Ubuntu
2026-10-05T15:44:33.9033856Z 24.04.5
2026-10-05T15:44:33.9034372Z LTS
2026-10-05T15:44:33.9035021Z ##[endgroup]
2026-10-05T15:44:33.9035660Z ##[group]Runner Image
2026-10-05T15:44:33.9036444Z Image: ubuntu-24.04-arm
2026-10-05T15:44:33.9037102Z Version: 20260927.135.1
2026-10-05T15:44:33.9039018Z Included Software: https://github.com/actions/runner-images/blob/ubuntu24-arm64/20260927.135/images/ubuntu/Ubuntu2404-Arm64-Readme.md
2026-10-05T15:44:33.9040661Z Image Release: https://github.com/actions/runner-images/releases/tag/ubuntu24-arm64%2F20260927.135
2026-10-05T15:44:33.9041810Z ##[endgroup]
2026-10-05T15:44:33.9042961Z ##[group]GITHUB_TOKEN Permissions
2026-10-05T15:44:33.9046057Z Contents: read
2026-10-05T15:44:33.9046670Z Metadata: read
2026-10-05T15:44:33.9047509Z ##[endgroup]
2026-10-05T15:44:33.9051098Z Secret source: Actions
2026-10-05T15:44:33.9052358Z Cache mode: write
2026-10-05T15:44:33.9053155Z Prepare workflow directory
2026-10-05T15:44:33.9740303Z Prepare all required actions
2026-10-05T15:44:33.9794364Z Getting action download info
2026-10-05T15:44:34.2047777Z Download action repository 'actions/checkout@v7' (SHA:3d3c42e5aac5ba805825da76410c181273ba90b1)
2026-10-05T15:44:34.5677198Z Download action repository 'actions/setup-go@b7ad1dad31e06c5925ef5d2fc7ad053ef454303e' (SHA:b7ad1dad31e06c5925ef5d2fc7ad053ef454303e)
2026-10-05T15:44:34.7757929Z Download action repository 'actions/download-artifact@3e5f45b2cfb9172054b4087a40e8e0b5a5461e7c' (SHA:3e5f45b2cfb9172054b4087a40e8e0b5a5461e7c)
2026-10-05T15:44:34.9529140Z Download action repository 'actions/upload-artifact@v7' (SHA:043fb46d1a93c77aae656e7c1c64a875d1fc6a0a)
2026-10-05T15:44:35.1765536Z Complete job name: Test shard (arm64, 1)
2026-10-05T15:44:35.2638209Z ##[group]Run actions/checkout@v7
2026-10-05T15:44:35.2639665Z with:
2026-10-05T15:44:35.2640160Z   persist-credentials: false
2026-10-05T15:44:35.2640742Z   repository: eloqdata/lavik
2026-10-05T15:44:35.2647160Z   token: ***
2026-10-05T15:44:35.2647598Z   ssh-strict: true
2026-10-05T15:44:35.2648057Z   ssh-user: git
2026-10-05T15:44:35.2648830Z   clean: true
2026-10-05T15:44:35.2649330Z   sparse-checkout-cone-mode: true
2026-10-05T15:44:35.2649907Z   fetch-depth: 1
2026-10-05T15:44:35.2650356Z   fetch-tags: false
2026-10-05T15:44:35.2650815Z   show-progress: true
2026-10-05T15:44:35.2651301Z   lfs: false
2026-10-05T15:44:35.2651749Z   submodules: false
2026-10-05T15:44:35.2652220Z   set-safe-directory: true
2026-10-05T15:44:35.2652825Z   allow-unsafe-pr-checkout: false
2026-10-05T15:44:35.2653818Z env:
2026-10-05T15:44:35.2654502Z   PYTHONPATH: /home/runner/work/lavik/lavik/build_ci/test_tools/redis_py
2026-10-05T15:44:35.2655357Z ##[endgroup]
2026-10-05T15:44:35.3580058Z Syncing repository: eloqdata/lavik
2026-10-05T15:44:35.3583408Z ##[group]Getting Git version info
2026-10-05T15:44:35.3584475Z Working directory is '/home/runner/work/lavik/lavik'
2026-10-05T15:44:35.3586121Z [command]/usr/bin/git version
2026-10-05T15:44:35.3650415Z git version 2.55.0
2026-10-05T15:44:35.3730743Z ##[endgroup]
2026-10-05T15:44:35.3739071Z Temporarily overriding HOME='/home/runner/work/_temp/a12fe035-d53a-4b62-be76-32f184b3e22c' before making global git config changes
2026-10-05T15:44:35.3741256Z Adding repository directory to the temporary git global config as a safe directory
2026-10-05T15:44:35.3742854Z [command]/usr/bin/git config --global --add safe.directory /home/runner/work/lavik/lavik
2026-10-05T15:44:35.3745323Z Deleting the contents of '/home/runner/work/lavik/lavik'
2026-10-05T15:44:35.3747264Z ##[group]Determining repository object format
2026-10-05T15:44:35.3748829Z ##[endgroup]
2026-10-05T15:44:35.3750012Z ##[group]Initializing the repository
2026-10-05T15:44:35.3751008Z [command]/usr/bin/git init /home/runner/work/lavik/lavik
2026-10-05T15:44:35.3856005Z hint: Using 'master' as the name for the initial branch. This default branch name
2026-10-05T15:44:35.3857813Z hint: will change to "main" in Git 3.0. To configure the initial branch name
2026-10-05T15:44:35.3859475Z hint: to use in all of your new repositories, which will suppress this warning,
2026-10-05T15:44:35.3860644Z hint: call:
2026-10-05T15:44:35.3861233Z hint:
2026-10-05T15:44:35.3862021Z hint: 	git config --global init.defaultBranch <name>
2026-10-05T15:44:35.3862935Z hint:
2026-10-05T15:44:35.3863776Z hint: Names commonly chosen instead of 'master' are 'main', 'trunk' and
2026-10-05T15:44:35.3865343Z hint: 'development'. The just-created branch can be renamed via this command:
2026-10-05T15:44:35.3866642Z hint:
2026-10-05T15:44:35.3867225Z hint: 	git branch -m <name>
2026-10-05T15:44:35.3868019Z hint:
2026-10-05T15:44:35.3869163Z hint: Disable this message with "git config set advice.defaultBranchName false"
2026-10-05T15:44:35.3871203Z Initialized empty Git repository in /home/runner/work/lavik/lavik/.git/
2026-10-05T15:44:35.3875884Z [command]/usr/bin/git remote add origin https://github.com/eloqdata/lavik
2026-10-05T15:44:35.3920698Z ##[endgroup]
2026-10-05T15:44:35.3922331Z ##[group]Disabling automatic garbage collection
2026-10-05T15:44:35.3925025Z [command]/usr/bin/git config --local gc.auto 0
2026-10-05T15:44:35.3963964Z ##[endgroup]
2026-10-05T15:44:35.3965272Z ##[group]Setting up auth
2026-10-05T15:44:35.3966548Z Removing SSH command configuration
2026-10-05T15:44:35.3969743Z [command]/usr/bin/git config --local --name-only --get-regexp core\.sshCommand
2026-10-05T15:44:35.4010464Z [command]/usr/bin/git submodule foreach --recursive sh -c "git config --local --name-only --get-regexp 'core\.sshCommand' && git config --local --unset-all 'core.sshCommand' || :"
2026-10-05T15:44:35.4344180Z Removing HTTP extra header
2026-10-05T15:44:35.4350116Z [command]/usr/bin/git config --local --name-only --get-regexp http\.https\:\/\/github\.com\/\.extraheader
2026-10-05T15:44:35.4386793Z [command]/usr/bin/git submodule foreach --recursive sh -c "git config --local --name-only --get-regexp 'http\.https\:\/\/github\.com\/\.extraheader' && git config --local --unset-all 'http.https://github.com/.extraheader' || :"
2026-10-05T15:44:35.4601428Z Removing includeIf entries pointing to credentials config files
2026-10-05T15:44:35.4606410Z [command]/usr/bin/git config --local --name-only --get-regexp ^includeIf\.gitdir:
2026-10-05T15:44:35.4650382Z [command]/usr/bin/git submodule foreach --recursive git config --local --show-origin --name-only --get-regexp remote.origin.url
2026-10-05T15:44:35.4871494Z [command]/usr/bin/git config --file /home/runner/work/_temp/git-credentials-9269e166-c506-465b-a166-27a7d42f903a.config http.https://github.com/.extraheader AUTHORIZATION: basic ***
2026-10-05T15:44:35.4914318Z [command]/usr/bin/git config --local includeIf.gitdir:/home/runner/work/lavik/lavik/.git.path /home/runner/work/_temp/git-credentials-9269e166-c506-465b-a166-27a7d42f903a.config
2026-10-05T15:44:35.4952371Z [command]/usr/bin/git config --local includeIf.gitdir:/home/runner/work/lavik/lavik/.git/worktrees/*.path /home/runner/work/_temp/git-credentials-9269e166-c506-465b-a166-27a7d42f903a.config
2026-10-05T15:44:35.4991127Z [command]/usr/bin/git config --local includeIf.gitdir:/github/workspace/.git.path /github/runner_temp/git-credentials-9269e166-c506-465b-a166-27a7d42f903a.config
2026-10-05T15:44:35.5031214Z [command]/usr/bin/git config --local includeIf.gitdir:/github/workspace/.git/worktrees/*.path /github/runner_temp/git-credentials-9269e166-c506-465b-a166-27a7d42f903a.config
2026-10-05T15:44:35.5066994Z ##[endgroup]
2026-10-05T15:44:35.5068697Z ##[group]Fetching the repository
2026-10-05T15:44:35.5074672Z [command]/usr/bin/git -c protocol.version=2 fetch --no-tags --prune --no-recurse-submodules --depth=1 origin +c637a3260897928bb8ad18bdd25e3483e7cea56a:refs/remotes/pull/275/merge
2026-10-05T15:44:36.6181315Z From https://github.com/eloqdata/lavik
2026-10-05T15:44:36.6183550Z  * [new ref]         c637a3260897928bb8ad18bdd25e3483e7cea56a -> pull/275/merge
2026-10-05T15:44:36.6190450Z ##[endgroup]
2026-10-05T15:44:36.6193024Z ##[group]Determining the checkout info
2026-10-05T15:44:36.6194633Z ##[endgroup]
2026-10-05T15:44:36.6195686Z [command]/usr/bin/git sparse-checkout disable
2026-10-05T15:44:36.6274157Z [command]/usr/bin/git config --local --unset-all extensions.worktreeConfig
2026-10-05T15:44:36.6336505Z ##[group]Checking out the ref
2026-10-05T15:44:36.6339854Z [command]/usr/bin/git checkout --progress --force refs/remotes/pull/275/merge
2026-10-05T15:44:36.7532866Z Note: switching to 'refs/remotes/pull/275/merge'.
2026-10-05T15:44:36.7534638Z
2026-10-05T15:44:36.7535785Z You are in 'detached HEAD' state. You can look around, make experimental
2026-10-05T15:44:36.7538199Z changes and commit them, and you can discard any commits you make in this
2026-10-05T15:44:36.7540084Z state without impacting any branches by switching back to a branch.
2026-10-05T15:44:36.7541076Z
2026-10-05T15:44:36.7541765Z If you want to create a new branch to retain commits you create, you may
2026-10-05T15:44:36.7543211Z do so (now or later) by using -c with the switch command. Example:
2026-10-05T15:44:36.7544015Z
2026-10-05T15:44:36.7544441Z   git switch -c <new-branch-name>
2026-10-05T15:44:36.7545083Z
2026-10-05T15:44:36.7545498Z Or undo this operation with:
2026-10-05T15:44:36.7546107Z
2026-10-05T15:44:36.7546611Z   git switch -
2026-10-05T15:44:36.7547129Z
2026-10-05T15:44:36.7547846Z Turn off this advice by setting config variable advice.detachedHead to false
2026-10-05T15:44:36.7548948Z
2026-10-05T15:44:36.7549991Z HEAD is now at c637a32 Merge dbd72cb1cdd899b0c90f9807621efb863592a7e1 into 5a3903d9b3c0632e3b34e827b779d9daa58455c2
2026-10-05T15:44:36.7553818Z ##[endgroup]
2026-10-05T15:44:36.7591485Z [command]/usr/bin/git log -1 --format=%H
2026-10-05T15:44:36.7621453Z c637a3260897928bb8ad18bdd25e3483e7cea56a
2026-10-05T15:44:36.7632764Z ##[group]Removing auth
2026-10-05T15:44:36.7634252Z Removing SSH command configuration
2026-10-05T15:44:36.7636447Z [command]/usr/bin/git config --local --name-only --get-regexp core\.sshCommand
2026-10-05T15:44:36.7672241Z [command]/usr/bin/git submodule foreach --recursive sh -c "git config --local --name-only --get-regexp 'core\.sshCommand' && git config --local --unset-all 'core.sshCommand' || :"
2026-10-05T15:44:36.7887868Z Removing HTTP extra header
2026-10-05T15:44:36.7890878Z [command]/usr/bin/git config --local --name-only --get-regexp http\.https\:\/\/github\.com\/\.extraheader
2026-10-05T15:44:36.7929254Z [command]/usr/bin/git submodule foreach --recursive sh -c "git config --local --name-only --get-regexp 'http\.https\:\/\/github\.com\/\.extraheader' && git config --local --unset-all 'http.https://github.com/.extraheader' || :"
2026-10-05T15:44:36.8139912Z Removing includeIf entries pointing to credentials config files
2026-10-05T15:44:36.8142560Z [command]/usr/bin/git config --local --name-only --get-regexp ^includeIf\.gitdir:
2026-10-05T15:44:36.8168537Z includeif.gitdir:/home/runner/work/lavik/lavik/.git.path
2026-10-05T15:44:36.8169939Z includeif.gitdir:/home/runner/work/lavik/lavik/.git/worktrees/*.path
2026-10-05T15:44:36.8171337Z includeif.gitdir:/github/workspace/.git.path
2026-10-05T15:44:36.8172532Z includeif.gitdir:/github/workspace/.git/worktrees/*.path
2026-10-05T15:44:36.8187968Z [command]/usr/bin/git config --local --get-all includeif.gitdir:/home/runner/work/lavik/lavik/.git.path
2026-10-05T15:44:36.8205024Z /home/runner/work/_temp/git-credentials-9269e166-c506-465b-a166-27a7d42f903a.config
2026-10-05T15:44:36.8215778Z [command]/usr/bin/git config --local --unset includeif.gitdir:/home/runner/work/lavik/lavik/.git.path \/home\/runner\/work\/_temp\/git\-credentials\-9269e166\-c506\-465b\-a166\-27a7d42f903a\.config
2026-10-05T15:44:36.8258733Z [command]/usr/bin/git config --local --get-all includeif.gitdir:/home/runner/work/lavik/lavik/.git/worktrees/*.path
2026-10-05T15:44:36.8284416Z /home/runner/work/_temp/git-credentials-9269e166-c506-465b-a166-27a7d42f903a.config
2026-10-05T15:44:36.8294558Z [command]/usr/bin/git config --local --unset includeif.gitdir:/home/runner/work/lavik/lavik/.git/worktrees/*.path \/home\/runner\/work\/_temp\/git\-credentials\-9269e166\-c506\-465b\-a166\-27a7d42f903a\.config
2026-10-05T15:44:36.8334860Z [command]/usr/bin/git config --local --get-all includeif.gitdir:/github/workspace/.git.path
2026-10-05T15:44:36.8360116Z /github/runner_temp/git-credentials-9269e166-c506-465b-a166-27a7d42f903a.config
2026-10-05T15:44:36.8371014Z [command]/usr/bin/git config --local --unset includeif.gitdir:/github/workspace/.git.path \/github\/runner_temp\/git\-credentials\-9269e166\-c506\-465b\-a166\-27a7d42f903a\.config
2026-10-05T15:44:36.8433590Z [command]/usr/bin/git config --local --get-all includeif.gitdir:/github/workspace/.git/worktrees/*.path
2026-10-05T15:44:36.8459822Z /github/runner_temp/git-credentials-9269e166-c506-465b-a166-27a7d42f903a.config
2026-10-05T15:44:36.8471606Z [command]/usr/bin/git config --local --unset includeif.gitdir:/github/workspace/.git/worktrees/*.path \/github\/runner_temp\/git\-credentials\-9269e166\-c506\-465b\-a166\-27a7d42f903a\.config
2026-10-05T15:44:36.8515076Z [command]/usr/bin/git submodule foreach --recursive git config --local --show-origin --name-only --get-regexp remote.origin.url
2026-10-05T15:44:36.8723642Z Removing credentials config '/home/runner/work/_temp/git-credentials-9269e166-c506-465b-a166-27a7d42f903a.config'
2026-10-05T15:44:36.8832736Z ##[endgroup]
2026-10-05T15:44:36.9164106Z ##[group]Run actions/setup-go@b7ad1dad31e06c5925ef5d2fc7ad053ef454303e
2026-10-05T15:44:36.9165339Z with:
2026-10-05T15:44:36.9166050Z   go-version-file: raft/go.mod
2026-10-05T15:44:36.9167705Z   cache-dependency-path: raft/go.sum
tests/meta_integration/cluster_client_go/go.sum
tests/meta_integration/sentinel_client_go/go.sum

2026-10-05T15:44:36.9169646Z   check-latest: false
2026-10-05T15:44:36.9175832Z   token: ***
2026-10-05T15:44:36.9176607Z   cache: true
2026-10-05T15:44:36.9177274Z env:
2026-10-05T15:44:36.9178244Z   PYTHONPATH: /home/runner/work/lavik/lavik/build_ci/test_tools/redis_py
2026-10-05T15:44:36.9179550Z ##[endgroup]
2026-10-05T15:44:37.0182557Z Setup go version spec 1.26.8
2026-10-05T15:44:37.0372272Z Found in cache @ /opt/hostedtoolcache/go/1.26.8/arm64
2026-10-05T15:44:37.0374006Z Added go to the path
2026-10-05T15:44:37.0376583Z Successfully set up Go version 1.26.8
2026-10-05T15:44:37.5485747Z [command]/opt/hostedtoolcache/go/1.26.8/arm64/bin/go env GOMODCACHE
2026-10-05T15:44:37.5516417Z [command]/opt/hostedtoolcache/go/1.26.8/arm64/bin/go env GOCACHE
2026-10-05T15:44:37.5565688Z /home/runner/go/pkg/mod
2026-10-05T15:44:37.5589833Z /home/runner/.cache/go-build
2026-10-05T15:44:37.6522154Z Cache hit for: setup-go-Linux-arm64-ubuntu24-arm64-go-1.26.8-52a31333fdbe81b448a90130b1fe6ac14c2f243aba4a731c327db2137c0da2d4
2026-10-05T15:44:38.4713029Z Received 162327702 of 162327702 (100.0%), 202.9 MBs/sec
2026-10-05T15:44:38.4714224Z Cache Size: ~155 MB (162327702 B)
2026-10-05T15:44:38.4795048Z [command]/usr/bin/tar -xf /home/runner/work/_temp/37f35789-c3a5-4a32-9db0-af4b4d693fff/cache.tzst -P -C /home/runner/work/lavik/lavik --use-compress-program unzstd
2026-10-05T15:44:39.1549078Z Cache restored successfully
2026-10-05T15:44:39.1605549Z Cache restored from key: setup-go-Linux-arm64-ubuntu24-arm64-go-1.26.8-52a31333fdbe81b448a90130b1fe6ac14c2f243aba4a731c327db2137c0da2d4
2026-10-05T15:44:39.1634674Z go version go1.26.8 linux/arm64
2026-10-05T15:44:39.1635019Z
2026-10-05T15:44:39.1635433Z ##[group]go env
2026-10-05T15:44:39.1959047Z AR='ar'
2026-10-05T15:44:39.1959621Z CC='gcc'
2026-10-05T15:44:39.1960471Z CGO_CFLAGS='-O2 -g'
2026-10-05T15:44:39.1960939Z CGO_CPPFLAGS=''
2026-10-05T15:44:39.1961787Z CGO_CXXFLAGS='-O2 -g'
2026-10-05T15:44:39.1962336Z CGO_ENABLED='1'
2026-10-05T15:44:39.1962771Z CGO_FFLAGS='-O2 -g'
2026-10-05T15:44:39.1963219Z CGO_LDFLAGS='-O2 -g'
2026-10-05T15:44:39.1963595Z CXX='g++'
2026-10-05T15:44:39.1964056Z GCCGO='gccgo'
2026-10-05T15:44:39.1964469Z GO111MODULE=''
2026-10-05T15:44:39.1964846Z GOARCH='arm64'
2026-10-05T15:44:39.1965251Z GOARM64='v8.0'
2026-10-05T15:44:39.1966025Z GOAUTH='netrc'
2026-10-05T15:44:39.1966406Z GOBIN=''
2026-10-05T15:44:39.1966754Z GOCACHE='/home/runner/.cache/go-build'
2026-10-05T15:44:39.1967206Z GOCACHEPROG=''
2026-10-05T15:44:39.1967490Z GODEBUG=''
2026-10-05T15:44:39.1967825Z GOENV='/home/runner/.config/go/env'
2026-10-05T15:44:39.1968171Z GOEXE=''
2026-10-05T15:44:39.1968637Z GOEXPERIMENT=''
2026-10-05T15:44:39.1968999Z GOFIPS140='off'
2026-10-05T15:44:39.1969269Z GOFLAGS=''
2026-10-05T15:44:39.1969949Z GOGCCFLAGS='-fPIC -pthread -Wl,--no-gc-sections -fmessage-length=0 -ffile-prefix-map=/tmp/go-build770309772=/tmp/go-build -gno-record-gcc-switches'
2026-10-05T15:44:39.1971394Z GOHOSTARCH='arm64'
2026-10-05T15:44:39.1971668Z GOHOSTOS='linux'
2026-10-05T15:44:39.1971966Z GOINSECURE=''
2026-10-05T15:44:39.1972269Z GOMOD='/dev/null'
2026-10-05T15:44:39.1972572Z GOMODCACHE='/home/runner/go/pkg/mod'
2026-10-05T15:44:39.1972925Z GONOPROXY=''
2026-10-05T15:44:39.1973154Z GONOSUMDB=''
2026-10-05T15:44:39.1973431Z GOOS='linux'
2026-10-05T15:44:39.1973702Z GOPATH='/home/runner/go'
2026-10-05T15:44:39.1974002Z GOPRIVATE=''
2026-10-05T15:44:39.1974600Z GOPROXY='https://proxy.golang.org,direct'
2026-10-05T15:44:39.1974980Z GOROOT='/opt/hostedtoolcache/go/1.26.8/arm64'
2026-10-05T15:44:39.1975366Z GOSUMDB='sum.golang.org'
2026-10-05T15:44:39.1975701Z GOTELEMETRY='local'
2026-10-05T15:44:39.1976415Z GOTELEMETRYDIR='/home/runner/.config/go/telemetry'
2026-10-05T15:44:39.1976927Z GOTMPDIR=''
2026-10-05T15:44:39.1977171Z GOTOOLCHAIN='local'
2026-10-05T15:44:39.1977607Z GOTOOLDIR='/opt/hostedtoolcache/go/1.26.8/arm64/pkg/tool/linux_arm64'
2026-10-05T15:44:39.1978061Z GOVCS=''
2026-10-05T15:44:39.1978277Z GOVERSION='go1.26.8'
2026-10-05T15:44:39.1978890Z GOWORK=''
2026-10-05T15:44:39.1979196Z PKG_CONFIG='pkg-config'
2026-10-05T15:44:39.1979491Z
2026-10-05T15:44:39.1980022Z ##[endgroup]
2026-10-05T15:44:39.2134147Z ##[group]Run sudo apt-get update
2026-10-05T15:44:39.2134694Z [36;1msudo apt-get update[0m
2026-10-05T15:44:39.2135124Z [36;1msudo apt-get install -y --no-install-recommends \[0m
2026-10-05T15:44:39.2135667Z [36;1m  build-essential clang-18 cmake openssl python3 tcl zstd[0m
2026-10-05T15:44:39.2277849Z shell: /usr/bin/bash --noprofile --norc -e -o pipefail {0}
2026-10-05T15:44:39.2278708Z env:
2026-10-05T15:44:39.2279280Z   PYTHONPATH: /home/runner/work/lavik/lavik/build_ci/test_tools/redis_py
2026-10-05T15:44:39.2279724Z   GOTOOLCHAIN: local
2026-10-05T15:44:39.2279983Z ##[endgroup]
2026-10-05T15:44:39.3148879Z Get:1 https://packages.microsoft.com/ubuntu/24.04/prod noble InRelease [3600 B]
2026-10-05T15:44:39.3831227Z Get:2 https://packages.microsoft.com/ubuntu/24.04/prod noble/main arm64 Packages [458 kB]
2026-10-05T15:44:39.3961426Z Get:3 https://packages.microsoft.com/ubuntu/24.04/prod noble/main amd64 Packages [511 kB]
2026-10-05T15:44:39.4022144Z Get:4 https://packages.microsoft.com/ubuntu/24.04/prod noble/main armhf Packages [12.6 kB]
2026-10-05T15:44:39.6651284Z Hit:5 http://ports.ubuntu.com/ubuntu-ports noble InRelease
2026-10-05T15:44:39.7616168Z Get:6 http://ports.ubuntu.com/ubuntu-ports noble-updates InRelease [126 kB]
2026-10-05T15:44:40.1819191Z Get:7 http://ports.ubuntu.com/ubuntu-ports noble-backports InRelease [126 kB]
2026-10-05T15:44:40.3865481Z Get:8 http://ports.ubuntu.com/ubuntu-ports noble-security InRelease [126 kB]
2026-10-05T15:44:40.5495684Z Get:9 http://ports.ubuntu.com/ubuntu-ports noble-updates/main arm64 Packages [1424 kB]
2026-10-05T15:44:41.0035840Z Get:10 http://ports.ubuntu.com/ubuntu-ports noble-updates/main Translation-en [304 kB]
2026-10-05T15:44:41.1635858Z Get:11 http://ports.ubuntu.com/ubuntu-ports noble-updates/main arm64 Components [178 kB]
2026-10-05T15:44:41.3030975Z Get:12 http://ports.ubuntu.com/ubuntu-ports noble-updates/universe arm64 Packages [1736 kB]
2026-10-05T15:44:41.5478721Z Get:13 http://ports.ubuntu.com/ubuntu-ports noble-updates/universe Translation-en [341 kB]
2026-10-05T15:44:41.6554912Z Get:14 http://ports.ubuntu.com/ubuntu-ports noble-updates/universe arm64 Components [387 kB]
2026-10-05T15:44:41.7639197Z Get:15 http://ports.ubuntu.com/ubuntu-ports noble-updates/restricted arm64 Packages [2571 kB]
2026-10-05T15:44:41.9766728Z Get:16 http://ports.ubuntu.com/ubuntu-ports noble-updates/restricted Translation-en [394 kB]
2026-10-05T15:44:42.0788785Z Get:17 http://ports.ubuntu.com/ubuntu-ports noble-backports/main arm64 Components [3568 B]
2026-10-05T15:44:42.1753964Z Get:18 http://ports.ubuntu.com/ubuntu-ports noble-backports/universe arm64 Components [12.6 kB]
2026-10-05T15:44:42.4090488Z Get:19 http://ports.ubuntu.com/ubuntu-ports noble-security/main arm64 Packages [1134 kB]
2026-10-05T15:44:42.5250479Z Get:20 http://ports.ubuntu.com/ubuntu-ports noble-security/main Translation-en [221 kB]
2026-10-05T15:44:42.6248895Z Get:21 http://ports.ubuntu.com/ubuntu-ports noble-security/main arm64 Components [43.3 kB]
2026-10-05T15:44:42.7221133Z Get:22 http://ports.ubuntu.com/ubuntu-ports noble-security/universe arm64 Packages [1286 kB]
2026-10-05T15:44:42.8392426Z Get:23 http://ports.ubuntu.com/ubuntu-ports noble-security/universe Translation-en [244 kB]
2026-10-05T15:44:42.9390930Z Get:24 http://ports.ubuntu.com/ubuntu-ports noble-security/universe arm64 Components [76.3 kB]
2026-10-05T15:44:43.0362139Z Get:25 http://ports.ubuntu.com/ubuntu-ports noble-security/restricted arm64 Packages [2371 kB]
2026-10-05T15:44:43.1729834Z Get:26 http://ports.ubuntu.com/ubuntu-ports noble-security/restricted Translation-en [361 kB]
2026-10-05T15:44:47.5050262Z Fetched 14.5 MB in 4s (3611 kB/s)
2026-10-05T15:44:48.5892939Z Reading package lists...
2026-10-05T15:44:48.6210070Z Reading package lists...
2026-10-05T15:44:48.9153740Z Building dependency tree...
2026-10-05T15:44:48.9161288Z Reading state information...
2026-10-05T15:44:49.2944754Z clang-18 is already the newest version (1:18.1.3-1ubuntu1).
2026-10-05T15:44:49.2946150Z python3 is already the newest version (3.12.3-0ubuntu2.1).
2026-10-05T15:44:49.2946792Z tcl is already the newest version (8.6.14build1).
2026-10-05T15:44:49.2947132Z tcl set to manually installed.
2026-10-05T15:44:49.2947542Z zstd is already the newest version (1.5.5+dfsg2-2build1.1).
2026-10-05T15:44:49.2947919Z zstd set to manually installed.
2026-10-05T15:44:49.2948278Z The following additional packages will be installed:
2026-10-05T15:44:49.2953661Z   cmake-data libjsoncpp25 librhash0 libssl-dev libssl3t64
2026-10-05T15:44:49.2962166Z Suggested packages:
2026-10-05T15:44:49.2962812Z   cmake-doc cmake-format elpa-cmake-mode ninja-build libssl-doc
2026-10-05T15:44:49.3234896Z The following NEW packages will be installed:
2026-10-05T15:44:49.3245390Z   build-essential cmake cmake-data libjsoncpp25 librhash0
2026-10-05T15:44:49.3255227Z The following packages will be upgraded:
2026-10-05T15:44:49.3259173Z   libssl-dev libssl3t64 openssl
2026-10-05T15:44:49.5445660Z 3 upgraded, 5 newly installed, 0 to remove and 24 not upgraded.
2026-10-05T15:44:49.5446453Z Need to get 17.9 MB of archives.
2026-10-05T15:44:49.5446837Z After this operation, 45.0 MB of additional disk space will be used.
2026-10-05T15:44:49.5447691Z Get:1 http://ports.ubuntu.com/ubuntu-ports noble-updates/main arm64 libssl-dev arm64 3.0.13-0ubuntu3.16 [2379 kB]
2026-10-05T15:44:50.6266872Z Get:2 http://ports.ubuntu.com/ubuntu-ports noble-updates/main arm64 libssl3t64 arm64 3.0.13-0ubuntu3.16 [1838 kB]
2026-10-05T15:44:50.8412703Z Get:3 http://ports.ubuntu.com/ubuntu-ports noble-updates/main arm64 openssl arm64 3.0.13-0ubuntu3.16 [985 kB]
2026-10-05T15:44:50.9619917Z Get:4 http://ports.ubuntu.com/ubuntu-ports noble/main arm64 build-essential arm64 12.10ubuntu1 [4932 B]
2026-10-05T15:44:51.0590737Z Get:5 http://ports.ubuntu.com/ubuntu-ports noble/main arm64 libjsoncpp25 arm64 1.9.5-6build1 [78.2 kB]
2026-10-05T15:44:51.1570512Z Get:6 http://ports.ubuntu.com/ubuntu-ports noble/main arm64 librhash0 arm64 1.4.3-3build1 [126 kB]
2026-10-05T15:44:51.2563776Z Get:7 http://ports.ubuntu.com/ubuntu-ports noble/main arm64 cmake-data all 3.28.3-1build7 [2155 kB]
2026-10-05T15:44:51.4064456Z Get:8 http://ports.ubuntu.com/ubuntu-ports noble/main arm64 cmake arm64 3.28.3-1build7 [10.3 MB]
2026-10-05T15:44:51.9623552Z Fetched 17.9 MB in 2s (7702 kB/s)
2026-10-05T15:44:52.0098777Z (Reading database ...
2026-10-05T15:44:52.0099481Z (Reading database ... 5%
2026-10-05T15:44:52.0099919Z (Reading database ... 10%
2026-10-05T15:44:52.0100225Z (Reading database ... 15%
2026-10-05T15:44:52.0100555Z (Reading database ... 20%
2026-10-05T15:44:52.0100830Z (Reading database ... 25%
2026-10-05T15:44:52.0101133Z (Reading database ... 30%
2026-10-05T15:44:52.0101423Z (Reading database ... 35%
2026-10-05T15:44:52.0101678Z (Reading database ... 40%
2026-10-05T15:44:52.0102039Z (Reading database ... 45%
2026-10-05T15:44:52.0102302Z (Reading database ... 50%
2026-10-05T15:44:52.0392382Z (Reading database ... 55%
2026-10-05T15:44:52.2011703Z (Reading database ... 60%
2026-10-05T15:44:52.3486935Z (Reading database ... 65%
2026-10-05T15:44:52.5931525Z (Reading database ... 70%
2026-10-05T15:44:52.7521674Z (Reading database ... 75%
2026-10-05T15:44:52.8644693Z (Reading database ... 80%
2026-10-05T15:44:53.0970906Z (Reading database ... 85%
2026-10-05T15:44:53.3124662Z (Reading database ... 90%
2026-10-05T15:44:53.4543426Z (Reading database ... 95%
2026-10-05T15:44:53.4543765Z (Reading database ... 100%
2026-10-05T15:44:53.4544266Z (Reading database ... 201617 files and directories currently installed.)
2026-10-05T15:44:53.4590721Z Preparing to unpack .../libssl-dev_3.0.13-0ubuntu3.16_arm64.deb ...
2026-10-05T15:44:53.4686556Z Unpacking libssl-dev:arm64 (3.0.13-0ubuntu3.16) over (3.0.13-0ubuntu3.15) ...
2026-10-05T15:44:53.6760164Z Preparing to unpack .../libssl3t64_3.0.13-0ubuntu3.16_arm64.deb ...
2026-10-05T15:44:53.6821645Z Unpacking libssl3t64:arm64 (3.0.13-0ubuntu3.16) over (3.0.13-0ubuntu3.15) ...
2026-10-05T15:44:53.7659427Z Setting up libssl3t64:arm64 (3.0.13-0ubuntu3.16) ...
2026-10-05T15:44:53.8143837Z (Reading database ...
2026-10-05T15:44:53.8144527Z (Reading database ... 5%
2026-10-05T15:44:53.8144890Z (Reading database ... 10%
2026-10-05T15:44:53.8145223Z (Reading database ... 15%
2026-10-05T15:44:53.8149472Z (Reading database ... 20%
2026-10-05T15:44:53.8149814Z (Reading database ... 25%
2026-10-05T15:44:53.8150241Z (Reading database ... 30%
2026-10-05T15:44:53.8150505Z (Reading database ... 35%
2026-10-05T15:44:53.8150810Z (Reading database ... 40%
2026-10-05T15:44:53.8151152Z (Reading database ... 45%
2026-10-05T15:44:53.8151425Z (Reading database ... 50%
2026-10-05T15:44:53.8163075Z (Reading database ... 55%
2026-10-05T15:44:53.8262970Z (Reading database ... 60%
2026-10-05T15:44:53.8285085Z (Reading database ... 65%
2026-10-05T15:44:53.8299156Z (Reading database ... 70%
2026-10-05T15:44:53.8330547Z (Reading database ... 75%
2026-10-05T15:44:53.8349973Z (Reading database ... 80%
2026-10-05T15:44:53.8375182Z (Reading database ... 85%
2026-10-05T15:44:53.8562893Z (Reading database ... 90%
2026-10-05T15:44:53.8748729Z (Reading database ... 95%
2026-10-05T15:44:53.8749302Z (Reading database ... 100%
2026-10-05T15:44:53.8749709Z (Reading database ... 201617 files and directories currently installed.)
2026-10-05T15:44:53.8795362Z Preparing to unpack .../0-openssl_3.0.13-0ubuntu3.16_arm64.deb ...
2026-10-05T15:44:53.8876792Z Unpacking openssl (3.0.13-0ubuntu3.16) over (3.0.13-0ubuntu3.15) ...
2026-10-05T15:44:54.0388834Z Selecting previously unselected package build-essential.
2026-10-05T15:44:54.0568075Z Preparing to unpack .../1-build-essential_12.10ubuntu1_arm64.deb ...
2026-10-05T15:44:54.0580820Z Unpacking build-essential (12.10ubuntu1) ...
2026-10-05T15:44:54.0833269Z Selecting previously unselected package libjsoncpp25:arm64.
2026-10-05T15:44:54.1004561Z Preparing to unpack .../2-libjsoncpp25_1.9.5-6build1_arm64.deb ...
2026-10-05T15:44:54.1019162Z Unpacking libjsoncpp25:arm64 (1.9.5-6build1) ...
2026-10-05T15:44:54.1271894Z Selecting previously unselected package librhash0:arm64.
2026-10-05T15:44:54.1448646Z Preparing to unpack .../3-librhash0_1.4.3-3build1_arm64.deb ...
2026-10-05T15:44:54.1545066Z Unpacking librhash0:arm64 (1.4.3-3build1) ...
2026-10-05T15:44:54.1868950Z Selecting previously unselected package cmake-data.
2026-10-05T15:44:54.2039781Z Preparing to unpack .../4-cmake-data_3.28.3-1build7_all.deb ...
2026-10-05T15:44:54.2116795Z Unpacking cmake-data (3.28.3-1build7) ...
2026-10-05T15:44:54.6752948Z Selecting previously unselected package cmake.
2026-10-05T15:44:54.6947611Z Preparing to unpack .../5-cmake_3.28.3-1build7_arm64.deb ...
2026-10-05T15:44:54.7074431Z Unpacking cmake (3.28.3-1build7) ...
2026-10-05T15:44:54.9433977Z Setting up libssl-dev:arm64 (3.0.13-0ubuntu3.16) ...
2026-10-05T15:44:54.9498182Z Setting up libjsoncpp25:arm64 (1.9.5-6build1) ...
2026-10-05T15:44:54.9525266Z Setting up librhash0:arm64 (1.4.3-3build1) ...
2026-10-05T15:44:54.9552020Z Setting up build-essential (12.10ubuntu1) ...
2026-10-05T15:44:54.9578085Z Setting up cmake-data (3.28.3-1build7) ...
2026-10-05T15:44:54.9646913Z Setting up openssl (3.0.13-0ubuntu3.16) ...
2026-10-05T15:44:54.9775628Z Setting up cmake (3.28.3-1build7) ...
2026-10-05T15:44:54.9819748Z Processing triggers for man-db (2.12.0-4build2) ...
2026-10-05T15:44:54.9850648Z Not building database; man-db/auto-update is not 'true'.
2026-10-05T15:44:54.9877132Z Processing triggers for libc-bin (2.39-0ubuntu8.9) ...
2026-10-05T15:44:57.4292073Z
2026-10-05T15:44:57.4292883Z Running kernel seems to be up-to-date.
2026-10-05T15:44:57.4293177Z
2026-10-05T15:44:57.4293529Z Restarting services...
2026-10-05T15:44:57.4673215Z  /etc/needrestart/restart.d/systemd-manager
2026-10-05T15:44:57.7206552Z  systemctl restart packagekit.service php8.3-fpm.service systemd-journald.service systemd-networkd.service systemd-resolved.service systemd-timedated.service systemd-udevd.service udisks2.service
2026-10-05T15:44:57.9520267Z
2026-10-05T15:44:57.9521134Z Service restarts being deferred:
2026-10-05T15:44:57.9522205Z  systemctl restart hosted-compute-agent.service
2026-10-05T15:44:57.9993193Z  systemctl restart systemd-logind.service
2026-10-05T15:44:57.9994588Z  systemctl restart walinuxagent.service
2026-10-05T15:44:57.9994830Z
2026-10-05T15:44:57.9994973Z No containers need to be restarted.
2026-10-05T15:44:57.9995154Z
2026-10-05T15:44:57.9995337Z User sessions running outdated binaries:
2026-10-05T15:44:57.9995704Z  runner @ user manager service: systemd[1289]
2026-10-05T15:44:58.0243860Z
2026-10-05T15:44:58.0244708Z No VM guests are running outdated hypervisor (qemu) binaries on this host.
2026-10-05T15:44:59.3529209Z ##[group]Run actions/download-artifact@3e5f45b2cfb9172054b4087a40e8e0b5a5461e7c
2026-10-05T15:44:59.3529721Z with:
2026-10-05T15:44:59.3530092Z   name: ci-build-arm64
2026-10-05T15:44:59.3530392Z   path: /home/runner/work/_temp/ci-build
2026-10-05T15:44:59.3530760Z   merge-multiple: false
2026-10-05T15:44:59.3531009Z   repository: eloqdata/lavik
2026-10-05T15:44:59.3531307Z   run-id: 37332687744
2026-10-05T15:44:59.3531562Z   skip-decompress: false
2026-10-05T15:44:59.3531844Z   digest-mismatch: error
2026-10-05T15:44:59.3532126Z env:
2026-10-05T15:44:59.3532499Z   PYTHONPATH: /home/runner/work/lavik/lavik/build_ci/test_tools/redis_py
2026-10-05T15:44:59.3532937Z   GOTOOLCHAIN: local
2026-10-05T15:44:59.3533180Z ##[endgroup]
2026-10-05T15:44:59.4663231Z Downloading single artifact
2026-10-05T15:44:59.5680162Z Preparing to download the following artifacts:
2026-10-05T15:44:59.5681368Z - ci-build-arm64 (ID: 11355082056, Size: 701865972, Expected Digest: sha256:103505cbadd371ff5f01f45c221834978942c23351b0ae7bb677eb30f593a23b)
2026-10-05T15:44:59.7580446Z Redirecting to blob download url: https://productionresultssa7.blob.core.windows.net/actions-results/41dc91c9-f276-8f49-ae3b-efa2aad70903/workflow-job-run-b99d4842-54a7-5703-8dce-6b89a3fb2d7d/artifacts/7bb5f06eea2576c73442d51f5183ca756bff64318b614cf43b2784045c2b3a2c.zip
2026-10-05T15:44:59.7582409Z Starting download of artifact to: /home/runner/work/_temp/ci-build
2026-10-05T15:44:59.8671530Z (node:3045) [DEP0005] DeprecationWarning: Buffer() is deprecated due to security and usability issues. Please use the Buffer.alloc(), Buffer.allocUnsafe(), or Buffer.from() methods instead.
2026-10-05T15:44:59.8672738Z (Use `node --trace-deprecation ...` to show where the warning was created)
2026-10-05T15:45:07.1087145Z SHA256 digest of downloaded artifact is 103505cbadd371ff5f01f45c221834978942c23351b0ae7bb677eb30f593a23b
2026-10-05T15:45:07.1087813Z Artifact download completed successfully.
2026-10-05T15:45:07.1088720Z Total of 1 artifact(s) downloaded
2026-10-05T15:45:07.1094346Z Download artifact has finished successfully
2026-10-05T15:45:07.1210769Z ##[group]Run tar --zstd -xf "$RUNNER_TEMP/ci-build/ci-build.tar.zst"
2026-10-05T15:45:07.1211412Z [36;1mtar --zstd -xf "$RUNNER_TEMP/ci-build/ci-build.tar.zst"[0m
2026-10-05T15:45:07.1211937Z [36;1mpython3 scripts/ci_build_bundle.py validate build_ci[0m
2026-10-05T15:45:07.1212493Z [36;1mecho "$GITHUB_WORKSPACE/build_ci/test_tools/redis" >> "$GITHUB_PATH"[0m
2026-10-05T15:45:07.1213043Z [36;1mecho "$GITHUB_WORKSPACE/build_ci/test_tools/redis-shake" >> "$GITHUB_PATH"[0m
2026-10-05T15:45:07.1249338Z shell: /usr/bin/bash --noprofile --norc -e -o pipefail {0}
2026-10-05T15:45:07.1249895Z env:
2026-10-05T15:45:07.1250239Z   PYTHONPATH: /home/runner/work/lavik/lavik/build_ci/test_tools/redis_py
2026-10-05T15:45:07.1250635Z   GOTOOLCHAIN: local
2026-10-05T15:45:07.1250965Z ##[endgroup]
2026-10-05T15:45:14.9304088Z Validated /home/runner/work/lavik/lavik/build_ci: 1746 CTest cases
2026-10-05T15:45:14.9410240Z ##[group]Run sudo sysctl -w kernel.io_uring_disabled=0
2026-10-05T15:45:14.9410814Z [36;1msudo sysctl -w kernel.io_uring_disabled=0[0m
2026-10-05T15:45:14.9411277Z [36;1msudo install -d -o "$(id -u)" -g "$(id -g)" /mnt/dev[0m
2026-10-05T15:45:14.9447733Z shell: /usr/bin/bash --noprofile --norc -e -o pipefail {0}
2026-10-05T15:45:14.9448149Z env:
2026-10-05T15:45:14.9448813Z   PYTHONPATH: /home/runner/work/lavik/lavik/build_ci/test_tools/redis_py
2026-10-05T15:45:14.9449318Z   GOTOOLCHAIN: local
2026-10-05T15:45:14.9449558Z ##[endgroup]
2026-10-05T15:45:14.9591659Z kernel.io_uring_disabled = 0
2026-10-05T15:45:15.0221716Z ##[group]Run sudo prlimit --pid "$$" --memlock=unlimited
2026-10-05T15:45:15.0222318Z [36;1msudo prlimit --pid "$$" --memlock=unlimited[0m
2026-10-05T15:45:15.0222840Z [36;1m# Each shard has an isolated VM and remains serial internally, so[0m
2026-10-05T15:45:15.0223362Z [36;1m# fixed ports, large fixtures, and timing-sensitive faults cannot race.[0m
2026-10-05T15:45:15.0223896Z [36;1mscratch_image=$(mktemp "$RUNNER_TEMP/lavik-ci-gate.XXXXXX")[0m
2026-10-05T15:45:15.0224294Z [36;1mscratch_device=[0m
2026-10-05T15:45:15.0224572Z [36;1mcleanup() {[0m
2026-10-05T15:45:15.0224890Z [36;1m  if [[ -n "$scratch_device" ]]; then[0m
2026-10-05T15:45:15.0225269Z [36;1m    sudo losetup --detach "$scratch_device"[0m
2026-10-05T15:45:15.0225615Z [36;1m  fi[0m
2026-10-05T15:45:15.0225864Z [36;1m  rm -f -- "$scratch_image"[0m
2026-10-05T15:45:15.0226174Z [36;1m}[0m
2026-10-05T15:45:15.0226402Z [36;1mtrap cleanup EXIT[0m
2026-10-05T15:45:15.0226769Z [36;1mtruncate -s 16M "$scratch_image"[0m
2026-10-05T15:45:15.0227219Z [36;1mscratch_device=$(sudo losetup --find --show "$scratch_image")[0m
2026-10-05T15:45:15.0227619Z [36;1mexport LAVIK_CLUSTER_HARDWARE_OPT_IN=1[0m
2026-10-05T15:45:15.0228072Z [36;1mexport LAVIK_CLUSTER_SCRATCH_DEVICE="$scratch_device"[0m
2026-10-05T15:45:15.0228781Z [36;1m./scripts/run_ci_tests.sh build_ci --shard-index "$SHARD_INDEX" --shard-count 6[0m
2026-10-05T15:45:15.0264264Z shell: /usr/bin/bash --noprofile --norc -e -o pipefail {0}
2026-10-05T15:45:15.0264779Z env:
2026-10-05T15:45:15.0265131Z   PYTHONPATH: /home/runner/work/lavik/lavik/build_ci/test_tools/redis_py
2026-10-05T15:45:15.0265804Z   GOTOOLCHAIN: local
2026-10-05T15:45:15.0266106Z   SHARD_INDEX: 1
2026-10-05T15:45:15.0266682Z ##[endgroup]
2026-10-05T15:45:15.5730736Z Discovered 1746 CTest cases and 4 external suites; inventory fd69d883759a7cc6e54b88cb124bff9a05a5bb5c7a7809761ee0ceed6ba0418f
2026-10-05T15:45:15.5731616Z Shard 0/6: 274 items, estimated 30.0 minutes
2026-10-05T15:45:15.5732062Z Shard 1/6: 301 items, estimated 30.0 minutes
2026-10-05T15:45:15.5732404Z Shard 2/6: 276 items, estimated 30.0 minutes
2026-10-05T15:45:15.5732838Z Shard 3/6: 276 items, estimated 30.0 minutes
2026-10-05T15:45:15.5733169Z Shard 4/6: 324 items, estimated 30.0 minutes
2026-10-05T15:45:15.5733559Z Shard 5/6: 299 items, estimated 30.0 minutes
2026-10-05T15:45:15.5734108Z Selected shard 1; full manifest: /home/runner/work/lavik/lavik/build_ci/test-results/shard-1-of-6/plan.json
2026-10-05T15:45:15.5807441Z Internal ctest changing into directory: /home/runner/work/lavik/lavik/build_ci
2026-10-05T15:45:15.5808863Z Test project /home/runner/work/lavik/lavik/build_ci
2026-10-05T15:45:15.6245522Z         Start    1: cluster_model.ManualClockTest.MovesOnlyForward
2026-10-05T15:45:15.6268512Z   1/300 Test    #1: cluster_model.ManualClockTest.MovesOnlyForward ..........................................................................................................   Passed    0.00 sec
2026-10-05T15:45:15.6270213Z         Start    4: cluster_model.ControlPlaneReferenceMachineTest.ReplaysIdempotentlyAndRejectsForks
2026-10-05T15:45:15.6290062Z   2/300 Test    #4: cluster_model.ControlPlaneReferenceMachineTest.ReplaysIdempotentlyAndRejectsForks .......................................................................   Passed    0.00 sec
2026-10-05T15:45:15.6291420Z         Start    9: cluster_model.ScenarioRunnerTest.SameSeedProducesByteIdenticalTrace
2026-10-05T15:45:15.6315624Z   3/300 Test    #9: cluster_model.ScenarioRunnerTest.SameSeedProducesByteIdenticalTrace .....................................................................................   Passed    0.00 sec
2026-10-05T15:45:15.6317456Z         Start   22: cluster_model.ClusterInvariantTest.RejectsEveryIncompleteReadinessProof
2026-10-05T15:45:15.6337945Z   4/300 Test   #22: cluster_model.ClusterInvariantTest.RejectsEveryIncompleteReadinessProof .................................................................................   Passed    0.00 sec
2026-10-05T15:45:15.6339743Z         Start   25: cluster_model.ClusterInvariantTest.AcceptsQuiescentFailedStoppedPopulation
2026-10-05T15:45:15.6359660Z   5/300 Test   #25: cluster_model.ClusterInvariantTest.AcceptsQuiescentFailedStoppedPopulation ..............................................................................   Passed    0.00 sec
2026-10-05T15:45:15.6361403Z         Start   36: cluster_model.RequiredFaults/CounterexampleTest.GeneratesReplaysAndMinimizesStableFinding/(1-byte object <06>, "function.catalog-durable-before-ack")
2026-10-05T15:45:15.6386889Z   6/300 Test   #36: cluster_model.RequiredFaults/CounterexampleTest.GeneratesReplaysAndMinimizesStableFinding/(1-byte object <06>, "function.catalog-durable-before-ack") ...   Passed    0.00 sec
2026-10-05T15:45:15.6388446Z         Start   41: cluster_status.ClusterCreateManifestTest.RequiresExplicitClientServiceMode
2026-10-05T15:45:15.6540898Z   7/300 Test   #41: cluster_status.ClusterCreateManifestTest.RequiresExplicitClientServiceMode ..............................................................................   Passed    0.02 sec
2026-10-05T15:45:15.6542303Z         Start   47: cluster_status.ClusterCreateManifestTest.InputOrderCannotChangeNormalizedWire
2026-10-05T15:45:15.6578975Z   8/300 Test   #47: cluster_status.ClusterCreateManifestTest.InputOrderCannotChangeNormalizedWire ...........................................................................   Passed    0.00 sec
2026-10-05T15:45:15.6580633Z         Start   49: cluster_status.ClusterCreateManifestTest.RejectsDuplicateMetaIdentityAndEndpoints
2026-10-05T15:45:15.6611615Z   9/300 Test   #49: cluster_status.ClusterCreateManifestTest.RejectsDuplicateMetaIdentityAndEndpoints .......................................................................   Passed    0.00 sec
2026-10-05T15:45:15.6613243Z         Start   58: cluster_status.ClusterCreateProtocolTest.RejectsOldPersistedIntentFormat
2026-10-05T15:45:15.6637520Z  10/300 Test   #58: cluster_status.ClusterCreateProtocolTest.RejectsOldPersistedIntentFormat ................................................................................   Passed    0.00 sec
2026-10-05T15:45:15.6638808Z         Start   64: cluster_status.ClusterCreateOperatorTest.DoesNotWaitForRuntimeReadiness
2026-10-05T15:45:15.6685187Z  11/300 Test   #64: cluster_status.ClusterCreateOperatorTest.DoesNotWaitForRuntimeReadiness .................................................................................   Passed    0.00 sec
2026-10-05T15:45:15.6686411Z         Start   73: cluster_status.MetaClusterStatusWireTest.RejectsInconsistentLeaderIdentity
2026-10-05T15:45:15.6711122Z  12/300 Test   #73: cluster_status.MetaClusterStatusWireTest.RejectsInconsistentLeaderIdentity ..............................................................................   Passed    0.00 sec
2026-10-05T15:45:15.6712593Z         Start   76: cluster_status.MetaClusterStatusOperatorTest.RejectsPartialTlsEvenForUnixLeader
2026-10-05T15:45:15.6736891Z  13/300 Test   #76: cluster_status.MetaClusterStatusOperatorTest.RejectsPartialTlsEvenForUnixLeader .........................................................................   Passed    0.00 sec
2026-10-05T15:45:15.6738195Z         Start   84: cluster_status.MetaClusterStatusRenderTest.JsonUsesStableArraysAndStringU64
2026-10-05T15:45:15.6762066Z  14/300 Test   #84: cluster_status.MetaClusterStatusRenderTest.JsonUsesStableArraysAndStringU64 .............................................................................   Passed    0.00 sec
2026-10-05T15:45:15.6763452Z         Start   91: cluster_status.MetaFailoverOperatorTest.DistinguishesDefinitelyNotSentFromUncertain
2026-10-05T15:45:15.6795718Z  15/300 Test   #91: cluster_status.MetaFailoverOperatorTest.DistinguishesDefinitelyNotSentFromUncertain .....................................................................   Passed    0.00 sec
2026-10-05T15:45:15.6797111Z         Start   95: meta_signal.MetaShutdownSignals.UsesReceivingThreadsAlternateStack
2026-10-05T15:45:15.6815381Z  16/300 Test   #95: meta_signal.MetaShutdownSignals.UsesReceivingThreadsAlternateStack ......................................................................................   Passed    0.00 sec
2026-10-05T15:45:15.6816632Z         Start  103: meta.MetaAutomaticFailoverStateMachineTest.ServiceableInputDiscardsSuspectTime
2026-10-05T15:45:15.7818819Z  17/300 Test  #103: meta.MetaAutomaticFailoverStateMachineTest.ServiceableInputDiscardsSuspectTime ..........................................................................   Passed    0.10 sec
2026-10-05T15:45:15.7820190Z         Start  109: meta.MetaAutomaticFailoverStateMachineTest.GroupsAdvanceIndependentlyAndStorageIsBounded
2026-10-05T15:45:15.7886687Z  18/300 Test  #109: meta.MetaAutomaticFailoverStateMachineTest.GroupsAdvanceIndependentlyAndStorageIsBounded ................................................................   Passed    0.01 sec
2026-10-05T15:45:15.7889322Z         Start  115: meta.MetaAutomaticFailoverDiagnosticsRegistryTest.InvalidPublicationFailsClosedWithoutChangingTheLastValidCut
2026-10-05T15:45:15.7954079Z  19/300 Test  #115: meta.MetaAutomaticFailoverDiagnosticsRegistryTest.InvalidPublicationFailsClosedWithoutChangingTheLastValidCut ...........................................   Passed    0.01 sec
2026-10-05T15:45:15.7957555Z         Start  119: meta.MetaAutomaticFailoverReconcilerTest.ControlledExecutorBoundsGroupsAndJoinsDuringDemotion
2026-10-05T15:45:19.1835263Z  20/300 Test  #119: meta.MetaAutomaticFailoverReconcilerTest.ControlledExecutorBoundsGroupsAndJoinsDuringDemotion ...........................................................   Passed    3.39 sec
2026-10-05T15:45:19.1837253Z         Start  122: meta.MetaAutomaticFailoverReconcilerTest.InstallAtSameAppliedIndexRefreshesDetectorPolicy
2026-10-05T15:45:20.0894218Z  21/300 Test  #122: meta.MetaAutomaticFailoverReconcilerTest.InstallAtSameAppliedIndexRefreshesDetectorPolicy ...............................................................   Passed    0.91 sec
2026-10-05T15:45:20.0895911Z         Start  135: meta.MetaAutomaticFailoverReconcilerTest.RepeatedCausalConfirmationCannotKeepOwnerServiceableForever
2026-10-05T15:45:21.0178158Z  22/300 Test  #135: meta.MetaAutomaticFailoverReconcilerTest.RepeatedCausalConfirmationCannotKeepOwnerServiceableForever ....................................................   Passed    0.93 sec
2026-10-05T15:45:21.0180222Z         Start  138: meta.MetaAutomaticFailoverReconcilerTimeoutTest.UncertainRetryBackoffStartsAfterProposalReturns
2026-10-05T15:45:22.3685644Z  23/300 Test  #138: meta.MetaAutomaticFailoverReconcilerTimeoutTest.UncertainRetryBackoffStartsAfterProposalReturns .........................................................   Passed    1.35 sec
2026-10-05T15:45:22.3687297Z         Start  147: meta.ClusterCreateV1RecoveryTest.CommitsOneSlotMapAndSparsePopulationPerGroup
2026-10-05T15:45:23.0175724Z  24/300 Test  #147: meta.ClusterCreateV1RecoveryTest.CommitsOneSlotMapAndSparsePopulationPerGroup ...........................................................................   Passed    0.65 sec
2026-10-05T15:45:23.0177793Z         Start  157: meta.ClusterCreateV1RecoveryTest.PrimaryRestartFencesOnlyItsGroupAndAbortsRoot
2026-10-05T15:45:24.1567209Z  25/300 Test  #157: meta.ClusterCreateV1RecoveryTest.PrimaryRestartFencesOnlyItsGroupAndAbortsRoot ..........................................................................   Passed    1.14 sec
2026-10-05T15:45:24.1569098Z         Start  160: meta.ClusterCreateV1RecoveryTest.SourceRestartBeforeAuthorizationFencesItsGroupAndAbortsRoot
2026-10-05T15:45:25.3790298Z  26/300 Test  #160: meta.ClusterCreateV1RecoveryTest.SourceRestartBeforeAuthorizationFencesItsGroupAndAbortsRoot ............................................................   Passed    1.22 sec
2026-10-05T15:45:25.3791830Z         Start  167: meta.ClusterCreateV1RecoveryTest.LaterGroupFailureDoesNotRollbackCompletedGroup
2026-10-05T15:45:27.0780470Z  27/300 Test  #167: meta.ClusterCreateV1RecoveryTest.LaterGroupFailureDoesNotRollbackCompletedGroup .........................................................................   Passed    1.70 sec
2026-10-05T15:45:27.0781973Z         Start  168: meta.ClusterCreateTlsRecoveryTest.RecoversRegistrationAndProjectsTlsPorts
2026-10-05T15:45:27.8064288Z  28/300 Test  #168: meta.ClusterCreateTlsRecoveryTest.RecoversRegistrationAndProjectsTlsPorts ...............................................................................   Passed    0.73 sec
2026-10-05T15:45:27.8065701Z         Start  171: meta.MembershipRecoveryTest.TaggedSentinelRetirementRecoversEveryCheckpoint
2026-10-05T15:45:27.8740285Z  29/300 Test  #171: meta.MembershipRecoveryTest.TaggedSentinelRetirementRecoversEveryCheckpoint .............................................................................   Passed    0.07 sec
2026-10-05T15:45:27.8741772Z         Start  172: meta.MembershipRecoveryTest.InitialConfigBindingsResumeInIdOrderWithoutMembershipOperation
2026-10-05T15:45:27.8933912Z  30/300 Test  #172: meta.MembershipRecoveryTest.InitialConfigBindingsResumeInIdOrderWithoutMembershipOperation ..............................................................   Passed    0.02 sec
2026-10-05T15:45:27.8935587Z         Start  176: meta.MembershipRecoveryTest.CaptureOwnsSelectedBindingsAndRetriesOperationChange
2026-10-05T15:45:27.9415899Z  31/300 Test  #176: meta.MembershipRecoveryTest.CaptureOwnsSelectedBindingsAndRetriesOperationChange ........................................................................   Passed    0.05 sec
2026-10-05T15:45:27.9417249Z         Start  185: meta.MetaCoordinatorComponentTest.ObservationSubscriptionOwnsInitialCut
2026-10-05T15:45:27.9555952Z  32/300 Test  #185: meta.MetaCoordinatorComponentTest.ObservationSubscriptionOwnsInitialCut .................................................................................   Passed    0.01 sec
2026-10-05T15:45:27.9559871Z         Start  189: meta.MetaCoordinatorComponentTest.SubscriptionTripleIsAtomicAndOrdered
2026-10-05T15:45:28.0240507Z  33/300 Test  #189: meta.MetaCoordinatorComponentTest.SubscriptionTripleIsAtomicAndOrdered ..................................................................................   Passed    0.07 sec
2026-10-05T15:45:28.0241929Z         Start  201: meta.MetaCoordinatorServerTest.FailSafeGateAllowsEffectivePreBeginControlledAbortOnlyOnce
2026-10-05T15:45:28.3261195Z  34/300 Test  #201: meta.MetaCoordinatorServerTest.FailSafeGateAllowsEffectivePreBeginControlledAbortOnlyOnce ...............................................................   Passed    0.30 sec
2026-10-05T15:45:28.3263094Z         Start  208: meta.MetaCoordinatorServerTest.HooksKeepOneOwnedCutAcrossAnInterveningCommit
2026-10-05T15:45:28.5532782Z  35/300 Test  #208: meta.MetaCoordinatorServerTest.HooksKeepOneOwnedCutAcrossAnInterveningCommit ............................................................................   Passed    0.23 sec
2026-10-05T15:45:28.5534240Z         Start  210: meta.MetaCoordinatorServerTest.UncertainOutcomeDemotionIsReconcilable
2026-10-05T15:45:28.8516690Z  36/300 Test  #210: meta.MetaCoordinatorServerTest.UncertainOutcomeDemotionIsReconcilable ...................................................................................   Passed    0.30 sec
2026-10-05T15:45:28.8518598Z         Start  214: meta.MetaCandidatePlanTest.SelectsUniqueGreatestAndNeverChoosesDominated
2026-10-05T15:45:28.8588098Z  37/300 Test  #214: meta.MetaCandidatePlanTest.SelectsUniqueGreatestAndNeverChoosesDominated ................................................................................   Passed    0.01 sec
2026-10-05T15:45:28.8589580Z         Start  226: meta.MetaControlProjector.MissingAuthorityLeasePolicyFailsClosed
2026-10-05T15:45:28.8684337Z  38/300 Test  #226: meta.MetaControlProjector.MissingAuthorityLeasePolicyFailsClosed ........................................................................................   Passed    0.01 sec
2026-10-05T15:45:28.8685970Z         Start  236: meta.MetaControlProjector.RoutesSourceActionsToSourceWithoutRebindingTheRebuildTarget
2026-10-05T15:45:28.8862653Z  39/300 Test  #236: meta.MetaControlProjector.RoutesSourceActionsToSourceWithoutRebindingTheRebuildTarget ...................................................................   Passed    0.02 sec
2026-10-05T15:45:28.8864343Z         Start  237: meta.MetaControlProjector.ClusterCreateRebuildWaitsForCommittedSourceAuthorization
2026-10-05T15:45:28.9251468Z  40/300 Test  #237: meta.MetaControlProjector.ClusterCreateRebuildWaitsForCommittedSourceAuthorization ......................................................................   Passed    0.04 sec
2026-10-05T15:45:28.9252699Z         Start  241: meta.MetaDirectiveResultQueueTest.BoundsRetainedCapacityAndReturnsBudget
2026-10-05T15:45:28.9323176Z  41/300 Test  #241: meta.MetaDirectiveResultQueueTest.BoundsRetainedCapacityAndReturnsBudget ................................................................................   Passed    0.01 sec
2026-10-05T15:45:28.9324508Z         Start  244: meta.MetaDataControlRuntimeStatusTest.EligibilityRecoversWithinTheSameLeadershipGeneration
2026-10-05T15:45:28.9391475Z  42/300 Test  #244: meta.MetaDataControlRuntimeStatusTest.EligibilityRecoversWithinTheSameLeadershipGeneration ..............................................................   Passed    0.01 sec
2026-10-05T15:45:28.9392874Z         Start  249: meta.MetaTransferBoundaryTest.EquivalentCommitIsProjectedOnceUntilTheHighWaterAdvances
2026-10-05T15:45:28.9460948Z  43/300 Test  #249: meta.MetaTransferBoundaryTest.EquivalentCommitIsProjectedOnceUntilTheHighWaterAdvances ..................................................................   Passed    0.01 sec
2026-10-05T15:45:28.9462613Z         Start  259: meta.MetaDataControlLeaseTest.MetaLeaderSuspendAccumulatesAndExtendsAnActiveQuarantine
2026-10-05T15:45:28.9531236Z  44/300 Test  #259: meta.MetaDataControlLeaseTest.MetaLeaderSuspendAccumulatesAndExtendsAnActiveQuarantine ..................................................................   Passed    0.01 sec
2026-10-05T15:45:28.9532442Z         Start  261: meta.MetaDataControlLeaseTest.StaleProjectionIsOutOfDate
2026-10-05T15:45:28.9599906Z  45/300 Test  #261: meta.MetaDataControlLeaseTest.StaleProjectionIsOutOfDate ................................................................................................   Passed    0.01 sec
2026-10-05T15:45:28.9601496Z         Start  267: meta.MetaDataControlHandshakeLimitTest.LeaderReleasesPermitOnlyAfterClaimingOneNodeSlot
2026-10-05T15:45:28.9671354Z  46/300 Test  #267: meta.MetaDataControlHandshakeLimitTest.LeaderReleasesPermitOnlyAfterClaimingOneNodeSlot .................................................................   Passed    0.01 sec
2026-10-05T15:45:28.9672794Z         Start  271: meta.MetaDataControlOptionsTest.EstablishedReadTimeoutCoversLongResolvedLeaseCadenceWithoutWrapping
2026-10-05T15:45:28.9742480Z  47/300 Test  #271: meta.MetaDataControlOptionsTest.EstablishedReadTimeoutCoversLongResolvedLeaseCadenceWithoutWrapping .....................................................   Passed    0.01 sec
2026-10-05T15:45:28.9744064Z         Start  274: meta.MetaDataControlDirectoryTest.MalformedEndpointIsRejectedBeforeCommitAndPriorStateStillProjects
2026-10-05T15:45:28.9839971Z  48/300 Test  #274: meta.MetaDataControlDirectoryTest.MalformedEndpointIsRejectedBeforeCommitAndPriorStateStillProjects .....................................................   Passed    0.01 sec
2026-10-05T15:45:28.9843700Z         Start  283: meta.MetaHeartbeatObservationTest.ReporterHistoryIsIndependentAndRoleReplacementClearsCandidate
2026-10-05T15:45:28.9914963Z  49/300 Test  #283: meta.MetaHeartbeatObservationTest.ReporterHistoryIsIndependentAndRoleReplacementClearsCandidate .........................................................   Passed    0.01 sec
2026-10-05T15:45:28.9916427Z         Start  286: meta.MetaHeartbeatObservationTest.BridgesActionObservationWithoutRequiringCandidateRolePayload
2026-10-05T15:45:28.9988763Z  50/300 Test  #286: meta.MetaHeartbeatObservationTest.BridgesActionObservationWithoutRequiringCandidateRolePayload ..........................................................   Passed    0.01 sec
2026-10-05T15:45:28.9990551Z         Start  293: meta.MetaFailoverTransitionApply.ActiveTransitionRejectsNewControlledRequestButPreservesSubmitReplay
2026-10-05T15:45:29.0082959Z  51/300 Test  #293: meta.MetaFailoverTransitionApply.ActiveTransitionRejectsNewControlledRequestButPreservesSubmitReplay ....................................................   Passed    0.01 sec
2026-10-05T15:45:29.0084690Z         Start  295: meta.MetaFailoverTransitionApply.AutomaticBeginRejectsOperationOnlyReplayHalfWithoutRepair
2026-10-05T15:45:29.0180417Z  52/300 Test  #295: meta.MetaFailoverTransitionApply.AutomaticBeginRejectsOperationOnlyReplayHalfWithoutRepair ..............................................................   Passed    0.01 sec
2026-10-05T15:45:29.0181952Z         Start  296: meta.MetaFailoverTransitionApply.ManualBeginCannotPreemptControlledRequest
2026-10-05T15:45:29.0279866Z  53/300 Test  #296: meta.MetaFailoverTransitionApply.ManualBeginCannotPreemptControlledRequest ..............................................................................   Passed    0.01 sec
2026-10-05T15:45:29.0281446Z         Start  302: meta.MetaFailoverTransitionApply.BeginUncontrolledRejectsTransitionWithoutFencing
2026-10-05T15:45:29.0377054Z  54/300 Test  #302: meta.MetaFailoverTransitionApply.BeginUncontrolledRejectsTransitionWithoutFencing .......................................................................   Passed    0.01 sec
2026-10-05T15:45:29.0378596Z         Start  310: meta.MetaFailoverTransitionW2.UncontrolledCandidateClearRequiresAnInstalledCandidate
2026-10-05T15:45:29.0476837Z  55/300 Test  #310: meta.MetaFailoverTransitionW2.UncontrolledCandidateClearRequiresAnInstalledCandidate ....................................................................   Passed    0.01 sec
2026-10-05T15:45:29.0478679Z         Start  314: meta.MetaFailoverTransitionW2.ControlledDegradeCanRetainOnlyTheExactLosslessAuthorizedAction
2026-10-05T15:45:29.0577975Z  56/300 Test  #314: meta.MetaFailoverTransitionW2.ControlledDegradeCanRetainOnlyTheExactLosslessAuthorizedAction ............................................................   Passed    0.01 sec
2026-10-05T15:45:29.0579535Z         Start  327: meta.MetaFailoverObservationStore.CommitAndLeadershipChangesInvalidateSoftFacts
2026-10-05T15:45:29.0651964Z  57/300 Test  #327: meta.MetaFailoverObservationStore.CommitAndLeadershipChangesInvalidateSoftFacts .........................................................................   Passed    0.01 sec
2026-10-05T15:45:29.0653323Z         Start  333: meta.MetaFailoverReconcilerPlannerTest.RecoveryStartsAfterExclusionAndPrepareWaitsForDrain
2026-10-05T15:45:29.0944858Z  58/300 Test  #333: meta.MetaFailoverReconcilerPlannerTest.RecoveryStartsAfterExclusionAndPrepareWaitsForDrain ..............................................................   Passed    0.03 sec
2026-10-05T15:45:29.0946527Z         Start  336: meta.MetaFailoverReconcilerPlannerTest.CandidateReconnectBeforeControlledActionDoesNotPoisonNewAction
2026-10-05T15:45:29.1135373Z  59/300 Test  #336: meta.MetaFailoverReconcilerPlannerTest.CandidateReconnectBeforeControlledActionDoesNotPoisonNewAction ...................................................   Passed    0.02 sec
2026-10-05T15:45:29.1136990Z         Start  339: meta.MetaFailoverReconcilerPlannerTest.ControlledCandidateNewBootAbortsWithoutWaitingForDisconnectGrace
2026-10-05T15:45:29.1322786Z  60/300 Test  #339: meta.MetaFailoverReconcilerPlannerTest.ControlledCandidateNewBootAbortsWithoutWaitingForDisconnectGrace .................................................   Passed    0.02 sec
2026-10-05T15:45:29.1324679Z         Start  351: meta.MetaFailoverReconcilerPlannerTest.ControlledSourceNewBootDegradesWithoutWaitingForDisconnectGrace
2026-10-05T15:45:29.1510001Z  61/300 Test  #351: meta.MetaFailoverReconcilerPlannerTest.ControlledSourceNewBootDegradesWithoutWaitingForDisconnectGrace ..................................................   Passed    0.02 sec
2026-10-05T15:45:29.1513479Z         Start  357: meta.MetaFailoverReconcilerPlannerTest.UncontrolledCandidateNewBootClearsActionWithoutWaitingForOldBoot
2026-10-05T15:45:29.1645202Z  62/300 Test  #357: meta.MetaFailoverReconcilerPlannerTest.UncontrolledCandidateNewBootClearsActionWithoutWaitingForOldBoot .................................................   Passed    0.01 sec
2026-10-05T15:45:29.1646822Z         Start  369: meta.MetaFailoverOperationIntentCodecTest.RejectsInvalidLocallyConstructedRequest
2026-10-05T15:45:29.1715789Z  63/300 Test  #369: meta.MetaFailoverOperationIntentCodecTest.RejectsInvalidLocallyConstructedRequest .......................................................................   Passed    0.01 sec
2026-10-05T15:45:29.1717379Z         Start  373: meta.MetaFailoverValidationTest.OperatorRecoveryRequiresNoOtherEligibleCandidate
2026-10-05T15:45:29.1840106Z  64/300 Test  #373: meta.MetaFailoverValidationTest.OperatorRecoveryRequiresNoOtherEligibleCandidate ........................................................................   Passed    0.01 sec
2026-10-05T15:45:29.1842297Z         Start  377: meta.MetaFailoverValidationTest.RejectsUncontrolledCandidateSetWhenSelectionIsWithdrawnAfterPlanning
2026-10-05T15:45:29.2018047Z  65/300 Test  #377: meta.MetaFailoverValidationTest.RejectsUncontrolledCandidateSetWhenSelectionIsWithdrawnAfterPlanning ....................................................   Passed    0.02 sec
2026-10-05T15:45:29.2019858Z         Start  385: meta.MetaFailoverValidationTest.RejectsControlledCommitWhenPreparedObservationIsWithdrawnAfterPlanning
2026-10-05T15:45:29.2316899Z  66/300 Test  #385: meta.MetaFailoverValidationTest.RejectsControlledCommitWhenPreparedObservationIsWithdrawnAfterPlanning ..................................................   Passed    0.03 sec
2026-10-05T15:45:29.2318714Z         Start  390: meta.MetaAuditStore.ReplaySameIndexSameContentIsNoOp
2026-10-05T15:45:29.2389648Z  67/300 Test  #390: meta.MetaAuditStore.ReplaySameIndexSameContentIsNoOp ....................................................................................................   Passed    0.01 sec
2026-10-05T15:45:29.2391093Z         Start  402: meta.MetaAuditStore.CopiesRetainIndependentWindowsAcrossRotationAndPruning
2026-10-05T15:45:29.2515079Z  68/300 Test  #402: meta.MetaAuditStore.CopiesRetainIndependentWindowsAcrossRotationAndPruning ..............................................................................   Passed    0.01 sec
2026-10-05T15:45:29.2516280Z         Start  406: meta.MetaAuditStore.MoveAndCopyAssignmentPreserveWindowAndMetadata
2026-10-05T15:45:29.2596116Z  69/300 Test  #406: meta.MetaAuditStore.MoveAndCopyAssignmentPreserveWindowAndMetadata ......................................................................................   Passed    0.01 sec
2026-10-05T15:45:29.2597634Z         Start  413: meta.MetaOperationStore.TerminalReceiptRejectsConflictAndPruneMeansNoLongerTracked
2026-10-05T15:45:29.2671894Z  70/300 Test  #413: meta.MetaOperationStore.TerminalReceiptRejectsConflictAndPruneMeansNoLongerTracked ......................................................................   Passed    0.01 sec
2026-10-05T15:45:29.2674042Z         Start  417: meta.MetaOperationStore.CompleteIsTerminalAndReplayIdempotent
2026-10-05T15:45:29.2745666Z  71/300 Test  #417: meta.MetaOperationStore.CompleteIsTerminalAndReplayIdempotent ...........................................................................................   Passed    0.01 sec
2026-10-05T15:45:29.2746907Z         Start  424: meta.MetaOperationStore.LiveRecordBoundFailsSafe
2026-10-05T15:45:29.2819783Z  72/300 Test  #424: meta.MetaOperationStore.LiveRecordBoundFailsSafe ........................................................................................................   Passed    0.01 sec
2026-10-05T15:45:29.2822643Z         Start  432: meta.MetaTopologyAuthority.ActivationActionIdentityIsInstalledPreservedAndCleared
2026-10-05T15:45:29.2914589Z  73/300 Test  #432: meta.MetaTopologyAuthority.ActivationActionIdentityIsInstalledPreservedAndCleared .......................................................................   Passed    0.01 sec
2026-10-05T15:45:29.2915675Z         Start  442: meta.MetaModelEncoding.OptionalRoundTrip
2026-10-05T15:45:29.2987154Z  74/300 Test  #442: meta.MetaModelEncoding.OptionalRoundTrip ................................................................................................................   Passed    0.01 sec
2026-10-05T15:45:29.2988126Z         Start  444: meta.MetaModelEncoding.TruncatedStringBodyFails
2026-10-05T15:45:29.3060318Z  75/300 Test  #444: meta.MetaModelEncoding.TruncatedStringBodyFails .........................................................................................................   Passed    0.01 sec
2026-10-05T15:45:29.3061400Z         Start  453: meta.MetaModelEncoding.FailureClassesAreDistinguishable
2026-10-05T15:45:29.3131740Z  76/300 Test  #453: meta.MetaModelEncoding.FailureClassesAreDistinguishable .................................................................................................   Passed    0.01 sec
2026-10-05T15:45:29.3132776Z         Start  471: meta.MetaModelCommands.FenceGroupRoundTrip
2026-10-05T15:45:29.3201158Z  77/300 Test  #471: meta.MetaModelCommands.FenceGroupRoundTrip ..............................................................................................................   Passed    0.01 sec
2026-10-05T15:45:29.3202184Z         Start  473: meta.MetaModelCommands.TypedFailoverCommandsRoundTrip
2026-10-05T15:45:29.3279604Z  78/300 Test  #473: meta.MetaModelCommands.TypedFailoverCommandsRoundTrip ...................................................................................................   Passed    0.01 sec
2026-10-05T15:45:29.3281286Z         Start  480: meta.MetaModelCommands.ArchiveOperationsRoundTrip
2026-10-05T15:45:29.3354331Z  79/300 Test  #480: meta.MetaModelCommands.ArchiveOperationsRoundTrip .......................................................................................................   Passed    0.01 sec
2026-10-05T15:45:29.3355514Z         Start  483: meta.MetaModelCommands.SetAuditPolicyRoundTrips
2026-10-05T15:45:29.3428233Z  80/300 Test  #483: meta.MetaModelCommands.SetAuditPolicyRoundTrips .........................................................................................................   Passed    0.01 sec
2026-10-05T15:45:29.3429781Z         Start  486: meta.MetaModelCommands.EncodeRejectsOverCapListsAndFields
2026-10-05T15:45:29.3500907Z  81/300 Test  #486: meta.MetaModelCommands.EncodeRejectsOverCapListsAndFields ...............................................................................................   Passed    0.01 sec
2026-10-05T15:45:29.3501910Z         Start  490: meta.MetaModelCommands.DecodeRejectsCorruptEnumAndBool
2026-10-05T15:45:29.3576833Z  82/300 Test  #490: meta.MetaModelCommands.DecodeRejectsCorruptEnumAndBool ..................................................................................................   Passed    0.01 sec
2026-10-05T15:45:29.3577950Z         Start  500: meta.MetaStateApply.MetaStoresDeserializeRejectsCorruption
2026-10-05T15:45:29.3656896Z  83/300 Test  #500: meta.MetaStateApply.MetaStoresDeserializeRejectsCorruption ..............................................................................................   Passed    0.01 sec
2026-10-05T15:45:29.3657958Z         Start  502: meta.MetaStateApply.OverCapActorContextRejectedBeforeDispatch
2026-10-05T15:45:29.3736761Z  84/300 Test  #502: meta.MetaStateApply.OverCapActorContextRejectedBeforeDispatch ...........................................................................................   Passed    0.01 sec
2026-10-05T15:45:29.3737910Z         Start  504: meta.MetaStateApply.AssignNodeToOtherGroupRejectedByOneNodeOneGroup
2026-10-05T15:45:29.3820444Z  85/300 Test  #504: meta.MetaStateApply.AssignNodeToOtherGroupRejectedByOneNodeOneGroup .....................................................................................   Passed    0.01 sec
2026-10-05T15:45:29.3821577Z         Start  506: meta.MetaStateApply.RemoveNodeFromGroupOfGrantOwnerRejected
2026-10-05T15:45:29.3900441Z  86/300 Test  #506: meta.MetaStateApply.RemoveNodeFromGroupOfGrantOwnerRejected .............................................................................................   Passed    0.01 sec
2026-10-05T15:45:29.3901507Z         Start  510: meta.MetaStateApply.SetSlotMapThroughDispatcher
2026-10-05T15:45:29.4191467Z  87/300 Test  #510: meta.MetaStateApply.SetSlotMapThroughDispatcher .........................................................................................................   Passed    0.03 sec
2026-10-05T15:45:29.4193072Z         Start  515: meta.MetaStateApply.ActivateAuthorityAcceptedWritesBothHalvesAtomically
2026-10-05T15:45:29.4274693Z  88/300 Test  #515: meta.MetaStateApply.ActivateAuthorityAcceptedWritesBothHalvesAtomically .................................................................................   Passed    0.01 sec
2026-10-05T15:45:29.4276153Z         Start  518: meta.MetaStateApply.ClusterCreateRootAtomicallyOwnsLifecycle
2026-10-05T15:45:29.4370523Z  89/300 Test  #518: meta.MetaStateApply.ClusterCreateRootAtomicallyOwnsLifecycle ............................................................................................   Passed    0.01 sec
2026-10-05T15:45:29.4372002Z         Start  534: meta.MetaStateApply.DirectiveResultCommitUsesFirstRaftIndexOnReplay
2026-10-05T15:45:29.4453964Z  90/300 Test  #534: meta.MetaStateApply.DirectiveResultCommitUsesFirstRaftIndexOnReplay .....................................................................................   Passed    0.01 sec
2026-10-05T15:45:29.4455125Z         Start  546: meta.MetaStateApply.CommandMatrixConsecutiveReplayLocksVerdictStateAudit
2026-10-05T15:45:29.4885888Z  91/300 Test  #546: meta.MetaStateApply.CommandMatrixConsecutiveReplayLocksVerdictStateAudit ................................................................................   Passed    0.04 sec
2026-10-05T15:45:29.4887214Z         Start  552: meta.MetaObservationStore.PossibleOwnerLeaseSurvivesSameAuthorityProjectionReplacement
2026-10-05T15:45:29.4961228Z  92/300 Test  #552: meta.MetaObservationStore.PossibleOwnerLeaseSurvivesSameAuthorityProjectionReplacement ..................................................................   Passed    0.01 sec
2026-10-05T15:45:29.4962611Z         Start  556: meta.MetaObservationStore.OwnerCausalProgressIsScopedToSessionAndLeadership
2026-10-05T15:45:29.5034655Z  93/300 Test  #556: meta.MetaObservationStore.OwnerCausalProgressIsScopedToSessionAndLeadership .............................................................................   Passed    0.01 sec
2026-10-05T15:45:29.5035953Z         Start  558: meta.MetaObservationStore.InvalidReplacementHistoryDoesNotPurgeTheCurrentSession
2026-10-05T15:45:29.5106387Z  94/300 Test  #558: meta.MetaObservationStore.InvalidReplacementHistoryDoesNotPurgeTheCurrentSession ........................................................................   Passed    0.01 sec
2026-10-05T15:45:29.5109546Z         Start  570: meta.MetaObservationStore.FencedHistoricalOwnerRequiresExactBootLocalSelfOrigin
2026-10-05T15:45:29.5180682Z  95/300 Test  #570: meta.MetaObservationStore.FencedHistoricalOwnerRequiresExactBootLocalSelfOrigin .........................................................................   Passed    0.01 sec
2026-10-05T15:45:29.5182302Z         Start  571: meta.MetaObservationStore.TypedCandidateSourceTermMustBePresentAndNotFromTheFuture
2026-10-05T15:45:29.5255140Z  96/300 Test  #571: meta.MetaObservationStore.TypedCandidateSourceTermMustBePresentAndNotFromTheFuture ......................................................................   Passed    0.01 sec
2026-10-05T15:45:29.5256539Z         Start  574: meta.MetaObservationStore.CandidateLatestWinsPerNodeAndGroup
2026-10-05T15:45:29.5329889Z  97/300 Test  #574: meta.MetaObservationStore.CandidateLatestWinsPerNodeAndGroup ............................................................................................   Passed    0.01 sec
2026-10-05T15:45:29.5331478Z         Start  575: meta.MetaObservationStore.CandidateSetIsBoundedPerGroup
2026-10-05T15:45:29.5404708Z  98/300 Test  #575: meta.MetaObservationStore.CandidateSetIsBoundedPerGroup .................................................................................................   Passed    0.01 sec
2026-10-05T15:45:29.5406116Z         Start  592: meta.MetaObservationFactsFixture.ProposalFactsPreserveCrossGroupEvidenceAndLifetime
2026-10-05T15:45:29.5597837Z  99/300 Test  #592: meta.MetaObservationFactsFixture.ProposalFactsPreserveCrossGroupEvidenceAndLifetime .....................................................................   Passed    0.02 sec
2026-10-05T15:45:29.5599280Z         Start  598: meta.MetaProposalViewTest.FailoverRetainsGlobalFactsAndOnlyCurrentPolicies
2026-10-05T15:45:29.5678014Z 100/300 Test  #598: meta.MetaProposalViewTest.FailoverRetainsGlobalFactsAndOnlyCurrentPolicies ..............................................................................   Passed    0.01 sec
2026-10-05T15:45:29.5679284Z         Start  601: meta.MetaOwnerServiceabilityTest.MissingSessionIsUnserviceable
2026-10-05T15:45:29.5751388Z 101/300 Test  #601: meta.MetaOwnerServiceabilityTest.MissingSessionIsUnserviceable ..........................................................................................   Passed    0.01 sec
2026-10-05T15:45:29.5752644Z         Start  604: meta.MetaOwnerServiceabilityTest.DefiniteCausalExpiryOverridesAStaleHeartbeatAnchor
2026-10-05T15:45:29.5824240Z 102/300 Test  #604: meta.MetaOwnerServiceabilityTest.DefiniteCausalExpiryOverridesAStaleHeartbeatAnchor .....................................................................   Passed    0.01 sec
2026-10-05T15:45:29.5825669Z         Start  611: meta.MetaSentinelDiscoveryTest.TlsPublicationDoesNotFallBackOrChangeAuthority
2026-10-05T15:45:29.5898585Z 103/300 Test  #611: meta.MetaSentinelDiscoveryTest.TlsPublicationDoesNotFallBackOrChangeAuthority ...........................................................................   Passed    0.01 sec
2026-10-05T15:45:29.5904812Z         Start  623: meta.MetaSentinelDiscoveryTest.MasterFlagsFollowDetectorVerdict
2026-10-05T15:45:29.5973749Z 104/300 Test  #623: meta.MetaSentinelDiscoveryTest.MasterFlagsFollowDetectorVerdict .........................................................................................   Passed    0.01 sec
2026-10-05T15:45:29.5975159Z         Start  624: meta.MetaSentinelDiscoveryTest.DiagnosticsRequireSnapshotIdentityAndAnchor
2026-10-05T15:45:29.6048175Z 105/300 Test  #624: meta.MetaSentinelDiscoveryTest.DiagnosticsRequireSnapshotIdentityAndAnchor ..............................................................................   Passed    0.01 sec
2026-10-05T15:45:29.6049857Z         Start  627: meta.MetaSentinelDiscoveryTest.ReplicaAnchorRequiresCurrentReplicationIdentity
2026-10-05T15:45:29.6124034Z 106/300 Test  #627: meta.MetaSentinelDiscoveryTest.ReplicaAnchorRequiresCurrentReplicationIdentity ..........................................................................   Passed    0.01 sec
2026-10-05T15:45:29.6125533Z         Start  639: meta.MetaClusterCreateStatus.DistinguishesUnobservedFromMissingSession
2026-10-05T15:45:29.6196307Z 107/300 Test  #639: meta.MetaClusterCreateStatus.DistinguishesUnobservedFromMissingSession ..................................................................................   Passed    0.01 sec
2026-10-05T15:45:29.6198118Z         Start  640: meta.MetaIdentitySecurity.ParsesCanonicalRoles
2026-10-05T15:45:29.6268963Z 108/300 Test  #640: meta.MetaIdentitySecurity.ParsesCanonicalRoles ..........................................................................................................   Passed    0.01 sec
2026-10-05T15:45:29.6272826Z         Start  655: meta.MetaIdentitySecurity.SoleMemberCtlEndpointCanOnlyBeCompletedOnce
2026-10-05T15:45:29.6343056Z 109/300 Test  #655: meta.MetaIdentitySecurity.SoleMemberCtlEndpointCanOnlyBeCompletedOnce ...................................................................................   Passed    0.01 sec
2026-10-05T15:45:29.6344765Z         Start  674: meta.MetaStateMachineTest.ReplayAfterSnapshotDoesNotGrowAudit
2026-10-05T15:45:29.6524667Z 110/300 Test  #674: meta.MetaStateMachineTest.ReplayAfterSnapshotDoesNotGrowAudit ...........................................................................................   Passed    0.02 sec
2026-10-05T15:45:29.6525859Z         Start  677: meta.MetaStateMachineTest.CapturedImageRemainsOwnedWhileLiveStateAdvances
2026-10-05T15:45:29.6645649Z 111/300 Test  #677: meta.MetaStateMachineTest.CapturedImageRemainsOwnedWhileLiveStateAdvances ...............................................................................   Passed    0.01 sec
2026-10-05T15:45:29.6646794Z         Start  678: meta.MetaStateMachineTest.SubmitOperationSeqEqualsLogIndex
2026-10-05T15:45:29.6750800Z 112/300 Test  #678: meta.MetaStateMachineTest.SubmitOperationSeqEqualsLogIndex ..............................................................................................   Passed    0.01 sec
2026-10-05T15:45:29.6756649Z         Start  681: meta.MetaServerIntegrationTest.AutomaticSnapshotAndTailReplay
2026-10-05T15:45:30.1919816Z 113/300 Test  #681: meta.MetaServerIntegrationTest.AutomaticSnapshotAndTailReplay ...........................................................................................   Passed    0.52 sec
2026-10-05T15:45:30.1921125Z         Start  687: meta.MetaIdentityStore.RegisterNodeRejectsInvalidFields
2026-10-05T15:45:30.1993181Z 114/300 Test  #687: meta.MetaIdentityStore.RegisterNodeRejectsInvalidFields .................................................................................................   Passed    0.01 sec
2026-10-05T15:45:30.1994394Z         Start  691: meta.MetaIdentityStore.UpdateNodeUnknownNodeRejected
2026-10-05T15:45:30.2068687Z 115/300 Test  #691: meta.MetaIdentityStore.UpdateNodeUnknownNodeRejected ....................................................................................................   Passed    0.01 sec
2026-10-05T15:45:30.2069856Z         Start  700: meta.MetaIdentityStore.SerializationIsDeterministic
2026-10-05T15:45:30.2145246Z 116/300 Test  #700: meta.MetaIdentityStore.SerializationIsDeterministic .....................................................................................................   Passed    0.01 sec
2026-10-05T15:45:30.2146502Z         Start  702: meta.MetaIdentityStore.DeserializeRejectsInvariantViolations
2026-10-05T15:45:30.2217272Z 117/300 Test  #702: meta.MetaIdentityStore.DeserializeRejectsInvariantViolations ............................................................................................   Passed    0.01 sec
2026-10-05T15:45:30.2218952Z         Start  705: meta.MetaTopologyStore.AuthorityAndOwnerShareTheGroupLifetime
2026-10-05T15:45:30.2313471Z 118/300 Test  #705: meta.MetaTopologyStore.AuthorityAndOwnerShareTheGroupLifetime ...........................................................................................   Passed    0.01 sec
2026-10-05T15:45:30.2314715Z         Start  711: meta.MetaTopologyStore.CreateGroupEnforcesGroupCap
2026-10-05T15:45:30.2403496Z 119/300 Test  #711: meta.MetaTopologyStore.CreateGroupEnforcesGroupCap ......................................................................................................   Passed    0.01 sec
2026-10-05T15:45:30.2404719Z         Start  716: meta.MetaTopologyStore.RemoveAndReaddRequiresANewAssignmentIdentity
2026-10-05T15:45:30.2479964Z 120/300 Test  #716: meta.MetaTopologyStore.RemoveAndReaddRequiresANewAssignmentIdentity .....................................................................................   Passed    0.01 sec
2026-10-05T15:45:30.2481083Z         Start  721: meta.MetaTopologyStore.AssignNodeEnforcesMemberCap
2026-10-05T15:45:30.2926851Z 121/300 Test  #721: meta.MetaTopologyStore.AssignNodeEnforcesMemberCap ......................................................................................................   Passed    0.04 sec
2026-10-05T15:45:30.2927889Z         Start  728: meta.MetaTopologyStore.SetSlotMapRejectsOverlap
2026-10-05T15:45:30.3007892Z 122/300 Test  #728: meta.MetaTopologyStore.SetSlotMapRejectsOverlap .........................................................................................................   Passed    0.01 sec
2026-10-05T15:45:30.3009581Z         Start  740: meta.MetaTopologyStore.SerializationIsDeterministic
2026-10-05T15:45:30.3095172Z 123/300 Test  #740: meta.MetaTopologyStore.SerializationIsDeterministic .....................................................................................................   Passed    0.01 sec
2026-10-05T15:45:30.3096308Z         Start  743: meta.MetaTopologyStore.DeserializeRejectsInvalidFailoverTransition
2026-10-05T15:45:30.3174833Z 124/300 Test  #743: meta.MetaTopologyStore.DeserializeRejectsInvalidFailoverTransition ......................................................................................   Passed    0.01 sec
2026-10-05T15:45:30.3176029Z         Start  747: meta.MetaPolicyStore.StoresTypedPoliciesAndReturnsOriginalRawBytes
2026-10-05T15:45:30.3249849Z 125/300 Test  #747: meta.MetaPolicyStore.StoresTypedPoliciesAndReturnsOriginalRawBytes ......................................................................................   Passed    0.01 sec
2026-10-05T15:45:30.3251084Z         Start  749: meta.MetaPolicyStore.AutomaticFailoverSchemaIsStrict
2026-10-05T15:45:30.3323034Z 126/300 Test  #749: meta.MetaPolicyStore.AutomaticFailoverSchemaIsStrict ....................................................................................................   Passed    0.01 sec
2026-10-05T15:45:30.3324319Z         Start  753: meta.MetaPolicyStore.PutPolicyRequiresFirstAndConsecutiveVersions
2026-10-05T15:45:30.3399192Z 127/300 Test  #753: meta.MetaPolicyStore.PutPolicyRequiresFirstAndConsecutiveVersions .......................................................................................   Passed    0.01 sec
2026-10-05T15:45:30.3401127Z         Start  762: meta.AllActivePhases/ClusterCreateSiblingFailureTest.RetiresAllStartedWorkBeforeRootAbort/0
2026-10-05T15:45:31.4552010Z 128/300 Test  #762: meta.AllActivePhases/ClusterCreateSiblingFailureTest.RetiresAllStartedWorkBeforeRootAbort/0 .............................................................   Passed    1.11 sec
2026-10-05T15:45:31.4553507Z         Start  769: meta.FullObservationAndCursor/MetaSubscriptionCaptureTest.AdvanceBetweenCaptureAndRegistration/Full  # GetParam() = 0
2026-10-05T15:45:31.4762710Z 129/300 Test  #769: meta.FullObservationAndCursor/MetaSubscriptionCaptureTest.AdvanceBetweenCaptureAndRegistration/Full  # GetParam() = 0 ...................................   Passed    0.02 sec
2026-10-05T15:45:31.4764291Z         Start  772: meta.FullObservationAndCursor/MetaSubscriptionCaptureTest.InstallBetweenCaptureAndRegistration/Full  # GetParam() = 0
2026-10-05T15:45:31.5010925Z 130/300 Test  #772: meta.FullObservationAndCursor/MetaSubscriptionCaptureTest.InstallBetweenCaptureAndRegistration/Full  # GetParam() = 0 ...................................   Passed    0.02 sec
2026-10-05T15:45:31.5012377Z         Start  781: cluster_integration.ProcessSupportTest.CreatesTemporaryDirectoriesUnderTestDataRoot
2026-10-05T15:45:31.5033257Z 131/300 Test  #781: cluster_integration.ProcessSupportTest.CreatesTemporaryDirectoriesUnderTestDataRoot .....................................................................   Passed    0.00 sec
2026-10-05T15:45:31.5034447Z         Start  782: cluster_integration.ProcessSupportTest.HoldsPortUntilExplicitRelease
2026-10-05T15:45:31.5053017Z 132/300 Test  #782: cluster_integration.ProcessSupportTest.HoldsPortUntilExplicitRelease ....................................................................................   Passed    0.00 sec
2026-10-05T15:45:31.5054143Z         Start  786: LocalSharedPtrDeathTest.RejectsForeignReleaseBeforeDecrementing
2026-10-05T15:45:31.5989351Z 133/300 Test  #786: LocalSharedPtrDeathTest.RejectsForeignReleaseBeforeDecrementing .........................................................................................   Passed    0.09 sec
2026-10-05T15:45:31.5992355Z         Start  810: ClusterAuthorityTest.PrimaryServesKeyedReadAndWriteWhenReady
2026-10-05T15:45:31.6092595Z 134/300 Test  #810: ClusterAuthorityTest.PrimaryServesKeyedReadAndWriteWhenReady ............................................................................................   Passed    0.01 sec
2026-10-05T15:45:31.6094364Z         Start  811: ClusterAuthorityTest.ControlledPauseKeepsReadsButReturnsTryAgainForWrites
2026-10-05T15:45:31.6181834Z 135/300 Test  #811: ClusterAuthorityTest.ControlledPauseKeepsReadsButReturnsTryAgainForWrites ...............................................................................   Passed    0.01 sec
2026-10-05T15:45:31.6183289Z         Start  813: ClusterAuthorityTest.UnreadyOwningGroupLoadsKeyedRequests
2026-10-05T15:45:31.6299067Z 136/300 Test  #813: ClusterAuthorityTest.UnreadyOwningGroupLoadsKeyedRequests ...............................................................................................   Passed    0.01 sec
2026-10-05T15:45:31.6300457Z         Start  815: ClusterAuthorityTest.NoKeyCommandsServeWhenReady
2026-10-05T15:45:31.6392255Z 137/300 Test  #815: ClusterAuthorityTest.NoKeyCommandsServeWhenReady ........................................................................................................   Passed    0.01 sec
2026-10-05T15:45:31.6393697Z         Start  816: ClusterAuthorityTest.UnboundFirstSlotYieldsClusterDown
2026-10-05T15:45:31.6481926Z 138/300 Test  #816: ClusterAuthorityTest.UnboundFirstSlotYieldsClusterDown ..................................................................................................   Passed    0.01 sec
2026-10-05T15:45:31.6483472Z         Start  823: ClusterAuthorityTest.FencedPrimaryReportsClusterDown
2026-10-05T15:45:31.6574898Z 139/300 Test  #823: ClusterAuthorityTest.FencedPrimaryReportsClusterDown ....................................................................................................   Passed    0.01 sec
2026-10-05T15:45:31.6576382Z         Start  826: ClusterAuthorityTest.ReplicaWriteMovesRegardlessOfReadonly
2026-10-05T15:45:31.6667519Z 140/300 Test  #826: ClusterAuthorityTest.ReplicaWriteMovesRegardlessOfReadonly ..............................................................................................   Passed    0.01 sec
2026-10-05T15:45:31.6669634Z         Start  829: ClusterAuthorityTest.AuthorityUnchangedAcrossEqualStates
2026-10-05T15:45:31.6783700Z 141/300 Test  #829: ClusterAuthorityTest.AuthorityUnchangedAcrossEqualStates ................................................................................................   Passed    0.01 sec
2026-10-05T15:45:31.6785063Z         Start  832: ClusterAuthorityTest.AuthorityUnchangedDetectsInvolvedGroupChanges
2026-10-05T15:45:31.6965377Z 142/300 Test  #832: ClusterAuthorityTest.AuthorityUnchangedDetectsInvolvedGroupChanges ......................................................................................   Passed    0.02 sec
2026-10-05T15:45:31.6967279Z         Start  837: GroupInFlightTest.AllocatesOneStripePerConfiguredWorker
2026-10-05T15:45:31.7057094Z 143/300 Test  #837: GroupInFlightTest.AllocatesOneStripePerConfiguredWorker .................................................................................................   Passed    0.01 sec
2026-10-05T15:45:31.7058852Z         Start  846: ClusterCommandTest.SubcommandErrorsMatchRedis
2026-10-05T15:45:31.7126471Z 144/300 Test  #846: ClusterCommandTest.SubcommandErrorsMatchRedis ...........................................................................................................   Passed    0.01 sec
2026-10-05T15:45:31.7127616Z         Start  848: ClusterCommandTest.MyIdIsEmptyWithoutSelf
2026-10-05T15:45:31.7195941Z 145/300 Test  #848: ClusterCommandTest.MyIdIsEmptyWithoutSelf ...............................................................................................................   Passed    0.01 sec
2026-10-05T15:45:31.7196969Z         Start  849: ClusterCommandTest.InfoReportsPinnedFieldSet
2026-10-05T15:45:31.7285330Z 146/300 Test  #849: ClusterCommandTest.InfoReportsPinnedFieldSet ............................................................................................................   Passed    0.01 sec
2026-10-05T15:45:31.7286338Z         Start  852: ClusterCommandTest.SlotsGroupsRangesByOwningGroup
2026-10-05T15:45:31.7354503Z 147/300 Test  #852: ClusterCommandTest.SlotsGroupsRangesByOwningGroup .......................................................................................................   Passed    0.01 sec
2026-10-05T15:45:31.7355684Z         Start  857: ClusterCommandTest.NodesUsesTlsPortsForTlsConnections
2026-10-05T15:45:31.7425832Z 148/300 Test  #857: ClusterCommandTest.NodesUsesTlsPortsForTlsConnections ...................................................................................................   Passed    0.01 sec
2026-10-05T15:45:31.7427418Z         Start  860: ClusterCommandTest.NodesIsEmptyWithoutState
2026-10-05T15:45:31.7493718Z 149/300 Test  #860: ClusterCommandTest.NodesIsEmptyWithoutState .............................................................................................................   Passed    0.01 sec
2026-10-05T15:45:31.7495445Z         Start  862: ClusterRequestAuthorityTest.BlockingAttemptRegistersOnlyItsConcreteMutationWindow
2026-10-05T15:45:31.7561668Z 150/300 Test  #862: ClusterRequestAuthorityTest.BlockingAttemptRegistersOnlyItsConcreteMutationWindow .......................................................................   Passed    0.01 sec
2026-10-05T15:45:31.7563402Z         Start  867: ServingStateBuilderTest.RejectsZeroInFlightStripes
2026-10-05T15:45:31.7626565Z 151/300 Test  #867: ServingStateBuilderTest.RejectsZeroInFlightStripes ......................................................................................................   Passed    0.01 sec
2026-10-05T15:45:31.7628467Z         Start  872: ServingStateBuilderTest.RejectsOutOfRangeSelfAndReplicaPrimaryIndices
2026-10-05T15:45:31.7690029Z 152/300 Test  #872: ServingStateBuilderTest.RejectsOutOfRangeSelfAndReplicaPrimaryIndices ...................................................................................   Passed    0.01 sec
2026-10-05T15:45:31.7691369Z         Start  879: ServingStateBuilderTest.AddSlotRangeToUnknownGroupIsDropped
2026-10-05T15:45:31.7759268Z 153/300 Test  #879: ServingStateBuilderTest.AddSlotRangeToUnknownGroupIsDropped .............................................................................................   Passed    0.01 sec
2026-10-05T15:45:31.7760465Z         Start  882: ServingStateTest.CoverageCompleteWhenAllSlotsBound
2026-10-05T15:45:31.7847454Z 154/300 Test  #882: ServingStateTest.CoverageCompleteWhenAllSlotsBound ......................................................................................................   Passed    0.01 sec
2026-10-05T15:45:31.7849401Z         Start  888: TopologyCacheTest.PublishSharesCellsOnlyForTokenUnchangedGroups
2026-10-05T15:45:31.7952539Z 155/300 Test  #888: TopologyCacheTest.PublishSharesCellsOnlyForTokenUnchangedGroups .........................................................................................   Passed    0.01 sec
2026-10-05T15:45:31.7953840Z         Start  895: TopologyCacheTest.CachedReaderTracksVersionAndSnapshot
2026-10-05T15:45:31.8060733Z 156/300 Test  #895: TopologyCacheTest.CachedReaderTracksVersionAndSnapshot ..................................................................................................   Passed    0.01 sec
2026-10-05T15:45:31.8062363Z         Start  902: ClusterRouterTest.EndpointFormatsHostAndPort
2026-10-05T15:45:31.8133055Z 157/300 Test  #902: ClusterRouterTest.EndpointFormatsHostAndPort ............................................................................................................   Passed    0.01 sec
2026-10-05T15:45:31.8134010Z         Start  909: RedisConfigTest.AppliesSupportedDirectives
2026-10-05T15:45:31.8200787Z 158/300 Test  #909: RedisConfigTest.AppliesSupportedDirectives ..............................................................................................................   Passed    0.01 sec
2026-10-05T15:45:31.8202119Z         Start  911: RedisConfigTest.RejectsInvalidLoggingConfiguration
2026-10-05T15:45:31.8270656Z 159/300 Test  #911: RedisConfigTest.RejectsInvalidLoggingConfiguration ......................................................................................................   Passed    0.01 sec
2026-10-05T15:45:31.8271982Z         Start  915: RedisConfigTest.RemovedModeDirectivesAreRejected
2026-10-05T15:45:31.8339737Z 160/300 Test  #915: RedisConfigTest.RemovedModeDirectivesAreRejected ........................................................................................................   Passed    0.01 sec
2026-10-05T15:45:31.8341365Z         Start  920: RedisConfigTest.ParsesRedisPsyncFollower
2026-10-05T15:45:31.8406609Z 161/300 Test  #920: RedisConfigTest.ParsesRedisPsyncFollower ................................................................................................................   Passed    0.01 sec
2026-10-05T15:45:31.8408096Z         Start  932: RedisConfigTest.MetaControlMtlsRequiresCompleteClientIdentity
2026-10-05T15:45:31.8475546Z 162/300 Test  #932: RedisConfigTest.MetaControlMtlsRequiresCompleteClientIdentity ...........................................................................................   Passed    0.01 sec
2026-10-05T15:45:31.8476890Z         Start  936: RedisConfigTest.ValidatesClusterAnnouncePortResolution
2026-10-05T15:45:31.8541739Z 163/300 Test  #936: RedisConfigTest.ValidatesClusterAnnouncePortResolution ..................................................................................................   Passed    0.01 sec
2026-10-05T15:45:31.8542964Z         Start  945: ControlProtocolCodecTest.MaximumCandidateProgressStillFitsOneFrame
2026-10-05T15:45:31.8610157Z 164/300 Test  #945: ControlProtocolCodecTest.MaximumCandidateProgressStillFitsOneFrame ......................................................................................   Passed    0.01 sec
2026-10-05T15:45:31.8611449Z         Start  951: ControlProtocolCodecTest.RoundTripsSourceLessPopulationInitialization
2026-10-05T15:45:31.8676374Z 165/300 Test  #951: ControlProtocolCodecTest.RoundTripsSourceLessPopulationInitialization ...................................................................................   Passed    0.01 sec
2026-10-05T15:45:31.8677600Z         Start  953: ControlProtocolCodecTest.BootstrapRequiresReportedAndInstalledCapabilities
2026-10-05T15:45:31.8744133Z 166/300 Test  #953: ControlProtocolCodecTest.BootstrapRequiresReportedAndInstalledCapabilities ..............................................................................   Passed    0.01 sec
2026-10-05T15:45:31.8745485Z         Start  958: ControlProtocolFullStateTest.RoundTripsTypedFailoverStateAndComparesItsSemantics
2026-10-05T15:45:31.8810570Z 167/300 Test  #958: ControlProtocolFullStateTest.RoundTripsTypedFailoverStateAndComparesItsSemantics ........................................................................   Passed    0.01 sec
2026-10-05T15:45:31.8811842Z         Start  963: ControlProtocolFullStateTest.FrameSizedProjectionRoundTripsAsTypedMessage
2026-10-05T15:45:31.8879573Z 168/300 Test  #963: ControlProtocolFullStateTest.FrameSizedProjectionRoundTripsAsTypedMessage ...............................................................................   Passed    0.01 sec
2026-10-05T15:45:31.8881114Z         Start  968: ControlProtocolTransferTest.NamedSupersessionAbortResetsOnlyItsExactActiveObject
2026-10-05T15:45:31.8946826Z 169/300 Test  #968: ControlProtocolTransferTest.NamedSupersessionAbortResetsOnlyItsExactActiveObject ........................................................................   Passed    0.01 sec
2026-10-05T15:45:31.8948208Z         Start  977: ControlWriteQueueTest.RejectsMessageThatRequiresObjectTransfer
2026-10-05T15:45:31.9013942Z 170/300 Test  #977: ControlWriteQueueTest.RejectsMessageThatRequiresObjectTransfer ..........................................................................................   Passed    0.01 sec
2026-10-05T15:45:31.9015595Z         Start  983: ControlSessionWriterTest.OversizedSingleFrameFailsWithoutPoisoningWriter
2026-10-05T15:45:31.9103504Z 171/300 Test  #983: ControlSessionWriterTest.OversizedSingleFrameFailsWithoutPoisoningWriter ................................................................................   Passed    0.01 sec
2026-10-05T15:45:31.9104713Z         Start  994: CrossWorkerMutexTest.SuspendsOnlyTheContendingCoroutine
2026-10-05T15:45:31.9200521Z 172/300 Test  #994: CrossWorkerMutexTest.SuspendsOnlyTheContendingCoroutine .................................................................................................   Passed    0.01 sec
2026-10-05T15:45:31.9201537Z         Start 1001: ForeignExecutorTest.RejectsInvalidRuntimeAndWorker
2026-10-05T15:45:31.9287441Z 173/300 Test #1001: ForeignExecutorTest.RejectsInvalidRuntimeAndWorker ......................................................................................................   Passed    0.01 sec
2026-10-05T15:45:31.9288551Z         Start 1003: HashGroupEdits.NxNoopsRepeatedRemovalAndEmptyLeaf
2026-10-05T15:45:31.9357998Z 174/300 Test #1003: HashGroupEdits.NxNoopsRepeatedRemovalAndEmptyLeaf .......................................................................................................   Passed    0.01 sec
2026-10-05T15:45:31.9359281Z         Start 1014: GroupedHashTest.DirectoryReplacementAndSplitPreserveSnapshotsAndCoverage
2026-10-05T15:45:31.9433474Z 175/300 Test #1014: GroupedHashTest.DirectoryReplacementAndSplitPreserveSnapshotsAndCoverage ................................................................................   Passed    0.01 sec
2026-10-05T15:45:31.9435238Z         Start 1019: GroupedHashTest.BorrowedVisitorChecksUnrelatedRouteAndPropagatesFailure
2026-10-05T15:45:31.9501616Z 176/300 Test #1019: GroupedHashTest.BorrowedVisitorChecksUnrelatedRouteAndPropagatesFailure .................................................................................   Passed    0.01 sec
2026-10-05T15:45:31.9502902Z         Start 1024: GroupedHashTest.LargeIndivisibleFieldDoesNotCauseRecursiveExplosion
2026-10-05T15:45:31.9571413Z 177/300 Test #1024: GroupedHashTest.LargeIndivisibleFieldDoesNotCauseRecursiveExplosion .....................................................................................   Passed    0.01 sec
2026-10-05T15:45:31.9572978Z         Start 1027: GroupedHashTest.StreamingEncoderDistinguishesEmptySpansFromEnd
2026-10-05T15:45:31.9641885Z 178/300 Test #1027: GroupedHashTest.StreamingEncoderDistinguishesEmptySpansFromEnd ..........................................................................................   Passed    0.01 sec
2026-10-05T15:45:31.9643246Z         Start 1037: GroupedHashTest.RelocationUsesLsnOnlyWithinTheSameLogicalVersion
2026-10-05T15:45:31.9710838Z 179/300 Test #1037: GroupedHashTest.RelocationUsesLsnOnlyWithinTheSameLogicalVersion ........................................................................................   Passed    0.01 sec
2026-10-05T15:45:31.9712411Z         Start 1041: GroupedHashTest.NoopAndSetIfAbsentDoNotRewriteGroups
2026-10-05T15:45:31.9787477Z 180/300 Test #1041: GroupedHashTest.NoopAndSetIfAbsentDoNotRewriteGroups ....................................................................................................   Passed    0.01 sec
2026-10-05T15:45:31.9789441Z         Start 1043: GroupedHashTest.RandomizedPartialWritesRecoverAgainstReferenceHash
2026-10-05T15:45:34.8080792Z 181/300 Test #1043: GroupedHashTest.RandomizedPartialWritesRecoverAgainstReferenceHash ......................................................................................   Passed    2.83 sec
2026-10-05T15:45:34.8082123Z         Start 1044: HashLookupMemoryTest.OwnsValueAndReleasesChargeAfterMove
2026-10-05T15:45:34.8151103Z 182/300 Test #1044: HashLookupMemoryTest.OwnsValueAndReleasesChargeAfterMove ................................................................................................   Passed    0.01 sec
2026-10-05T15:45:34.8152774Z         Start 1058: GroupedCollectionTest.SortedSetRebalanceFallbackDoesNotMutatePages
2026-10-05T15:45:34.8220202Z 183/300 Test #1058: GroupedCollectionTest.SortedSetRebalanceFallbackDoesNotMutatePages ......................................................................................   Passed    0.01 sec
2026-10-05T15:45:34.8221427Z         Start 1063: GroupedCollectionTest.CodecsRejectTruncationReservedBitsAndInvalidIdentity
2026-10-05T15:45:34.8289132Z 184/300 Test #1063: GroupedCollectionTest.CodecsRejectTruncationReservedBitsAndInvalidIdentity ..............................................................................   Passed    0.01 sec
2026-10-05T15:45:34.8290459Z         Start 1065: GroupedCollectionTest.ExtentEncoderBorrowsOversizedItemAndPreservesEmptyItem
2026-10-05T15:45:34.8508935Z 185/300 Test #1065: GroupedCollectionTest.ExtentEncoderBorrowsOversizedItemAndPreservesEmptyItem ............................................................................   Passed    0.02 sec
2026-10-05T15:45:34.8510155Z         Start 1068: GroupedCollectionTest.SparseSameTopologyUpdateMatchesFullRecovery
2026-10-05T15:45:34.8606180Z 186/300 Test #1068: GroupedCollectionTest.SparseSameTopologyUpdateMatchesFullRecovery .......................................................................................   Passed    0.01 sec
2026-10-05T15:45:34.8607536Z         Start 1080: GroupedCollectionTest.StructuralUpdatesMatchRecoveryAcrossSplices
2026-10-05T15:45:34.9557964Z 187/300 Test #1080: GroupedCollectionTest.StructuralUpdatesMatchRecoveryAcrossSplices .......................................................................................   Passed    0.09 sec
2026-10-05T15:45:34.9559440Z         Start 1083: GroupedCollectionTest.StreamTailAppendRejectsBrokenLinksAndKeepsGeneralOrder
2026-10-05T15:45:34.9639880Z 188/300 Test #1083: GroupedCollectionTest.StreamTailAppendRejectsBrokenLinksAndKeepsGeneralOrder ............................................................................   Passed    0.01 sec
2026-10-05T15:45:34.9641796Z         Start 1089: GroupedCollectionTest.RecoveryRejectsInvalidAndNonMonotoneScoreBounds
2026-10-05T15:45:34.9717011Z 189/300 Test #1089: GroupedCollectionTest.RecoveryRejectsInvalidAndNonMonotoneScoreBounds ...................................................................................   Passed    0.01 sec
2026-10-05T15:45:34.9718461Z         Start 1095: OrderedCompactCodecTest.SortedScoresRetainInfinityAndNegativeZero
2026-10-05T15:45:34.9786878Z 190/300 Test #1095: OrderedCompactCodecTest.SortedScoresRetainInfinityAndNegativeZero .......................................................................................   Passed    0.01 sec
2026-10-05T15:45:34.9787971Z         Start 1096: OrderedCompactCodecTest.BoundsAndFramingFailClosed
2026-10-05T15:45:34.9858201Z 191/300 Test #1096: OrderedCompactCodecTest.BoundsAndFramingFailClosed ......................................................................................................   Passed    0.01 sec
2026-10-05T15:45:34.9859550Z         Start 1102: CollectionIngestBudget.LargeStringsMoveButSortedSetMembersAreCopied
2026-10-05T15:45:34.9926055Z 192/300 Test #1102: CollectionIngestBudget.LargeStringsMoveButSortedSetMembersAreCopied .....................................................................................   Passed    0.01 sec
2026-10-05T15:45:34.9927215Z         Start 1105: CollectionCompactStream.StringSegmentsEmitRawBytesWithoutFraming
2026-10-05T15:45:34.9994068Z 193/300 Test #1105: CollectionCompactStream.StringSegmentsEmitRawBytesWithoutFraming ........................................................................................   Passed    0.01 sec
2026-10-05T15:45:34.9995335Z         Start 1106: CollectionCompactStream.EncoderIsByteCompatibleWithEveryLegacyType
2026-10-05T15:45:35.0064071Z 194/300 Test #1106: CollectionCompactStream.EncoderIsByteCompatibleWithEveryLegacyType ......................................................................................   Passed    0.01 sec
2026-10-05T15:45:35.0065428Z         Start 1108: CollectionCompactStream.OneByteInputAndEveryTruncatedEofAreChecked
2026-10-05T15:45:35.0150206Z 195/300 Test #1108: CollectionCompactStream.OneByteInputAndEveryTruncatedEofAreChecked ......................................................................................   Passed    0.01 sec
2026-10-05T15:45:35.0151634Z         Start 1116: CollectionCompactStream.AggregateEncodingExceedsOneGibWithoutWholeValueBuffer
2026-10-05T15:45:35.1392689Z 196/300 Test #1116: CollectionCompactStream.AggregateEncodingExceedsOneGibWithoutWholeValueBuffer ...........................................................................   Passed    0.12 sec
2026-10-05T15:45:35.1394179Z         Start 1124: GroupedOrderedObjectTest.MetadataOnlyUpdateSharesRoutingNodesAndPhysicalPages
2026-10-05T15:45:35.1476242Z 197/300 Test #1124: GroupedOrderedObjectTest.MetadataOnlyUpdateSharesRoutingNodesAndPhysicalPages ...........................................................................   Passed    0.01 sec
2026-10-05T15:45:35.1477675Z         Start 1128: RecordPayloadCursorTest.StreamsEmptySpansAndExternalKeyPrefix
2026-10-05T15:45:35.1552907Z 198/300 Test #1128: RecordPayloadCursorTest.StreamsEmptySpansAndExternalKeyPrefix ...........................................................................................   Passed    0.01 sec
2026-10-05T15:45:35.1554276Z         Start 1132: RecordPayloadCursorTest.ConsumesBorrowedHashFramingAcrossExtentBoundary
2026-10-05T15:45:35.1716349Z 199/300 Test #1132: RecordPayloadCursorTest.ConsumesBorrowedHashFramingAcrossExtentBoundary .................................................................................   Passed    0.02 sec
2026-10-05T15:45:35.1717610Z         Start 1135: GroupedObjectIndexTest.PublishOomPreservesExistingKeyAndCanBeRetried
2026-10-05T15:45:35.1866441Z 200/300 Test #1135: GroupedObjectIndexTest.PublishOomPreservesExistingKeyAndCanBeRetried ....................................................................................   Passed    0.01 sec
2026-10-05T15:45:35.1867947Z         Start 1147: GroupedObjectIndexTest.StaleUndoClearCannotRemoveCurrentView
2026-10-05T15:45:35.2007994Z 201/300 Test #1147: GroupedObjectIndexTest.StaleUndoClearCannotRemoveCurrentView ............................................................................................   Passed    0.01 sec
2026-10-05T15:45:35.2009579Z         Start 1154: GroupedObjectIndexTest.RetainedMetadataIsReleasedWithLastHandle
2026-10-05T15:45:35.2145893Z 202/300 Test #1154: GroupedObjectIndexTest.RetainedMetadataIsReleasedWithLastHandle .........................................................................................   Passed    0.01 sec
2026-10-05T15:45:35.2147482Z         Start 1162: GroupedObjectIndexTest.IncrementalMetadataOomLeavesPublishedObjectIntact
2026-10-05T15:45:35.2234327Z 203/300 Test #1162: GroupedObjectIndexTest.IncrementalMetadataOomLeavesPublishedObjectIntact ................................................................................   Passed    0.01 sec
2026-10-05T15:45:35.2236079Z         Start 1163: GroupedObjectIndexTest.DirectoryIncrementalValidationRejectsPartialSplits
2026-10-05T15:45:35.2307853Z 204/300 Test #1163: GroupedObjectIndexTest.DirectoryIncrementalValidationRejectsPartialSplits ...............................................................................   Passed    0.01 sec
2026-10-05T15:45:35.2309488Z         Start 1170: GroupedObjectIndexTest.MetadataOnlyUpdateSharesHashRoutingNodesAndPhysicalPages
2026-10-05T15:45:35.2403373Z 205/300 Test #1170: GroupedObjectIndexTest.MetadataOnlyUpdateSharesHashRoutingNodesAndPhysicalPages .........................................................................   Passed    0.01 sec
2026-10-05T15:45:35.2404797Z         Start 1171: GroupedMetadataArrayTest.SparseUpdatesPreserveSnapshotsAcrossTreeLevels
2026-10-05T15:45:35.2517515Z 206/300 Test #1171: GroupedMetadataArrayTest.SparseUpdatesPreserveSnapshotsAcrossTreeLevels .................................................................................   Passed    0.01 sec
2026-10-05T15:45:35.2519220Z         Start 1176: GroupedScratchBudgetTest.RejectsOverflowAndMissingExtentMetadata
2026-10-05T15:45:35.2591322Z 207/300 Test #1176: GroupedScratchBudgetTest.RejectsOverflowAndMissingExtentMetadata ........................................................................................   Passed    0.01 sec
2026-10-05T15:45:35.2592478Z         Start 1186: LocalSharedPtrTest.SharedSubtreesOutliveEitherRoot
2026-10-05T15:45:35.2661161Z 208/300 Test #1186: LocalSharedPtrTest.SharedSubtreesOutliveEitherRoot ......................................................................................................   Passed    0.01 sec
2026-10-05T15:45:35.2662174Z         Start 1192: LoggingTest.NormalShutdownFlushesInfoMessages
2026-10-05T15:45:35.2737691Z 209/300 Test #1192: LoggingTest.NormalShutdownFlushesInfoMessages ...........................................................................................................   Passed    0.01 sec
2026-10-05T15:45:35.2739121Z         Start 1200: MemoryTest.CrossWorkerRetainedReleaseReturnsBytesToExplicitOrigin
2026-10-05T15:45:35.2810882Z 210/300 Test #1200: MemoryTest.CrossWorkerRetainedReleaseReturnsBytesToExplicitOrigin .......................................................................................   Passed    0.01 sec
2026-10-05T15:45:35.2812109Z         Start 1201: MemoryTest.WorkerSnapshotsMatchAdmissionShares
2026-10-05T15:45:35.2878568Z 211/300 Test #1201: MemoryTest.WorkerSnapshotsMatchAdmissionShares ..........................................................................................................   Passed    0.01 sec
2026-10-05T15:45:35.2879932Z         Start 1205: MetaControlMapperTest.LocalEndpointChangeAdvancesOnlyRelevantControl
2026-10-05T15:45:35.2962790Z 212/300 Test #1205: MetaControlMapperTest.LocalEndpointChangeAdvancesOnlyRelevantControl ....................................................................................   Passed    0.01 sec
2026-10-05T15:45:35.2964411Z         Start 1213: MetaControlMapperTest.RejectsOwnerAssignmentMismatch
2026-10-05T15:45:35.3043898Z 213/300 Test #1213: MetaControlMapperTest.RejectsOwnerAssignmentMismatch ....................................................................................................   Passed    0.01 sec
2026-10-05T15:45:35.3044948Z         Start 1219: MetaControlIdentityTest.RequiresExactlyOneMatchingUriSan
2026-10-05T15:45:35.3114528Z 214/300 Test #1219: MetaControlIdentityTest.RequiresExactlyOneMatchingUriSan ................................................................................................   Passed    0.01 sec
2026-10-05T15:45:35.3115759Z         Start 1227: MetaEndpointDirectoryTest.FullStateRefreshPreservesOnlyLiveLeaderHint
2026-10-05T15:45:35.3186373Z 215/300 Test #1227: MetaEndpointDirectoryTest.FullStateRefreshPreservesOnlyLiveLeaderHint ...................................................................................   Passed    0.01 sec
2026-10-05T15:45:35.3187524Z         Start 1229: MetaLeaseChallengeRotationTest.VisitsEveryLocallyOwnedActiveGrant
2026-10-05T15:45:35.3256132Z 216/300 Test #1229: MetaLeaseChallengeRotationTest.VisitsEveryLocallyOwnedActiveGrant .......................................................................................   Passed    0.01 sec
2026-10-05T15:45:35.3257435Z         Start 1240: MetaFailoverControlAdapterTest.RecoveryDirectoryUsesCurrentFdsMembersAndTransport
2026-10-05T15:45:35.3325560Z 217/300 Test #1240: MetaFailoverControlAdapterTest.RecoveryDirectoryUsesCurrentFdsMembersAndTransport .......................................................................   Passed    0.01 sec
2026-10-05T15:45:35.3326836Z         Start 1244: MetaFailoverHeartbeatTest.ProjectsOnlyAnExactStableSourcePause
2026-10-05T15:45:35.3396901Z 218/300 Test #1244: MetaFailoverHeartbeatTest.ProjectsOnlyAnExactStableSourcePause ..........................................................................................   Passed    0.01 sec
2026-10-05T15:45:35.3398287Z         Start 1260: NodeControlInstallerTest.SessionLossDuringPromotionActivationFailsFinalRecheckWithoutLease
2026-10-05T15:45:35.3499975Z 219/300 Test #1260: NodeControlInstallerTest.SessionLossDuringPromotionActivationFailsFinalRecheckWithoutLease ..............................................................   Passed    0.01 sec
2026-10-05T15:45:35.3501538Z         Start 1263: NodeControlInstallerTest.ObservedExpiryDuringSourceAdmissionEnableFailsClosed
2026-10-05T15:45:35.3603836Z 220/300 Test #1263: NodeControlInstallerTest.ObservedExpiryDuringSourceAdmissionEnableFailsClosed ...........................................................................   Passed    0.01 sec
2026-10-05T15:45:35.3605387Z         Start 1264: NodeControlInstallerTest.GrantExpiringDuringPromotionActivationNeverEnablesExpirationOrLease
2026-10-05T15:45:35.3910813Z 221/300 Test #1264: NodeControlInstallerTest.GrantExpiringDuringPromotionActivationNeverEnablesExpirationOrLease ............................................................   Passed    0.03 sec
2026-10-05T15:45:35.3912497Z         Start 1269: NodeControlInstallerTest.RejectsLeaseLongerThanFdsResolvedDurationWithBothDurations
2026-10-05T15:45:35.4014540Z 222/300 Test #1269: NodeControlInstallerTest.RejectsLeaseLongerThanFdsResolvedDurationWithBothDurations .....................................................................   Passed    0.01 sec
2026-10-05T15:45:35.4016208Z         Start 1275: NodeControlInstallerTest.ShorterFdsLeaseCeilingPreservesOldDeadlineAndBoundsRenewal
2026-10-05T15:45:35.4134422Z 223/300 Test #1275: NodeControlInstallerTest.ShorterFdsLeaseCeilingPreservesOldDeadlineAndBoundsRenewal .....................................................................   Passed    0.01 sec
2026-10-05T15:45:35.4136055Z         Start 1277: NodeControlInstallerTest.SameAuthorityRenewalExtendsDeadlineWithoutInvalidatingAdmission
2026-10-05T15:45:35.4231810Z 224/300 Test #1277: NodeControlInstallerTest.SameAuthorityRenewalExtendsDeadlineWithoutInvalidatingAdmission ................................................................   Passed    0.01 sec
2026-10-05T15:45:35.4233266Z         Start 1281: NodeControlInstallerTest.FenceInvalidatesBeforePublishingAndRejectsOldAuthorityForThisBoot
2026-10-05T15:45:35.4355495Z 225/300 Test #1281: NodeControlInstallerTest.FenceInvalidatesBeforePublishingAndRejectsOldAuthorityForThisBoot ..............................................................   Passed    0.01 sec
2026-10-05T15:45:35.4356957Z         Start 1283: NodeControlInstallerTest.AsyncFenceSuspendsWorkerCoroutineUntilRetiredCounterReachesZero
2026-10-05T15:45:35.4489425Z 226/300 Test #1283: NodeControlInstallerTest.AsyncFenceSuspendsWorkerCoroutineUntilRetiredCounterReachesZero ................................................................   Passed    0.01 sec
2026-10-05T15:45:35.4490884Z         Start 1286: NodeControlInstallerTest.StorageLossWaitsForAdmissionCancelsTargetAndLatchesFailure
2026-10-05T15:45:35.4636703Z 227/300 Test #1286: NodeControlInstallerTest.StorageLossWaitsForAdmissionCancelsTargetAndLatchesFailure .....................................................................   Passed    0.01 sec
2026-10-05T15:45:35.4638179Z         Start 1293: NodeControlInstallerTest.DirectiveCapableAdapterRejectsSynchronousFenceAndSessionCleanup
2026-10-05T15:45:35.4733349Z 228/300 Test #1293: NodeControlInstallerTest.DirectiveCapableAdapterRejectsSynchronousFenceAndSessionCleanup ................................................................   Passed    0.01 sec
2026-10-05T15:45:35.4734501Z         Start 1312: RespParserTest.ParsingDoesNotConsumeMaxmemoryAdmission
2026-10-05T15:45:35.4804854Z 229/300 Test #1312: RespParserTest.ParsingDoesNotConsumeMaxmemoryAdmission ..................................................................................................   Passed    0.01 sec
2026-10-05T15:45:35.4805960Z         Start 1316: RespParserTest.AppliesLowerRuntimeLimitToIncompleteCommand
2026-10-05T15:45:35.4873195Z 230/300 Test #1316: RespParserTest.AppliesLowerRuntimeLimitToIncompleteCommand ..............................................................................................   Passed    0.01 sec
2026-10-05T15:45:35.4874533Z         Start 1333: ClusterErrorTest.MessageBuildersMatchBuilderForms
2026-10-05T15:45:35.4944136Z 231/300 Test #1333: ClusterErrorTest.MessageBuildersMatchBuilderForms .......................................................................................................   Passed    0.01 sec
2026-10-05T15:45:35.4945218Z         Start 1340: ScanHashMapTest.CandidatePredicateExceptionLeavesEntriesUsable
2026-10-05T15:45:35.5064086Z 232/300 Test #1340: ScanHashMapTest.CandidatePredicateExceptionLeavesEntriesUsable ..........................................................................................   Passed    0.01 sec
2026-10-05T15:45:35.5067205Z         Start 1342: ScanHashMapTest.ShrinkingPreservesEveryCursorPosition
2026-10-05T15:45:35.5373932Z 233/300 Test #1342: ScanHashMapTest.ShrinkingPreservesEveryCursorPosition ...................................................................................................   Passed    0.03 sec
2026-10-05T15:45:35.5375240Z         Start 1351: ScanHashMapTest.KnownEmptyPopulationAllocatesNothing
2026-10-05T15:45:35.5445694Z 234/300 Test #1351: ScanHashMapTest.KnownEmptyPopulationAllocatesNothing ....................................................................................................   Passed    0.01 sec
2026-10-05T15:45:35.5446959Z         Start 1358: ScanHashMapTest.ExternalKeyStoresOnlyDigestAndLogicalLength
2026-10-05T15:45:35.5565224Z 235/300 Test #1358: ScanHashMapTest.ExternalKeyStoresOnlyDigestAndLogicalLength .............................................................................................   Passed    0.01 sec
2026-10-05T15:45:35.5567843Z         Start 1361: ScanHashMapTest.SaturatedAddressSpaceUsesBucketChains
2026-10-05T15:45:35.5708031Z 236/300 Test #1361: ScanHashMapTest.SaturatedAddressSpaceUsesBucketChains ...................................................................................................   Passed    0.01 sec
2026-10-05T15:45:35.5709783Z         Start 1371: SourceAuthorizationLedgerTest.SessionCleanupAllowsCurrentRevisionReplayWithoutErasingARevokeFloor
2026-10-05T15:45:35.5780731Z 237/300 Test #1371: SourceAuthorizationLedgerTest.SessionCleanupAllowsCurrentRevisionReplayWithoutErasingARevokeFloor .......................................................   Passed    0.01 sec
2026-10-05T15:45:35.5783003Z         Start 1376: SourceAuthorizationLedgerTest.LeaseGateSuspendsAdmissionWithoutLosingCurrentFdsCapability
2026-10-05T15:45:35.5849512Z 238/300 Test #1376: SourceAuthorizationLedgerTest.LeaseGateSuspendsAdmissionWithoutLosingCurrentFdsCapability ...............................................................   Passed    0.01 sec
2026-10-05T15:45:35.5850617Z         Start 1382: CommandTableTest.ResolvesStreamReadMovableKeys
2026-10-05T15:45:35.6152171Z 239/300 Test #1382: CommandTableTest.ResolvesStreamReadMovableKeys ..........................................................................................................   Passed    0.03 sec
2026-10-05T15:45:35.6153162Z         Start 1384: CommandTableTest.AcceptsExtendedPendingIdleForm
2026-10-05T15:45:35.6223764Z 240/300 Test #1384: CommandTableTest.AcceptsExtendedPendingIdleForm .........................................................................................................   Passed    0.01 sec
2026-10-05T15:45:35.6224830Z         Start 1388: CommandTableTest.ResolvesMovableListPopKeys
2026-10-05T15:45:35.6411007Z 241/300 Test #1388: CommandTableTest.ResolvesMovableListPopKeys .............................................................................................................   Passed    0.02 sec
2026-10-05T15:45:35.6412034Z         Start 1392: CommandTableTest.RedisGlobMatchesValkeyReference
2026-10-05T15:45:35.7789195Z 242/300 Test #1392: CommandTableTest.RedisGlobMatchesValkeyReference ........................................................................................................   Passed    0.14 sec
2026-10-05T15:45:35.7790646Z         Start 1400: RandomSampleTest.FloydSelectionReturnsRequestedDistinctRanks
2026-10-05T15:45:35.7860414Z 243/300 Test #1400: RandomSampleTest.FloydSelectionReturnsRequestedDistinctRanks ............................................................................................   Passed    0.01 sec
2026-10-05T15:45:35.7861591Z         Start 1404: RdbTest.AcceptsRedisDumpVersionsOneThroughEleven
2026-10-05T15:45:35.7932107Z 244/300 Test #1404: RdbTest.AcceptsRedisDumpVersionsOneThroughEleven ........................................................................................................   Passed    0.01 sec
2026-10-05T15:45:35.7933227Z         Start 1410: RdbTest.LzfCannotReadPastItsDeclaredCompressedLength
2026-10-05T15:45:35.8014679Z 245/300 Test #1410: RdbTest.LzfCannotReadPastItsDeclaredCompressedLength ....................................................................................................   Passed    0.01 sec
2026-10-05T15:45:35.8015688Z         Start 1417: RdbTest.RejectsCorruptAndUnsupportedCompleteFiles
2026-10-05T15:45:35.8101045Z 246/300 Test #1417: RdbTest.RejectsCorruptAndUnsupportedCompleteFiles .......................................................................................................   Passed    0.01 sec
2026-10-05T15:45:35.8103393Z         Start 1427: RdbCollectionTest.PageRetentionMovesWithOutputLifetime
2026-10-05T15:45:35.8176539Z 247/300 Test #1427: RdbCollectionTest.PageRetentionMovesWithOutputLifetime ..................................................................................................   Passed    0.01 sec
2026-10-05T15:45:35.8177634Z         Start 1431: RdbCollectionImportTest.QuicklistDrainsNodesWithoutAnAggregateString
2026-10-05T15:45:35.8268504Z 248/300 Test #1431: RdbCollectionImportTest.QuicklistDrainsNodesWithoutAnAggregateString ....................................................................................   Passed    0.01 sec
2026-10-05T15:45:35.8270032Z         Start 1436: RecordLocationTest.PackedMetadataKeepsValueTypeAndMutableFlags
2026-10-05T15:45:35.8338662Z 249/300 Test #1436: RecordLocationTest.PackedMetadataKeepsValueTypeAndMutableFlags ..........................................................................................   Passed    0.01 sec
2026-10-05T15:45:35.8339807Z         Start 1446: RequestGateTest.CloseRejectsNewEntriesAndWaitsForEveryWorker
2026-10-05T15:45:35.8412744Z 250/300 Test #1446: RequestGateTest.CloseRejectsNewEntriesAndWaitsForEveryWorker ............................................................................................   Passed    0.01 sec
2026-10-05T15:45:35.8413964Z         Start 1454: ReplicationCommandTest.MalformedPublishEnvelopesCannotBypassPartitionReset
2026-10-05T15:45:35.8481558Z 251/300 Test #1454: ReplicationCommandTest.MalformedPublishEnvelopesCannotBypassPartitionReset ..............................................................................   Passed    0.01 sec
2026-10-05T15:45:35.8482904Z         Start 1456: ReplicationCommandTest.TransactionReservationCoversMaterializedPrefix
2026-10-05T15:45:35.8552971Z 252/300 Test #1456: ReplicationCommandTest.TransactionReservationCoversMaterializedPrefix ...................................................................................   Passed    0.01 sec
2026-10-05T15:45:35.8554317Z         Start 1468: ReplicationGroupTest.RejectsASecondGroupAssignmentForTheSameNode
2026-10-05T15:45:35.8713270Z 253/300 Test #1468: ReplicationGroupTest.RejectsASecondGroupAssignmentForTheSameNode ........................................................................................   Passed    0.02 sec
2026-10-05T15:45:35.8716015Z         Start 1481: ReplicationGroupTest.RequiresResetAndEpochMatchingHandoffForEveryPhysicalPartition
2026-10-05T15:45:35.8922141Z 254/300 Test #1481: ReplicationGroupTest.RequiresResetAndEpochMatchingHandoffForEveryPhysicalPartition ......................................................................   Passed    0.02 sec
2026-10-05T15:45:35.8923312Z         Start 1483: ReplicationGroupTest.FailureLatchPreventsEveryLaterAttempt
2026-10-05T15:45:35.9082148Z 255/300 Test #1483: ReplicationGroupTest.FailureLatchPreventsEveryLaterAttempt ..............................................................................................   Passed    0.02 sec
2026-10-05T15:45:35.9083457Z         Start 1484: ReplicationHistoryTest.EffectManifestIsCompleteAndDoesNotPinEvictedPayload
2026-10-05T15:45:35.9164093Z 256/300 Test #1484: ReplicationHistoryTest.EffectManifestIsCompleteAndDoesNotPinEvictedPayload ..............................................................................   Passed    0.01 sec
2026-10-05T15:45:35.9165967Z         Start 1489: ReplicationHistoryTest.RolloverWithdrawsEveryParticipantOfAnEffect
2026-10-05T15:45:35.9245979Z 257/300 Test #1489: ReplicationHistoryTest.RolloverWithdrawsEveryParticipantOfAnEffect ......................................................................................   Passed    0.01 sec
2026-10-05T15:45:35.9247436Z         Start 1493: NativeRecoveryTest.EnvelopeAndAppliedRemainDistinctWhenDonorCoverageDisappears
2026-10-05T15:45:35.9320179Z 258/300 Test #1493: NativeRecoveryTest.EnvelopeAndAppliedRemainDistinctWhenDonorCoverageDisappears ..........................................................................   Passed    0.01 sec
2026-10-05T15:45:35.9321487Z         Start 1496: NativeReplayTest.IncompleteTransactionNeverPublishesAndWholeEffectDeduplicates
2026-10-05T15:45:35.9395280Z 259/300 Test #1496: NativeReplayTest.IncompleteTransactionNeverPublishesAndWholeEffectDeduplicates ..........................................................................   Passed    0.01 sec
2026-10-05T15:45:35.9397161Z         Start 1508: ReplicaAppliedFrontierTest.SnapshotNeverAcceptsHalfPublishedBatch
2026-10-05T15:45:35.9475652Z 260/300 Test #1508: ReplicaAppliedFrontierTest.SnapshotNeverAcceptsHalfPublishedBatch .......................................................................................   Passed    0.01 sec
2026-10-05T15:45:35.9477405Z         Start 1511: ReplicaAppliedFrontierTest.DiagnosticOffsetRemainsAvailableDuringBatch
2026-10-05T15:45:35.9552123Z 261/300 Test #1511: ReplicaAppliedFrontierTest.DiagnosticOffsetRemainsAvailableDuringBatch ..................................................................................   Passed    0.01 sec
2026-10-05T15:45:35.9554044Z         Start 1518: RingBufferTest.PreservesFifoAcrossWrapAndResize
2026-10-05T15:45:35.9624246Z 262/300 Test #1518: RingBufferTest.PreservesFifoAcrossWrapAndResize .........................................................................................................   Passed    0.01 sec
2026-10-05T15:45:35.9626072Z         Start 1524: TxLockTest.IntentAndHoldCompatibility
2026-10-05T15:45:35.9696047Z 263/300 Test #1524: TxLockTest.IntentAndHoldCompatibility ...................................................................................................................   Passed    0.01 sec
2026-10-05T15:45:35.9697228Z         Start 1528: StorageFormatTest.ComputesStableProcessLocalDigests
2026-10-05T15:45:35.9768027Z 264/300 Test #1528: StorageFormatTest.ComputesStableProcessLocalDigests .....................................................................................................   Passed    0.01 sec
2026-10-05T15:45:35.9770426Z         Start 1529: StorageFormatTest.GroupIdentitySurvivesInlineAndExtentHeaderRoundTrips
2026-10-05T15:45:35.9840637Z 265/300 Test #1529: StorageFormatTest.GroupIdentitySurvivesInlineAndExtentHeaderRoundTrips ..................................................................................   Passed    0.01 sec
2026-10-05T15:45:35.9841938Z         Start 1536: StorageFormatTest.RestoresCheckpointDigestSeedBeforeHashing
2026-10-05T15:45:35.9910460Z 266/300 Test #1536: StorageFormatTest.RestoresCheckpointDigestSeedBeforeHashing .............................................................................................   Passed    0.01 sec
2026-10-05T15:45:35.9911752Z         Start 1546: StorageExpirationAuthorityTest.RejectsElapsedFiniteAuthority
2026-10-05T15:45:35.9979807Z 267/300 Test #1546: StorageExpirationAuthorityTest.RejectsElapsedFiniteAuthority ............................................................................................   Passed    0.01 sec
2026-10-05T15:45:35.9980921Z         Start 1554: StorageCapacityTest.ValidatesAndPreservesDeviceCapacities
2026-10-05T15:45:37.7589986Z 268/300 Test #1554: StorageCapacityTest.ValidatesAndPreservesDeviceCapacities ...............................................................................................   Passed    1.76 sec
2026-10-05T15:45:37.7591258Z         Start 1557: TcpListenerAcceptTest.AcceptedConnectionDisablesNagle
2026-10-05T15:45:37.7668156Z 269/300 Test #1557: TcpListenerAcceptTest.AcceptedConnectionDisablesNagle ...................................................................................................   Passed    0.01 sec
2026-10-05T15:45:37.7669505Z         Start 1561: WorkerPlacementTest.ShardAndCpuConfigurationIsExplicit
2026-10-05T15:45:37.7741383Z 270/300 Test #1561: WorkerPlacementTest.ShardAndCpuConfigurationIsExplicit ..................................................................................................   Passed    0.01 sec
2026-10-05T15:45:37.7742766Z         Start 1565: ReceiveModes/TcpStreamCloseTest.PendingReceiveDoesNotKeepPeerConnected/true
2026-10-05T15:45:37.8333784Z 271/300 Test #1565: ReceiveModes/TcpStreamCloseTest.PendingReceiveDoesNotKeepPeerConnected/true .............................................................................   Passed    0.06 sec
2026-10-05T15:45:37.8334729Z         Start 1567: lavik_database_modes
2026-10-05T15:45:50.2980727Z 272/300 Test #1567: lavik_database_modes ....................................................................................................................................   Passed   12.46 sec
2026-10-05T15:45:50.2981951Z         Start 1570: lavik_fault_injection_release
2026-10-05T15:45:50.3012406Z 273/300 Test #1570: lavik_fault_injection_release ...........................................................................................................................   Passed    0.00 sec
2026-10-05T15:45:50.3013413Z         Start 1577: meta_integration.sentinel
2026-10-05T15:46:06.4141419Z 274/300 Test #1577: meta_integration.sentinel ...............................................................................................................................   Passed   16.11 sec
2026-10-05T15:46:06.4142301Z         Start 1578: meta_integration.sentinel_discovery
2026-10-05T15:47:03.0644591Z 275/300 Test #1578: meta_integration.sentinel_discovery .....................................................................................................................   Passed   56.65 sec
2026-10-05T15:47:03.0646370Z         Start 1582: meta_integration.gate_snapshot_vote
2026-10-05T15:47:14.1210077Z 276/300 Test #1582: meta_integration.gate_snapshot_vote .....................................................................................................................   Passed   11.06 sec
2026-10-05T15:47:14.1211450Z         Start 1586: meta_integration.gate_membership_recovery
2026-10-05T15:47:58.8040250Z 277/300 Test #1586: meta_integration.gate_membership_recovery ...............................................................................................................   Passed   44.68 sec
2026-10-05T15:47:58.8041163Z         Start 1592: meta_integration.gate_data_control
2026-10-05T15:48:05.0904802Z 278/300 Test #1592: meta_integration.gate_data_control ......................................................................................................................***Failed    6.29 sec
2026-10-05T15:48:05.0906278Z [gate-data-control] node 1 started (pid 5825, raft 46363, ctl /mnt/dev/meta_integration_data_control_m4wqvix9/plaintext/node1/meta-admin.sock,127.0.0.1:44255, initial_manifest=True, attempt 1)
2026-10-05T15:48:05.0907262Z [gate-data-control] node 1 is leader
2026-10-05T15:48:05.0908075Z [gate-data-control] node 2 started (pid 5839, raft 53323, ctl /mnt/dev/meta_integration_data_control_m4wqvix9/plaintext/node2/meta-admin.sock,127.0.0.1:54261, initial_manifest=False, attempt 1)
2026-10-05T15:48:05.0909183Z [gate-data-control] node 2 joined (probe idx 14)
2026-10-05T15:48:05.0910359Z [gate-data-control] node 3 started (pid 5854, raft 44857, ctl /mnt/dev/meta_integration_data_control_m4wqvix9/plaintext/node3/meta-admin.sock,127.0.0.1:52991, initial_manifest=False, attempt 1)
2026-10-05T15:48:05.0911351Z [gate-data-control] node 3 joined (probe idx 25)
2026-10-05T15:48:05.0911709Z [gate-data-control] 3-node cluster converged
2026-10-05T15:48:05.0912190Z [gate-data-control] Data node 11111111 started (pid 5869, seed 127.0.0.1:53309)
2026-10-05T15:48:05.0912772Z [gate-data-control] plaintext: assigned authority challenge/denial verified
2026-10-05T15:48:05.0913198Z [gate-data-control] node 1: SIGKILL
2026-10-05T15:48:05.0913635Z [gate-data-control] node 2 is leader
2026-10-05T15:48:05.0914199Z [gate-data-control] plaintext: blackholed old-leader reconnect, FDS and accepted session in 0.205s after election
2026-10-05T15:48:05.0914939Z [gate-data-control] plaintext: session loss remains fail-closed and reconnects
2026-10-05T15:48:05.0915501Z [gate-data-control] plaintext: Fence/FenceAck replacement ordering verified
2026-10-05T15:48:05.0916489Z [gate-data-control] node 1 started (pid 5873, raft 46363, ctl /mnt/dev/meta_integration_data_control_m4wqvix9/plaintext/node1/meta-admin.sock,127.0.0.1:44255, initial_manifest=False, attempt 1)
2026-10-05T15:48:05.0917358Z [gate-data-control] Data node 11111111: clean exit 0
2026-10-05T15:48:05.0917705Z [gate-data-control] node 1: clean exit 0
2026-10-05T15:48:05.0918098Z [gate-data-control] node 2: clean exit 0
2026-10-05T15:48:05.0918609Z [gate-data-control] node 3: clean exit 0
2026-10-05T15:48:05.0919520Z [gate-data-control] node 1 started (pid 5900, raft 50247, ctl /mnt/dev/meta_integration_data_control_m4wqvix9/mtls/meta/node1/meta-admin.sock,127.0.0.1:40503, initial_manifest=True, attempt 1)
2026-10-05T15:48:05.0920759Z --- node 1 log tail (/mnt/dev/meta_integration_data_control_m4wqvix9/mtls/meta/node1.log) ---
2026-10-05T15:48:05.0921651Z [n1] 2026-10-05T15:48:04.756 [info] runtime cycle-counter=cntvct_el0 frequency-source=cntfrq_el0 frequency=1000000000 Hz (1000.000 MHz) ticks-per-us=1000.000
2026-10-05T15:48:05.0923304Z [n1] 2026-10-05T15:48:04.775 [info] node 1 up: raft=127.0.0.1:50247 data-control=127.0.0.1:33513 ctl=/mnt/dev/meta_integration_data_control_m4wqvix9/mtls/meta/node1/meta-admin.sock,127.0.0.1:40503 sentinel-tcp=disabled sentinel-tls=disabled data-dir=/mnt/dev/meta_integration_data_control_m4wqvix9/mtls/meta/node1 backend=etcd/raft tls=true
2026-10-05T15:48:05.0924712Z [n1] 2026-10-05T15:48:05.064 [info] [raft-cb] event=BecomeLeader term=2
2026-10-05T15:48:05.0925477Z [n1] 2026-10-05T15:48:05.070 [warning] data-control leader membership reconciliation: Raft member descriptor differs from its committed identity binding
2026-10-05T15:48:05.0926031Z
2026-10-05T15:48:05.0926715Z [gate-data-control] FAIL: commit cluster client mode: ERR clustercreate 1 preflight pre-commit-failed another cluster creation or Meta membership change is in progress
2026-10-05T15:48:05.0927376Z
2026-10-05T15:48:05.0927705Z         Start 1605: meta_integration.gate_managed_composite
2026-10-05T15:50:07.1543364Z 279/300 Test #1605: meta_integration.gate_managed_composite .................................................................................................................   Passed  122.06 sec
2026-10-05T15:50:07.1545318Z         Start 1609: meta_integration.gate_managed_composite_catalog_faults
2026-10-05T15:51:33.6368215Z 280/300 Test #1609: meta_integration.gate_managed_composite_catalog_faults ..................................................................................................   Passed   86.48 sec
2026-10-05T15:51:33.6370743Z         Start 1611: meta_integration.gate_managed_composite_partial_faults
2026-10-05T15:52:12.4555216Z 281/300 Test #1611: meta_integration.gate_managed_composite_partial_faults ..................................................................................................   Passed   38.82 sec
2026-10-05T15:52:12.4556416Z         Start 1620: meta_integration.client_retirement_controlled
2026-10-05T15:52:41.7010693Z 282/300 Test #1620: meta_integration.client_retirement_controlled ...........................................................................................................   Passed   29.25 sec
2026-10-05T15:52:41.7013097Z         Start 1626: meta_integration.recovery_cluster_candidate-replace
2026-10-05T15:53:12.2976422Z 283/300 Test #1626: meta_integration.recovery_cluster_candidate-replace .....................................................................................................   Passed   30.60 sec
2026-10-05T15:53:12.2977463Z         Start 1636: meta_integration.gate_failover_live_leader_demotion
2026-10-05T15:53:45.6461015Z 284/300 Test #1636: meta_integration.gate_failover_live_leader_demotion .....................................................................................................   Passed   33.35 sec
2026-10-05T15:53:45.6461981Z         Start 1643: meta_integration.gate_automatic_failover_one_way_partition
2026-10-05T15:54:13.4939993Z 285/300 Test #1643: meta_integration.gate_automatic_failover_one_way_partition ..............................................................................................   Passed   27.85 sec
2026-10-05T15:54:13.4942468Z         Start 1653: meta_integration.single_population_recovery_clean_replica
2026-10-05T15:54:38.9353791Z 286/300 Test #1653: meta_integration.single_population_recovery_clean_replica ...............................................................................................   Passed   25.44 sec
2026-10-05T15:54:38.9356138Z         Start 1659: meta_integration.gate_population_recovery_before_consume
2026-10-05T15:55:02.6855799Z 287/300 Test #1659: meta_integration.gate_population_recovery_before_consume ................................................................................................   Passed   23.75 sec
2026-10-05T15:55:02.6858212Z         Start 1661: meta_integration.gate_population_recovery_incomplete_full
2026-10-05T15:55:22.9023705Z 288/300 Test #1661: meta_integration.gate_population_recovery_incomplete_full ...............................................................................................   Passed   20.22 sec
2026-10-05T15:55:22.9025902Z         Start 1673: meta_integration.sentinel_ha_controlled
2026-10-05T15:56:10.5127676Z 289/300 Test #1673: meta_integration.sentinel_ha_controlled .................................................................................................................   Passed   47.61 sec
2026-10-05T15:56:10.5130224Z         Start 1678: cluster_hardware_safety_gate
2026-10-05T15:56:10.5191635Z 290/300 Test #1678: cluster_hardware_safety_gate ............................................................................................................................   Passed    0.01 sec
2026-10-05T15:56:10.5193552Z         Start 1682: lavik_stream_records
2026-10-05T15:56:10.7331075Z 291/300 Test #1682: lavik_stream_records ....................................................................................................................................   Passed    0.21 sec
2026-10-05T15:56:10.7331849Z         Start 1690: lavik_redis_export_shake_cluster
2026-10-05T15:56:29.6639326Z 292/300 Test #1690: lavik_redis_export_shake_cluster ........................................................................................................................   Passed   18.93 sec
2026-10-05T15:56:29.6641655Z         Start 1691: lavik_redis_export_ha_single
2026-10-05T15:59:31.5485240Z 293/300 Test #1691: lavik_redis_export_ha_single ............................................................................................................................   Passed  181.88 sec
2026-10-05T15:59:31.5486037Z         Start 1697: lavik_redis_sync_reader_cluster-single
2026-10-05T15:59:41.4129499Z 294/300 Test #1697: lavik_redis_sync_reader_cluster-single ..................................................................................................................   Passed    9.86 sec
2026-10-05T15:59:41.4130733Z         Start 1705: lavik_redis_sync_reader_single-incremental-failover
2026-10-05T16:00:01.6827351Z 295/300 Test #1705: lavik_redis_sync_reader_single-incremental-failover .....................................................................................................   Passed   20.27 sec
2026-10-05T16:00:01.6832341Z         Start 1707: lavik_redis_sync_reader_cluster-full-connection
2026-10-05T16:00:18.6216501Z 296/300 Test #1707: lavik_redis_sync_reader_cluster-full-connection .........................................................................................................   Passed   16.94 sec
2026-10-05T16:00:18.6217318Z         Start 1712: lavik_redis_cluster_psync_e2e
2026-10-05T16:00:45.0167372Z 297/300 Test #1712: lavik_redis_cluster_psync_e2e ...........................................................................................................................   Passed   26.39 sec
2026-10-05T16:00:45.0171338Z         Start 1720: lavik_replica_abort_reclaim_e2e
2026-10-05T16:00:54.8600126Z 298/300 Test #1720: lavik_replica_abort_reclaim_e2e .........................................................................................................................   Passed    9.84 sec
2026-10-05T16:00:54.8601713Z         Start 1726: lavik_tomb_raider_e2e
2026-10-05T16:02:32.6959883Z 299/300 Test #1726: lavik_tomb_raider_e2e ...................................................................................................................................   Passed   97.84 sec
2026-10-05T16:02:32.6962141Z         Start 1729: lavik_multikey_e2e
2026-10-05T16:02:55.4007538Z 300/300 Test #1729: lavik_multikey_e2e ......................................................................................................................................   Passed   22.70 sec
2026-10-05T16:02:55.4020891Z
2026-10-05T16:02:55.4021087Z 99% tests passed, 1 tests failed out of 300
2026-10-05T16:02:55.4021875Z
2026-10-05T16:02:55.4022165Z Label Time Summary:
2026-10-05T16:02:55.4022454Z automatic-failover     =  27.85 sec*proc (1 test)
2026-10-05T16:02:55.4022819Z cluster-hardware       =   0.01 sec*proc (1 test)
2026-10-05T16:02:55.4023150Z cluster-integration    =   0.00 sec*proc (2 tests)
2026-10-05T16:02:55.4023475Z cluster-model          =   0.01 sec*proc (6 tests)
2026-10-05T16:02:55.4023798Z failover               = 130.60 sec*proc (5 tests)
2026-10-05T16:02:55.4024109Z fault-policy           =   0.00 sec*proc (1 test)
2026-10-05T16:02:55.4024418Z meta                   =  15.82 sec*proc (124 tests)
2026-10-05T16:02:55.4024734Z meta-integration       = 667.28 sec*proc (19 tests)
2026-10-05T16:02:55.4025061Z population-recovery    =  69.41 sec*proc (3 tests)
2026-10-05T16:02:55.4025382Z redis-import           =  47.07 sec*proc (3 tests)
2026-10-05T16:02:55.4025720Z sentinel-client        =  47.61 sec*proc (1 test)
2026-10-05T16:02:55.4026023Z unit                   =   0.00 sec*proc (1 test)
2026-10-05T16:02:55.4026210Z
2026-10-05T16:02:55.4026308Z Total Test time (real) = 1059.82 sec
2026-10-05T16:02:55.4026469Z
2026-10-05T16:02:55.4026573Z The following tests FAILED:
2026-10-05T16:02:55.4026940Z 	1592 - meta_integration.gate_data_control (Failed)       meta-integration
2026-10-05T16:02:55.4078475Z Errors while running CTest
2026-10-05T16:02:55.4092823Z FAIL: ctest
2026-10-05T16:02:55.4142170Z [2026-10-05 16:02:55.413] [info] storage device id=0 path=/mnt/dev/lavik-native-large-14147.data capacity-bytes=8589934592 data-blocks=1023 foreground-blocks=1015 defrag-reserve-blocks=8 data-bytes=8581545984
2026-10-05T16:02:55.4143231Z [2026-10-05 16:02:55.414] [info] storage capacity: data-blocks=1023 foreground-blocks=1015 defrag-reserve-blocks=8
2026-10-05T16:02:55.4143803Z [2026-10-05 16:02:55.414] [info] storage direct-I/O alignment=4096 bytes
2026-10-05T16:02:55.4144264Z [2026-10-05 16:02:55.414] [info] storage flush submission size=131072 bytes
2026-10-05T16:02:55.5570860Z [2026-10-05 16:02:55.556] [info] storage device id=0 foreground-weight=1015 home-workers=1
2026-10-05T16:02:55.5590115Z [2026-10-05 16:02:55.557] [info] runtime cycle-counter=cntvct_el0 frequency-source=cntfrq_el0 frequency=1000000000 Hz (1000.000 MHz) ticks-per-us=1000.000
2026-10-05T16:02:55.5619430Z [2026-10-05 16:02:55.557] [info] provided-buffer ring disabled; using per-connection receive buffers
2026-10-05T16:02:55.5707994Z [2026-10-05 16:02:55.570] [info] storage recovery: blocks=0/0 (100.0%) swept=1023/1023 records=0 rate=0 blocks/s 0.00M records/s eta=0.0s
2026-10-05T16:02:59.6054714Z large target chunks=64 retained=24490925 retained_peak=24490925 rss=6107136
2026-10-05T16:03:06.9133508Z large target chunks=128 retained=47881805 retained_peak=47881805 rss=6107136
2026-10-05T16:03:18.6307645Z large target chunks=192 retained=71273277 retained_peak=71273277 rss=6107136
2026-10-05T16:03:34.7627226Z large target chunks=256 retained=94659901 retained_peak=94659901 rss=6107136
2026-10-05T16:03:54.6011414Z large target chunks=320 retained=118051013 retained_peak=118051013 rss=6107136
2026-10-05T16:04:18.5673537Z large target chunks=384 retained=141441957 retained_peak=141441957 rss=6107136
2026-10-05T16:04:46.1184019Z large target chunks=448 retained=164833133 retained_peak=164833133 rss=6107136
2026-10-05T16:05:17.3946153Z large target chunks=512 retained=188219693 retained_peak=188219693 rss=6107136
2026-10-05T16:08:04.7841698Z large target+ordinary transfer PASS type=2 entries=140000 encoded_bytes=1147440008 seconds=309.162 retained=65051722 retained_peak=201058972 rss=6107136
2026-10-05T16:08:05.2244273Z PASS: large-native-list
2026-10-05T16:08:05.2332758Z ##[error]Process completed with exit code 1.
2026-10-05T16:08:05.2412246Z ##[group]Run actions/upload-artifact@v7
2026-10-05T16:08:05.2412537Z with:
2026-10-05T16:08:05.2412720Z   name: test-results-arm64-1
2026-10-05T16:08:05.2413968Z   path: build_ci/test-results/
build_ci/Testing/Temporary/
build_ci/meta-integration/**/*.log
build_ci/meta-integration/**/*.json
/mnt/dev/lavik-*.log
/mnt/dev/cluster_client_*/**/*.log
/tmp/lavik-*/**/*.log
/tmp/cluster_create_*/**/*.log
/tmp/cluster_client_*/**/*.log
/tmp/meta_*/**/*.log
/tmp/lavik-*.log

2026-10-05T16:08:05.2415025Z   if-no-files-found: ignore
2026-10-05T16:08:05.2415241Z   retention-days: 7
2026-10-05T16:08:05.2415442Z   compression-level: 6
2026-10-05T16:08:05.2415645Z   overwrite: false
2026-10-05T16:08:05.2415845Z   include-hidden-files: false
2026-10-05T16:08:05.2416072Z   archive: true
2026-10-05T16:08:05.2416246Z env:
2026-10-05T16:08:05.2416521Z   PYTHONPATH: /home/runner/work/lavik/lavik/build_ci/test_tools/redis_py
2026-10-05T16:08:05.2416872Z   GOTOOLCHAIN: local
2026-10-05T16:08:05.2417095Z ##[endgroup]
2026-10-05T16:08:05.4192707Z Multiple search paths detected. Calculating the least common ancestor of all paths
2026-10-05T16:08:05.4193962Z The least common ancestor is /. This will be the root directory of the artifact
2026-10-05T16:08:05.4194405Z With the provided path, there will be 9 files uploaded
2026-10-05T16:08:05.4194860Z Artifact name is valid!
2026-10-05T16:08:05.4195083Z Root directory input is valid!
2026-10-05T16:08:05.6287767Z Uploading artifact: test-results-arm64-1.zip
2026-10-05T16:08:05.6322204Z Beginning upload of artifact content to blob storage
2026-10-05T16:08:05.7571366Z Uploaded bytes 137997
2026-10-05T16:08:05.7713407Z Finished uploading artifact content to blob storage!
2026-10-05T16:08:05.7714057Z SHA256 digest of uploaded artifact is bab9711841093a55d80fd2b590a8787dfa389fa0cd30d738ebc33b0ec7b9f711
2026-10-05T16:08:05.7714554Z Finalizing artifact upload
2026-10-05T16:08:06.0045034Z Artifact test-results-arm64-1 successfully finalized. Artifact ID 11357775744
2026-10-05T16:08:06.0045776Z Artifact test-results-arm64-1 has been successfully uploaded! Final size is 137997 bytes. Artifact ID is 11357775744
2026-10-05T16:08:06.0049578Z Artifact download URL: https://github.com/eloqdata/lavik/actions/runs/37332687744/artifacts/11357775744
2026-10-05T16:08:06.0234388Z Post job cleanup.
2026-10-05T16:08:06.0959219Z [command]/usr/bin/git version
2026-10-05T16:08:06.1000308Z git version 2.55.0
2026-10-05T16:08:06.1033424Z Temporarily overriding HOME='/home/runner/work/_temp/5fc8146a-d2fb-4702-86cb-dc18b41e4475' before making global git config changes
2026-10-05T16:08:06.1034172Z Adding repository directory to the temporary git global config as a safe directory
2026-10-05T16:08:06.1047819Z [command]/usr/bin/git config --global --add safe.directory /home/runner/work/lavik/lavik
2026-10-05T16:08:06.1071748Z Removing SSH command configuration
2026-10-05T16:08:06.1079341Z [command]/usr/bin/git config --local --name-only --get-regexp core\.sshCommand
2026-10-05T16:08:06.1114421Z [command]/usr/bin/git submodule foreach --recursive sh -c "git config --local --name-only --get-regexp 'core\.sshCommand' && git config --local --unset-all 'core.sshCommand' || :"
2026-10-05T16:08:06.1332852Z Removing HTTP extra header
2026-10-05T16:08:06.1337621Z [command]/usr/bin/git config --local --name-only --get-regexp http\.https\:\/\/github\.com\/\.extraheader
2026-10-05T16:08:06.1373256Z [command]/usr/bin/git submodule foreach --recursive sh -c "git config --local --name-only --get-regexp 'http\.https\:\/\/github\.com\/\.extraheader' && git config --local --unset-all 'http.https://github.com/.extraheader' || :"
2026-10-05T16:08:06.1574876Z Removing includeIf entries pointing to credentials config files
2026-10-05T16:08:06.1580343Z [command]/usr/bin/git config --local --name-only --get-regexp ^includeIf\.gitdir:
2026-10-05T16:08:06.1616362Z [command]/usr/bin/git submodule foreach --recursive git config --local --show-origin --name-only --get-regexp remote.origin.url
2026-10-05T16:08:06.1973367Z Cleaning up orphan processes
