2026-10-05T16:21:53.3531687Z Current runner version: '2.337.0'
2026-10-05T16:21:53.3585352Z ##[group]Runner Image Provisioner
2026-10-05T16:21:53.3586456Z Hosted Compute Agent
2026-10-05T16:21:53.3587032Z Version: 20260901.588
2026-10-05T16:21:53.3587651Z Commit: f88ec8081b781fac6c440065ac7ff9e710ce3d0b
2026-10-05T16:21:53.3588570Z Build Date: 2026-09-01T19:56:44Z
2026-10-05T16:21:53.3589258Z Worker ID: {59fb3e77-a9da-4a7b-98f0-57fddb769583}
2026-10-05T16:21:53.3590061Z Azure Region: westcentralus
2026-10-05T16:21:53.3590663Z ##[endgroup]
2026-10-05T16:21:53.3592857Z ##[group]Operating System
2026-10-05T16:21:53.3594099Z Ubuntu
2026-10-05T16:21:53.3594618Z 24.04.5
2026-10-05T16:21:53.3595158Z LTS
2026-10-05T16:21:53.3595695Z ##[endgroup]
2026-10-05T16:21:53.3596230Z ##[group]Runner Image
2026-10-05T16:21:53.3596999Z Image: ubuntu-24.04-arm
2026-10-05T16:21:53.3597594Z Version: 20260927.135.1
2026-10-05T16:21:53.3599020Z Included Software: https://github.com/actions/runner-images/blob/ubuntu24-arm64/20260927.135/images/ubuntu/Ubuntu2404-Arm64-Readme.md
2026-10-05T16:21:53.3600582Z Image Release: https://github.com/actions/runner-images/releases/tag/ubuntu24-arm64%2F20260927.135
2026-10-05T16:21:53.3601699Z ##[endgroup]
2026-10-05T16:21:53.3602799Z ##[group]GITHUB_TOKEN Permissions
2026-10-05T16:21:53.3606290Z Contents: read
2026-10-05T16:21:53.3606896Z Metadata: read
2026-10-05T16:21:53.3607675Z ##[endgroup]
2026-10-05T16:21:53.3610501Z Secret source: Actions
2026-10-05T16:21:53.3611644Z Cache mode: write
2026-10-05T16:21:53.3612612Z Prepare workflow directory
2026-10-05T16:21:53.4241977Z Prepare all required actions
2026-10-05T16:21:53.4295425Z Getting action download info
2026-10-05T16:21:53.8563885Z Download action repository 'actions/checkout@v7' (SHA:3d3c42e5aac5ba805825da76410c181273ba90b1)
2026-10-05T16:21:53.9425316Z Download action repository 'actions/setup-go@b7ad1dad31e06c5925ef5d2fc7ad053ef454303e' (SHA:b7ad1dad31e06c5925ef5d2fc7ad053ef454303e)
2026-10-05T16:21:54.6783509Z Download action repository 'actions/download-artifact@3e5f45b2cfb9172054b4087a40e8e0b5a5461e7c' (SHA:3e5f45b2cfb9172054b4087a40e8e0b5a5461e7c)
2026-10-05T16:21:55.2720666Z Download action repository 'actions/upload-artifact@v7' (SHA:043fb46d1a93c77aae656e7c1c64a875d1fc6a0a)
2026-10-05T16:21:55.4407535Z Complete job name: Test shard (arm64, 0)
2026-10-05T16:21:55.5267708Z ##[group]Run actions/checkout@v7
2026-10-05T16:21:55.5268991Z with:
2026-10-05T16:21:55.5269627Z   persist-credentials: false
2026-10-05T16:21:55.5270349Z   repository: eloqdata/lavik
2026-10-05T16:21:55.5277312Z   token: ***
2026-10-05T16:21:55.5277898Z   ssh-strict: true
2026-10-05T16:21:55.5278495Z   ssh-user: git
2026-10-05T16:21:55.5279071Z   clean: true
2026-10-05T16:21:55.5279686Z   sparse-checkout-cone-mode: true
2026-10-05T16:21:55.5280406Z   fetch-depth: 1
2026-10-05T16:21:55.5281002Z   fetch-tags: false
2026-10-05T16:21:55.5281598Z   show-progress: true
2026-10-05T16:21:55.5282214Z   lfs: false
2026-10-05T16:21:55.5282769Z   submodules: false
2026-10-05T16:21:55.5283574Z   set-safe-directory: true
2026-10-05T16:21:55.5284342Z   allow-unsafe-pr-checkout: false
2026-10-05T16:21:55.5285504Z env:
2026-10-05T16:21:55.5286330Z   PYTHONPATH: /home/runner/work/lavik/lavik/build_ci/test_tools/redis_py
2026-10-05T16:21:55.5287337Z ##[endgroup]
2026-10-05T16:21:55.6197384Z Syncing repository: eloqdata/lavik
2026-10-05T16:21:55.6200135Z ##[group]Getting Git version info
2026-10-05T16:21:55.6201465Z Working directory is '/home/runner/work/lavik/lavik'
2026-10-05T16:21:55.6203418Z [command]/usr/bin/git version
2026-10-05T16:21:55.6264120Z git version 2.55.0
2026-10-05T16:21:55.6334762Z ##[endgroup]
2026-10-05T16:21:55.6342549Z Temporarily overriding HOME='/home/runner/work/_temp/6c16d166-6cca-44e9-9ead-3c70880da457' before making global git config changes
2026-10-05T16:21:55.6345059Z Adding repository directory to the temporary git global config as a safe directory
2026-10-05T16:21:55.6347010Z [command]/usr/bin/git config --global --add safe.directory /home/runner/work/lavik/lavik
2026-10-05T16:21:55.6350458Z Deleting the contents of '/home/runner/work/lavik/lavik'
2026-10-05T16:21:55.6352389Z ##[group]Determining repository object format
2026-10-05T16:21:55.6354442Z ##[endgroup]
2026-10-05T16:21:55.6355918Z ##[group]Initializing the repository
2026-10-05T16:21:55.6357124Z [command]/usr/bin/git init /home/runner/work/lavik/lavik
2026-10-05T16:21:55.6452309Z hint: Using 'master' as the name for the initial branch. This default branch name
2026-10-05T16:21:55.6462257Z hint: will change to "main" in Git 3.0. To configure the initial branch name
2026-10-05T16:21:55.6464552Z hint: to use in all of your new repositories, which will suppress this warning,
2026-10-05T16:21:55.6466104Z hint: call:
2026-10-05T16:21:55.6467364Z hint:
2026-10-05T16:21:55.6468811Z hint: 	git config --global init.defaultBranch <name>
2026-10-05T16:21:55.6470356Z hint:
2026-10-05T16:21:55.6471945Z hint: Names commonly chosen instead of 'master' are 'main', 'trunk' and
2026-10-05T16:21:55.6474106Z hint: 'development'. The just-created branch can be renamed via this command:
2026-10-05T16:21:55.6475989Z hint:
2026-10-05T16:21:55.6477315Z hint: 	git branch -m <name>
2026-10-05T16:21:55.6478856Z hint:
2026-10-05T16:21:55.6480284Z hint: Disable this message with "git config set advice.defaultBranchName false"
2026-10-05T16:21:55.6482286Z Initialized empty Git repository in /home/runner/work/lavik/lavik/.git/
2026-10-05T16:21:55.6486223Z [command]/usr/bin/git remote add origin https://github.com/eloqdata/lavik
2026-10-05T16:21:55.6521284Z ##[endgroup]
2026-10-05T16:21:55.6523386Z ##[group]Disabling automatic garbage collection
2026-10-05T16:21:55.6524896Z [command]/usr/bin/git config --local gc.auto 0
2026-10-05T16:21:55.6555413Z ##[endgroup]
2026-10-05T16:21:55.6557352Z ##[group]Setting up auth
2026-10-05T16:21:55.6558777Z Removing SSH command configuration
2026-10-05T16:21:55.6560676Z [command]/usr/bin/git config --local --name-only --get-regexp core\.sshCommand
2026-10-05T16:21:55.6595858Z [command]/usr/bin/git submodule foreach --recursive sh -c "git config --local --name-only --get-regexp 'core\.sshCommand' && git config --local --unset-all 'core.sshCommand' || :"
2026-10-05T16:21:55.6923419Z Removing HTTP extra header
2026-10-05T16:21:55.6928641Z [command]/usr/bin/git config --local --name-only --get-regexp http\.https\:\/\/github\.com\/\.extraheader
2026-10-05T16:21:55.6960913Z [command]/usr/bin/git submodule foreach --recursive sh -c "git config --local --name-only --get-regexp 'http\.https\:\/\/github\.com\/\.extraheader' && git config --local --unset-all 'http.https://github.com/.extraheader' || :"
2026-10-05T16:21:55.7166782Z Removing includeIf entries pointing to credentials config files
2026-10-05T16:21:55.7172500Z [command]/usr/bin/git config --local --name-only --get-regexp ^includeIf\.gitdir:
2026-10-05T16:21:55.7211030Z [command]/usr/bin/git submodule foreach --recursive git config --local --show-origin --name-only --get-regexp remote.origin.url
2026-10-05T16:21:55.7404100Z [command]/usr/bin/git config --file /home/runner/work/_temp/git-credentials-5bd18506-9835-482f-a724-37acb36212a9.config http.https://github.com/.extraheader AUTHORIZATION: basic ***
2026-10-05T16:21:55.7442426Z [command]/usr/bin/git config --local includeIf.gitdir:/home/runner/work/lavik/lavik/.git.path /home/runner/work/_temp/git-credentials-5bd18506-9835-482f-a724-37acb36212a9.config
2026-10-05T16:21:55.7472158Z [command]/usr/bin/git config --local includeIf.gitdir:/home/runner/work/lavik/lavik/.git/worktrees/*.path /home/runner/work/_temp/git-credentials-5bd18506-9835-482f-a724-37acb36212a9.config
2026-10-05T16:21:55.7507912Z [command]/usr/bin/git config --local includeIf.gitdir:/github/workspace/.git.path /github/runner_temp/git-credentials-5bd18506-9835-482f-a724-37acb36212a9.config
2026-10-05T16:21:55.7540864Z [command]/usr/bin/git config --local includeIf.gitdir:/github/workspace/.git/worktrees/*.path /github/runner_temp/git-credentials-5bd18506-9835-482f-a724-37acb36212a9.config
2026-10-05T16:21:55.7568450Z ##[endgroup]
2026-10-05T16:21:55.7569585Z ##[group]Fetching the repository
2026-10-05T16:21:55.7574989Z [command]/usr/bin/git -c protocol.version=2 fetch --no-tags --prune --no-recurse-submodules --depth=1 origin +7d24948c39f4d9bebccc86df4ab1c1ed51572d35:refs/remotes/pull/275/merge
2026-10-05T16:21:57.4860182Z From https://github.com/eloqdata/lavik
2026-10-05T16:21:57.4861003Z  * [new ref]         7d24948c39f4d9bebccc86df4ab1c1ed51572d35 -> pull/275/merge
2026-10-05T16:21:57.4864091Z ##[endgroup]
2026-10-05T16:21:57.4870054Z ##[group]Determining the checkout info
2026-10-05T16:21:57.4871706Z ##[endgroup]
2026-10-05T16:21:57.4906831Z [command]/usr/bin/git sparse-checkout disable
2026-10-05T16:21:57.4911053Z [command]/usr/bin/git config --local --unset-all extensions.worktreeConfig
2026-10-05T16:21:57.4940506Z ##[group]Checking out the ref
2026-10-05T16:21:57.4943290Z [command]/usr/bin/git checkout --progress --force refs/remotes/pull/275/merge
2026-10-05T16:21:57.6109161Z Note: switching to 'refs/remotes/pull/275/merge'.
2026-10-05T16:21:57.6109612Z
2026-10-05T16:21:57.6109916Z You are in 'detached HEAD' state. You can look around, make experimental
2026-10-05T16:21:57.6110495Z changes and commit them, and you can discard any commits you make in this
2026-10-05T16:21:57.6111114Z state without impacting any branches by switching back to a branch.
2026-10-05T16:21:57.6111480Z
2026-10-05T16:21:57.6111736Z If you want to create a new branch to retain commits you create, you may
2026-10-05T16:21:57.6112267Z do so (now or later) by using -c with the switch command. Example:
2026-10-05T16:21:57.6112576Z
2026-10-05T16:21:57.6112708Z   git switch -c <new-branch-name>
2026-10-05T16:21:57.6113143Z
2026-10-05T16:21:57.6113344Z Or undo this operation with:
2026-10-05T16:21:57.6113600Z
2026-10-05T16:21:57.6113752Z   git switch -
2026-10-05T16:21:57.6113930Z
2026-10-05T16:21:57.6114188Z Turn off this advice by setting config variable advice.detachedHead to false
2026-10-05T16:21:57.6114492Z
2026-10-05T16:21:57.6114893Z HEAD is now at 7d24948 Merge c7c3aa28b701f67d2fb4c4f134830e7cee79aa82 into 5a3903d9b3c0632e3b34e827b779d9daa58455c2
2026-10-05T16:21:57.6128602Z ##[endgroup]
2026-10-05T16:21:57.6155764Z [command]/usr/bin/git log -1 --format=%H
2026-10-05T16:21:57.6179500Z 7d24948c39f4d9bebccc86df4ab1c1ed51572d35
2026-10-05T16:21:57.6193366Z ##[group]Removing auth
2026-10-05T16:21:57.6199673Z Removing SSH command configuration
2026-10-05T16:21:57.6200235Z [command]/usr/bin/git config --local --name-only --get-regexp core\.sshCommand
2026-10-05T16:21:57.6221525Z [command]/usr/bin/git submodule foreach --recursive sh -c "git config --local --name-only --get-regexp 'core\.sshCommand' && git config --local --unset-all 'core.sshCommand' || :"
2026-10-05T16:21:57.6400368Z Removing HTTP extra header
2026-10-05T16:21:57.6402842Z [command]/usr/bin/git config --local --name-only --get-regexp http\.https\:\/\/github\.com\/\.extraheader
2026-10-05T16:21:57.6433116Z [command]/usr/bin/git submodule foreach --recursive sh -c "git config --local --name-only --get-regexp 'http\.https\:\/\/github\.com\/\.extraheader' && git config --local --unset-all 'http.https://github.com/.extraheader' || :"
2026-10-05T16:21:57.6618781Z Removing includeIf entries pointing to credentials config files
2026-10-05T16:21:57.6620670Z [command]/usr/bin/git config --local --name-only --get-regexp ^includeIf\.gitdir:
2026-10-05T16:21:57.6643241Z includeif.gitdir:/home/runner/work/lavik/lavik/.git.path
2026-10-05T16:21:57.6643780Z includeif.gitdir:/home/runner/work/lavik/lavik/.git/worktrees/*.path
2026-10-05T16:21:57.6644213Z includeif.gitdir:/github/workspace/.git.path
2026-10-05T16:21:57.6644677Z includeif.gitdir:/github/workspace/.git/worktrees/*.path
2026-10-05T16:21:57.6651561Z [command]/usr/bin/git config --local --get-all includeif.gitdir:/home/runner/work/lavik/lavik/.git.path
2026-10-05T16:21:57.6675076Z /home/runner/work/_temp/git-credentials-5bd18506-9835-482f-a724-37acb36212a9.config
2026-10-05T16:21:57.6683736Z [command]/usr/bin/git config --local --unset includeif.gitdir:/home/runner/work/lavik/lavik/.git.path \/home\/runner\/work\/_temp\/git\-credentials\-5bd18506\-9835\-482f\-a724\-37acb36212a9\.config
2026-10-05T16:21:57.6717056Z [command]/usr/bin/git config --local --get-all includeif.gitdir:/home/runner/work/lavik/lavik/.git/worktrees/*.path
2026-10-05T16:21:57.6738932Z /home/runner/work/_temp/git-credentials-5bd18506-9835-482f-a724-37acb36212a9.config
2026-10-05T16:21:57.6746869Z [command]/usr/bin/git config --local --unset includeif.gitdir:/home/runner/work/lavik/lavik/.git/worktrees/*.path \/home\/runner\/work\/_temp\/git\-credentials\-5bd18506\-9835\-482f\-a724\-37acb36212a9\.config
2026-10-05T16:21:57.6778548Z [command]/usr/bin/git config --local --get-all includeif.gitdir:/github/workspace/.git.path
2026-10-05T16:21:57.6801262Z /github/runner_temp/git-credentials-5bd18506-9835-482f-a724-37acb36212a9.config
2026-10-05T16:21:57.6808911Z [command]/usr/bin/git config --local --unset includeif.gitdir:/github/workspace/.git.path \/github\/runner_temp\/git\-credentials\-5bd18506\-9835\-482f\-a724\-37acb36212a9\.config
2026-10-05T16:21:57.6841675Z [command]/usr/bin/git config --local --get-all includeif.gitdir:/github/workspace/.git/worktrees/*.path
2026-10-05T16:21:57.6870953Z /github/runner_temp/git-credentials-5bd18506-9835-482f-a724-37acb36212a9.config
2026-10-05T16:21:57.6879857Z [command]/usr/bin/git config --local --unset includeif.gitdir:/github/workspace/.git/worktrees/*.path \/github\/runner_temp\/git\-credentials\-5bd18506\-9835\-482f\-a724\-37acb36212a9\.config
2026-10-05T16:21:57.6913722Z [command]/usr/bin/git submodule foreach --recursive git config --local --show-origin --name-only --get-regexp remote.origin.url
2026-10-05T16:21:57.7096812Z Removing credentials config '/home/runner/work/_temp/git-credentials-5bd18506-9835-482f-a724-37acb36212a9.config'
2026-10-05T16:21:57.7106651Z ##[endgroup]
2026-10-05T16:21:57.7344982Z ##[group]Run actions/setup-go@b7ad1dad31e06c5925ef5d2fc7ad053ef454303e
2026-10-05T16:21:57.7345483Z with:
2026-10-05T16:21:57.7345833Z   go-version-file: raft/go.mod
2026-10-05T16:21:57.7346449Z   cache-dependency-path: raft/go.sum
tests/meta_integration/cluster_client_go/go.sum
tests/meta_integration/sentinel_client_go/go.sum

2026-10-05T16:21:57.7347099Z   check-latest: false
2026-10-05T16:21:57.7349925Z   token: ***
2026-10-05T16:21:57.7350215Z   cache: true
2026-10-05T16:21:57.7350468Z env:
2026-10-05T16:21:57.7350776Z   PYTHONPATH: /home/runner/work/lavik/lavik/build_ci/test_tools/redis_py
2026-10-05T16:21:57.7351201Z ##[endgroup]
2026-10-05T16:21:57.8308742Z Setup go version spec 1.26.8
2026-10-05T16:21:57.8323503Z Found in cache @ /opt/hostedtoolcache/go/1.26.8/arm64
2026-10-05T16:21:57.8325165Z Added go to the path
2026-10-05T16:21:57.8327277Z Successfully set up Go version 1.26.8
2026-10-05T16:21:58.4571431Z [command]/opt/hostedtoolcache/go/1.26.8/arm64/bin/go env GOMODCACHE
2026-10-05T16:21:58.4603654Z [command]/opt/hostedtoolcache/go/1.26.8/arm64/bin/go env GOCACHE
2026-10-05T16:21:58.4630660Z /home/runner/go/pkg/mod
2026-10-05T16:21:58.4664118Z /home/runner/.cache/go-build
2026-10-05T16:21:58.6689691Z Cache hit for: setup-go-Linux-arm64-ubuntu24-arm64-go-1.26.8-52a31333fdbe81b448a90130b1fe6ac14c2f243aba4a731c327db2137c0da2d4
2026-10-05T16:21:59.8684366Z Received 50331648 of 162327702 (31.0%), 48.0 MBs/sec
2026-10-05T16:22:00.7587470Z Received 162327702 of 162327702 (100.0%), 81.9 MBs/sec
2026-10-05T16:22:00.7588098Z Cache Size: ~155 MB (162327702 B)
2026-10-05T16:22:00.7622599Z [command]/usr/bin/tar -xf /home/runner/work/_temp/03f571b0-075f-420a-ae41-bccf20678e39/cache.tzst -P -C /home/runner/work/lavik/lavik --use-compress-program unzstd
2026-10-05T16:22:01.4248243Z Cache restored successfully
2026-10-05T16:22:01.4307961Z Cache restored from key: setup-go-Linux-arm64-ubuntu24-arm64-go-1.26.8-52a31333fdbe81b448a90130b1fe6ac14c2f243aba4a731c327db2137c0da2d4
2026-10-05T16:22:01.4331131Z go version go1.26.8 linux/arm64
2026-10-05T16:22:01.4331352Z
2026-10-05T16:22:01.4331896Z ##[group]go env
2026-10-05T16:22:01.4630785Z AR='ar'
2026-10-05T16:22:01.4631327Z CC='gcc'
2026-10-05T16:22:01.4631988Z CGO_CFLAGS='-O2 -g'
2026-10-05T16:22:01.4632331Z CGO_CPPFLAGS=''
2026-10-05T16:22:01.4632582Z CGO_CXXFLAGS='-O2 -g'
2026-10-05T16:22:01.4632838Z CGO_ENABLED='1'
2026-10-05T16:22:01.4633436Z CGO_FFLAGS='-O2 -g'
2026-10-05T16:22:01.4633707Z CGO_LDFLAGS='-O2 -g'
2026-10-05T16:22:01.4633999Z CXX='g++'
2026-10-05T16:22:01.4634229Z GCCGO='gccgo'
2026-10-05T16:22:01.4634450Z GO111MODULE=''
2026-10-05T16:22:01.4634768Z GOARCH='arm64'
2026-10-05T16:22:01.4634989Z GOARM64='v8.0'
2026-10-05T16:22:01.4635248Z GOAUTH='netrc'
2026-10-05T16:22:01.4635460Z GOBIN=''
2026-10-05T16:22:01.4635746Z GOCACHE='/home/runner/.cache/go-build'
2026-10-05T16:22:01.4636109Z GOCACHEPROG=''
2026-10-05T16:22:01.4636338Z GODEBUG=''
2026-10-05T16:22:01.4636621Z GOENV='/home/runner/.config/go/env'
2026-10-05T16:22:01.4636928Z GOEXE=''
2026-10-05T16:22:01.4637174Z GOEXPERIMENT=''
2026-10-05T16:22:01.4637430Z GOFIPS140='off'
2026-10-05T16:22:01.4637651Z GOFLAGS=''
2026-10-05T16:22:01.4638359Z GOGCCFLAGS='-fPIC -pthread -Wl,--no-gc-sections -fmessage-length=0 -ffile-prefix-map=/tmp/go-build252587415=/tmp/go-build -gno-record-gcc-switches'
2026-10-05T16:22:01.4639026Z GOHOSTARCH='arm64'
2026-10-05T16:22:01.4639290Z GOHOSTOS='linux'
2026-10-05T16:22:01.4639545Z GOINSECURE=''
2026-10-05T16:22:01.4639831Z GOMOD='/dev/null'
2026-10-05T16:22:01.4640141Z GOMODCACHE='/home/runner/go/pkg/mod'
2026-10-05T16:22:01.4640429Z GONOPROXY=''
2026-10-05T16:22:01.4640701Z GONOSUMDB=''
2026-10-05T16:22:01.4640923Z GOOS='linux'
2026-10-05T16:22:01.4641158Z GOPATH='/home/runner/go'
2026-10-05T16:22:01.4641455Z GOPRIVATE=''
2026-10-05T16:22:01.4641761Z GOPROXY='https://proxy.golang.org,direct'
2026-10-05T16:22:01.4642197Z GOROOT='/opt/hostedtoolcache/go/1.26.8/arm64'
2026-10-05T16:22:01.4642555Z GOSUMDB='sum.golang.org'
2026-10-05T16:22:01.4643318Z GOTELEMETRY='local'
2026-10-05T16:22:01.4643770Z GOTELEMETRYDIR='/home/runner/.config/go/telemetry'
2026-10-05T16:22:01.4644105Z GOTMPDIR=''
2026-10-05T16:22:01.4644526Z GOTOOLCHAIN='local'
2026-10-05T16:22:01.4644890Z GOTOOLDIR='/opt/hostedtoolcache/go/1.26.8/arm64/pkg/tool/linux_arm64'
2026-10-05T16:22:01.4645281Z GOVCS=''
2026-10-05T16:22:01.4645549Z GOVERSION='go1.26.8'
2026-10-05T16:22:01.4645829Z GOWORK=''
2026-10-05T16:22:01.4646148Z PKG_CONFIG='pkg-config'
2026-10-05T16:22:01.4646316Z
2026-10-05T16:22:01.4646720Z ##[endgroup]
2026-10-05T16:22:01.4863258Z ##[group]Run sudo apt-get update
2026-10-05T16:22:01.4863775Z [36;1msudo apt-get update[0m
2026-10-05T16:22:01.4864198Z [36;1msudo apt-get install -y --no-install-recommends \[0m
2026-10-05T16:22:01.4864823Z [36;1m  build-essential clang-18 cmake openssl python3 tcl zstd[0m
2026-10-05T16:22:01.4963355Z shell: /usr/bin/bash --noprofile --norc -e -o pipefail {0}
2026-10-05T16:22:01.4963811Z env:
2026-10-05T16:22:01.4964297Z   PYTHONPATH: /home/runner/work/lavik/lavik/build_ci/test_tools/redis_py
2026-10-05T16:22:01.4964778Z   GOTOOLCHAIN: local
2026-10-05T16:22:01.4965025Z ##[endgroup]
2026-10-05T16:22:01.5830005Z Get:1 https://packages.microsoft.com/ubuntu/24.04/prod noble InRelease [3600 B]
2026-10-05T16:22:01.6344988Z Get:2 https://packages.microsoft.com/ubuntu/24.04/prod noble/main arm64 Packages [458 kB]
2026-10-05T16:22:01.6472864Z Get:3 https://packages.microsoft.com/ubuntu/24.04/prod noble/main armhf Packages [12.6 kB]
2026-10-05T16:22:01.6501214Z Get:4 https://packages.microsoft.com/ubuntu/24.04/prod noble/main amd64 Packages [511 kB]
2026-10-05T16:22:01.8978951Z Hit:5 http://ports.ubuntu.com/ubuntu-ports noble InRelease
2026-10-05T16:22:01.9527115Z Get:6 http://ports.ubuntu.com/ubuntu-ports noble-updates InRelease [126 kB]
2026-10-05T16:22:02.1891901Z Get:7 http://ports.ubuntu.com/ubuntu-ports noble-backports InRelease [126 kB]
2026-10-05T16:22:02.3010066Z Get:8 http://ports.ubuntu.com/ubuntu-ports noble-security InRelease [126 kB]
2026-10-05T16:22:02.3767725Z Get:9 http://ports.ubuntu.com/ubuntu-ports noble-updates/main arm64 Packages [1424 kB]
2026-10-05T16:22:02.6338516Z Get:10 http://ports.ubuntu.com/ubuntu-ports noble-updates/main Translation-en [304 kB]
2026-10-05T16:22:02.6991986Z Get:11 http://ports.ubuntu.com/ubuntu-ports noble-updates/main arm64 Components [178 kB]
2026-10-05T16:22:02.7595436Z Get:12 http://ports.ubuntu.com/ubuntu-ports noble-updates/universe arm64 Packages [1736 kB]
2026-10-05T16:22:02.8965894Z Get:13 http://ports.ubuntu.com/ubuntu-ports noble-updates/universe Translation-en [341 kB]
2026-10-05T16:22:02.9571220Z Get:14 http://ports.ubuntu.com/ubuntu-ports noble-updates/universe arm64 Components [387 kB]
2026-10-05T16:22:03.0187894Z Get:15 http://ports.ubuntu.com/ubuntu-ports noble-updates/restricted arm64 Packages [2571 kB]
2026-10-05T16:22:03.1408425Z Get:16 http://ports.ubuntu.com/ubuntu-ports noble-updates/restricted Translation-en [394 kB]
2026-10-05T16:22:03.1995324Z Get:17 http://ports.ubuntu.com/ubuntu-ports noble-backports/main arm64 Components [3568 B]
2026-10-05T16:22:03.2545120Z Get:18 http://ports.ubuntu.com/ubuntu-ports noble-backports/universe arm64 Components [12.6 kB]
2026-10-05T16:22:03.4046886Z Get:19 http://ports.ubuntu.com/ubuntu-ports noble-security/main arm64 Packages [1134 kB]
2026-10-05T16:22:03.4702700Z Get:20 http://ports.ubuntu.com/ubuntu-ports noble-security/main Translation-en [221 kB]
2026-10-05T16:22:03.5269718Z Get:21 http://ports.ubuntu.com/ubuntu-ports noble-security/main arm64 Components [43.3 kB]
2026-10-05T16:22:03.5825585Z Get:22 http://ports.ubuntu.com/ubuntu-ports noble-security/universe arm64 Packages [1286 kB]
2026-10-05T16:22:03.6493365Z Get:23 http://ports.ubuntu.com/ubuntu-ports noble-security/universe Translation-en [244 kB]
2026-10-05T16:22:03.7062812Z Get:24 http://ports.ubuntu.com/ubuntu-ports noble-security/universe arm64 Components [76.3 kB]
2026-10-05T16:22:03.7622459Z Get:25 http://ports.ubuntu.com/ubuntu-ports noble-security/restricted arm64 Packages [2371 kB]
2026-10-05T16:22:03.8403803Z Get:26 http://ports.ubuntu.com/ubuntu-ports noble-security/restricted Translation-en [361 kB]
2026-10-05T16:22:07.3919671Z Fetched 14.5 MB in 2s (5926 kB/s)
2026-10-05T16:22:08.3347609Z Reading package lists...
2026-10-05T16:22:08.3657026Z Reading package lists...
2026-10-05T16:22:08.6214352Z Building dependency tree...
2026-10-05T16:22:08.6219740Z Reading state information...
2026-10-05T16:22:08.8491900Z clang-18 is already the newest version (1:18.1.3-1ubuntu1).
2026-10-05T16:22:08.8493219Z python3 is already the newest version (3.12.3-0ubuntu2.1).
2026-10-05T16:22:08.8493705Z tcl is already the newest version (8.6.14build1).
2026-10-05T16:22:08.8494202Z tcl set to manually installed.
2026-10-05T16:22:08.8494552Z zstd is already the newest version (1.5.5+dfsg2-2build1.1).
2026-10-05T16:22:08.8494990Z zstd set to manually installed.
2026-10-05T16:22:08.8495331Z The following additional packages will be installed:
2026-10-05T16:22:08.8500316Z   cmake-data libjsoncpp25 librhash0 libssl-dev libssl3t64
2026-10-05T16:22:08.8508708Z Suggested packages:
2026-10-05T16:22:08.8509106Z   cmake-doc cmake-format elpa-cmake-mode ninja-build libssl-doc
2026-10-05T16:22:08.8707563Z The following NEW packages will be installed:
2026-10-05T16:22:08.8715014Z   build-essential cmake cmake-data libjsoncpp25 librhash0
2026-10-05T16:22:08.8723606Z The following packages will be upgraded:
2026-10-05T16:22:08.8726941Z   libssl-dev libssl3t64 openssl
2026-10-05T16:22:09.2947799Z 3 upgraded, 5 newly installed, 0 to remove and 24 not upgraded.
2026-10-05T16:22:09.2948335Z Need to get 17.9 MB of archives.
2026-10-05T16:22:09.2948996Z After this operation, 45.0 MB of additional disk space will be used.
2026-10-05T16:22:09.2949698Z Get:1 http://ports.ubuntu.com/ubuntu-ports noble-updates/main arm64 libssl-dev arm64 3.0.13-0ubuntu3.16 [2379 kB]
2026-10-05T16:22:10.9098698Z Get:2 http://ports.ubuntu.com/ubuntu-ports noble-updates/main arm64 libssl3t64 arm64 3.0.13-0ubuntu3.16 [1838 kB]
2026-10-05T16:22:11.2417922Z Get:3 http://ports.ubuntu.com/ubuntu-ports noble-updates/main arm64 openssl arm64 3.0.13-0ubuntu3.16 [985 kB]
2026-10-05T16:22:11.4261239Z Get:4 http://ports.ubuntu.com/ubuntu-ports noble/main arm64 build-essential arm64 12.10ubuntu1 [4932 B]
2026-10-05T16:22:11.5700714Z Get:5 http://ports.ubuntu.com/ubuntu-ports noble/main arm64 libjsoncpp25 arm64 1.9.5-6build1 [78.2 kB]
2026-10-05T16:22:11.7155963Z Get:6 http://ports.ubuntu.com/ubuntu-ports noble/main arm64 librhash0 arm64 1.4.3-3build1 [126 kB]
2026-10-05T16:22:11.8636064Z Get:7 http://ports.ubuntu.com/ubuntu-ports noble/main arm64 cmake-data all 3.28.3-1build7 [2155 kB]
2026-10-05T16:22:12.0983975Z Get:8 http://ports.ubuntu.com/ubuntu-ports noble/main arm64 cmake arm64 3.28.3-1build7 [10.3 MB]
2026-10-05T16:22:12.7590385Z Fetched 17.9 MB in 4s (4925 kB/s)
2026-10-05T16:22:12.7994609Z (Reading database ...
2026-10-05T16:22:12.7995779Z (Reading database ... 5%
2026-10-05T16:22:12.7996102Z (Reading database ... 10%
2026-10-05T16:22:12.7996728Z (Reading database ... 15%
2026-10-05T16:22:12.7997002Z (Reading database ... 20%
2026-10-05T16:22:12.7997289Z (Reading database ... 25%
2026-10-05T16:22:12.7997643Z (Reading database ... 30%
2026-10-05T16:22:12.7997934Z (Reading database ... 35%
2026-10-05T16:22:12.7998308Z (Reading database ... 40%
2026-10-05T16:22:12.7998575Z (Reading database ... 45%
2026-10-05T16:22:12.7998883Z (Reading database ... 50%
2026-10-05T16:22:12.8121215Z (Reading database ... 55%
2026-10-05T16:22:12.9394145Z (Reading database ... 60%
2026-10-05T16:22:13.1261254Z (Reading database ... 65%
2026-10-05T16:22:13.3300188Z (Reading database ... 70%
2026-10-05T16:22:13.5170436Z (Reading database ... 75%
2026-10-05T16:22:13.6271870Z (Reading database ... 80%
2026-10-05T16:22:13.7295061Z (Reading database ... 85%
2026-10-05T16:22:13.8867638Z (Reading database ... 90%
2026-10-05T16:22:13.9820593Z (Reading database ... 95%
2026-10-05T16:22:13.9861104Z (Reading database ... 100%
2026-10-05T16:22:13.9861716Z (Reading database ... 201617 files and directories currently installed.)
2026-10-05T16:22:13.9862238Z Preparing to unpack .../libssl-dev_3.0.13-0ubuntu3.16_arm64.deb ...
2026-10-05T16:22:13.9901545Z Unpacking libssl-dev:arm64 (3.0.13-0ubuntu3.16) over (3.0.13-0ubuntu3.15) ...
2026-10-05T16:22:14.1028242Z Preparing to unpack .../libssl3t64_3.0.13-0ubuntu3.16_arm64.deb ...
2026-10-05T16:22:14.1060529Z Unpacking libssl3t64:arm64 (3.0.13-0ubuntu3.16) over (3.0.13-0ubuntu3.15) ...
2026-10-05T16:22:14.1633564Z Setting up libssl3t64:arm64 (3.0.13-0ubuntu3.16) ...
2026-10-05T16:22:14.1895742Z (Reading database ...
2026-10-05T16:22:14.1896827Z (Reading database ... 5%
2026-10-05T16:22:14.1897619Z (Reading database ... 10%
2026-10-05T16:22:14.1898079Z (Reading database ... 15%
2026-10-05T16:22:14.1898349Z (Reading database ... 20%
2026-10-05T16:22:14.1898602Z (Reading database ... 25%
2026-10-05T16:22:14.1898989Z (Reading database ... 30%
2026-10-05T16:22:14.1899244Z (Reading database ... 35%
2026-10-05T16:22:14.1899534Z (Reading database ... 40%
2026-10-05T16:22:14.1899788Z (Reading database ... 45%
2026-10-05T16:22:14.1900110Z (Reading database ... 50%
2026-10-05T16:22:14.1913388Z (Reading database ... 55%
2026-10-05T16:22:14.2007437Z (Reading database ... 60%
2026-10-05T16:22:14.2028388Z (Reading database ... 65%
2026-10-05T16:22:14.2042071Z (Reading database ... 70%
2026-10-05T16:22:14.2071748Z (Reading database ... 75%
2026-10-05T16:22:14.2090095Z (Reading database ... 80%
2026-10-05T16:22:14.2113366Z (Reading database ... 85%
2026-10-05T16:22:14.2290062Z (Reading database ... 90%
2026-10-05T16:22:14.2455811Z (Reading database ... 95%
2026-10-05T16:22:14.2456299Z (Reading database ... 100%
2026-10-05T16:22:14.2456750Z (Reading database ... 201617 files and directories currently installed.)
2026-10-05T16:22:14.2495991Z Preparing to unpack .../0-openssl_3.0.13-0ubuntu3.16_arm64.deb ...
2026-10-05T16:22:14.2523242Z Unpacking openssl (3.0.13-0ubuntu3.16) over (3.0.13-0ubuntu3.15) ...
2026-10-05T16:22:14.3158592Z Selecting previously unselected package build-essential.
2026-10-05T16:22:14.3358800Z Preparing to unpack .../1-build-essential_12.10ubuntu1_arm64.deb ...
2026-10-05T16:22:14.3370561Z Unpacking build-essential (12.10ubuntu1) ...
2026-10-05T16:22:14.3569520Z Selecting previously unselected package libjsoncpp25:arm64.
2026-10-05T16:22:14.3761515Z Preparing to unpack .../2-libjsoncpp25_1.9.5-6build1_arm64.deb ...
2026-10-05T16:22:14.3772604Z Unpacking libjsoncpp25:arm64 (1.9.5-6build1) ...
2026-10-05T16:22:14.3983836Z Selecting previously unselected package librhash0:arm64.
2026-10-05T16:22:14.4166885Z Preparing to unpack .../3-librhash0_1.4.3-3build1_arm64.deb ...
2026-10-05T16:22:14.4181945Z Unpacking librhash0:arm64 (1.4.3-3build1) ...
2026-10-05T16:22:14.4396064Z Selecting previously unselected package cmake-data.
2026-10-05T16:22:14.4580354Z Preparing to unpack .../4-cmake-data_3.28.3-1build7_all.deb ...
2026-10-05T16:22:14.4647019Z Unpacking cmake-data (3.28.3-1build7) ...
2026-10-05T16:22:14.9638743Z Selecting previously unselected package cmake.
2026-10-05T16:22:14.9838642Z Preparing to unpack .../5-cmake_3.28.3-1build7_arm64.deb ...
2026-10-05T16:22:14.9849619Z Unpacking cmake (3.28.3-1build7) ...
2026-10-05T16:22:15.1619977Z Setting up libssl-dev:arm64 (3.0.13-0ubuntu3.16) ...
2026-10-05T16:22:15.1641496Z Setting up libjsoncpp25:arm64 (1.9.5-6build1) ...
2026-10-05T16:22:15.1659474Z Setting up librhash0:arm64 (1.4.3-3build1) ...
2026-10-05T16:22:15.1678046Z Setting up build-essential (12.10ubuntu1) ...
2026-10-05T16:22:15.1693847Z Setting up cmake-data (3.28.3-1build7) ...
2026-10-05T16:22:15.1746711Z Setting up openssl (3.0.13-0ubuntu3.16) ...
2026-10-05T16:22:15.1785830Z Setting up cmake (3.28.3-1build7) ...
2026-10-05T16:22:15.1810168Z Processing triggers for man-db (2.12.0-4build2) ...
2026-10-05T16:22:15.1832133Z Not building database; man-db/auto-update is not 'true'.
2026-10-05T16:22:15.1845269Z Processing triggers for libc-bin (2.39-0ubuntu8.9) ...
2026-10-05T16:22:17.2822466Z
2026-10-05T16:22:17.2823246Z Running kernel seems to be up-to-date.
2026-10-05T16:22:17.2823654Z
2026-10-05T16:22:17.2823791Z Restarting services...
2026-10-05T16:22:17.3184870Z  /etc/needrestart/restart.d/systemd-manager
2026-10-05T16:22:17.5635238Z  systemctl restart packagekit.service php8.3-fpm.service systemd-journald.service systemd-networkd.service systemd-resolved.service systemd-udevd.service udisks2.service
2026-10-05T16:22:17.7979048Z
2026-10-05T16:22:17.7979920Z Service restarts being deferred:
2026-10-05T16:22:17.7980656Z  systemctl restart hosted-compute-agent.service
2026-10-05T16:22:17.7981472Z  systemctl restart systemd-logind.service
2026-10-05T16:22:17.7981833Z  systemctl restart walinuxagent.service
2026-10-05T16:22:17.7982096Z
2026-10-05T16:22:17.7982225Z No containers need to be restarted.
2026-10-05T16:22:17.7982454Z
2026-10-05T16:22:17.7982591Z User sessions running outdated binaries:
2026-10-05T16:22:17.7983235Z  runner @ user manager service: systemd[1355]
2026-10-05T16:22:17.8137049Z
2026-10-05T16:22:17.8156124Z No VM guests are running outdated hypervisor (qemu) binaries on this host.
2026-10-05T16:22:18.8719116Z ##[group]Run actions/download-artifact@3e5f45b2cfb9172054b4087a40e8e0b5a5461e7c
2026-10-05T16:22:18.8719712Z with:
2026-10-05T16:22:18.8719972Z   name: ci-build-arm64
2026-10-05T16:22:18.8720331Z   path: /home/runner/work/_temp/ci-build
2026-10-05T16:22:18.8720621Z   merge-multiple: false
2026-10-05T16:22:18.8720857Z   repository: eloqdata/lavik
2026-10-05T16:22:18.8721162Z   run-id: 37339320997
2026-10-05T16:22:18.8721389Z   skip-decompress: false
2026-10-05T16:22:18.8721709Z   digest-mismatch: error
2026-10-05T16:22:18.8721944Z env:
2026-10-05T16:22:18.8722297Z   PYTHONPATH: /home/runner/work/lavik/lavik/build_ci/test_tools/redis_py
2026-10-05T16:22:18.8722692Z   GOTOOLCHAIN: local
2026-10-05T16:22:18.8722914Z ##[endgroup]
2026-10-05T16:22:18.9803678Z Downloading single artifact
2026-10-05T16:22:19.2191915Z Preparing to download the following artifacts:
2026-10-05T16:22:19.2193174Z - ci-build-arm64 (ID: 11358320435, Size: 701865873, Expected Digest: sha256:178fe2ca6728fd1acb750b182394871d1d4b34bd0da2d53afa9f56bc933a4022)
2026-10-05T16:22:19.6738778Z Redirecting to blob download url: https://productionresultssa5.blob.core.windows.net/actions-results/07fdc584-1b97-84a4-a2d2-7c7ba884225d/workflow-job-run-ef5d6b8d-a1ce-585b-8271-2e35afb5591a/artifacts/7bb5f06eea2576c73442d51f5183ca756bff64318b614cf43b2784045c2b3a2c.zip
2026-10-05T16:22:19.6740396Z Starting download of artifact to: /home/runner/work/_temp/ci-build
2026-10-05T16:22:19.9471314Z (node:3107) [DEP0005] DeprecationWarning: Buffer() is deprecated due to security and usability issues. Please use the Buffer.alloc(), Buffer.allocUnsafe(), or Buffer.from() methods instead.
2026-10-05T16:22:19.9472590Z (Use `node --trace-deprecation ...` to show where the warning was created)
2026-10-05T16:22:38.2174863Z SHA256 digest of downloaded artifact is 178fe2ca6728fd1acb750b182394871d1d4b34bd0da2d53afa9f56bc933a4022
2026-10-05T16:22:38.2175510Z Artifact download completed successfully.
2026-10-05T16:22:38.2176218Z Total of 1 artifact(s) downloaded
2026-10-05T16:22:38.2181202Z Download artifact has finished successfully
2026-10-05T16:22:38.2315025Z ##[group]Run tar --zstd -xf "$RUNNER_TEMP/ci-build/ci-build.tar.zst"
2026-10-05T16:22:38.2315696Z [36;1mtar --zstd -xf "$RUNNER_TEMP/ci-build/ci-build.tar.zst"[0m
2026-10-05T16:22:38.2316253Z [36;1mpython3 scripts/ci_build_bundle.py validate build_ci[0m
2026-10-05T16:22:38.2316742Z [36;1mecho "$GITHUB_WORKSPACE/build_ci/test_tools/redis" >> "$GITHUB_PATH"[0m
2026-10-05T16:22:38.2317273Z [36;1mecho "$GITHUB_WORKSPACE/build_ci/test_tools/redis-shake" >> "$GITHUB_PATH"[0m
2026-10-05T16:22:38.2354391Z shell: /usr/bin/bash --noprofile --norc -e -o pipefail {0}
2026-10-05T16:22:38.2354974Z env:
2026-10-05T16:22:38.2355320Z   PYTHONPATH: /home/runner/work/lavik/lavik/build_ci/test_tools/redis_py
2026-10-05T16:22:38.2355761Z   GOTOOLCHAIN: local
2026-10-05T16:22:38.2356054Z ##[endgroup]
2026-10-05T16:22:44.4502599Z Validated /home/runner/work/lavik/lavik/build_ci: 1746 CTest cases
2026-10-05T16:22:44.4607581Z ##[group]Run sudo sysctl -w kernel.io_uring_disabled=0
2026-10-05T16:22:44.4608166Z [36;1msudo sysctl -w kernel.io_uring_disabled=0[0m
2026-10-05T16:22:44.4608609Z [36;1msudo install -d -o "$(id -u)" -g "$(id -g)" /mnt/dev[0m
2026-10-05T16:22:44.4644326Z shell: /usr/bin/bash --noprofile --norc -e -o pipefail {0}
2026-10-05T16:22:44.4644732Z env:
2026-10-05T16:22:44.4645089Z   PYTHONPATH: /home/runner/work/lavik/lavik/build_ci/test_tools/redis_py
2026-10-05T16:22:44.4645547Z   GOTOOLCHAIN: local
2026-10-05T16:22:44.4645803Z ##[endgroup]
2026-10-05T16:22:44.4775453Z kernel.io_uring_disabled = 0
2026-10-05T16:22:44.4902120Z ##[group]Run sudo prlimit --pid "$$" --memlock=unlimited
2026-10-05T16:22:44.4902651Z [36;1msudo prlimit --pid "$$" --memlock=unlimited[0m
2026-10-05T16:22:44.4903540Z [36;1m# Each shard has an isolated VM and remains serial internally, so[0m
2026-10-05T16:22:44.4904058Z [36;1m# fixed ports, large fixtures, and timing-sensitive faults cannot race.[0m
2026-10-05T16:22:44.4904644Z [36;1mscratch_image=$(mktemp "$RUNNER_TEMP/lavik-ci-gate.XXXXXX")[0m
2026-10-05T16:22:44.4905030Z [36;1mscratch_device=[0m
2026-10-05T16:22:44.4905339Z [36;1mcleanup() {[0m
2026-10-05T16:22:44.4905650Z [36;1m  if [[ -n "$scratch_device" ]]; then[0m
2026-10-05T16:22:44.4905985Z [36;1m    sudo losetup --detach "$scratch_device"[0m
2026-10-05T16:22:44.4906357Z [36;1m  fi[0m
2026-10-05T16:22:44.4906608Z [36;1m  rm -f -- "$scratch_image"[0m
2026-10-05T16:22:44.4906925Z [36;1m}[0m
2026-10-05T16:22:44.4907154Z [36;1mtrap cleanup EXIT[0m
2026-10-05T16:22:44.4907527Z [36;1mtruncate -s 16M "$scratch_image"[0m
2026-10-05T16:22:44.4907926Z [36;1mscratch_device=$(sudo losetup --find --show "$scratch_image")[0m
2026-10-05T16:22:44.4908407Z [36;1mexport LAVIK_CLUSTER_HARDWARE_OPT_IN=1[0m
2026-10-05T16:22:44.4908800Z [36;1mexport LAVIK_CLUSTER_SCRATCH_DEVICE="$scratch_device"[0m
2026-10-05T16:22:44.4909335Z [36;1m./scripts/run_ci_tests.sh build_ci --shard-index "$SHARD_INDEX" --shard-count 6[0m
2026-10-05T16:22:44.4941935Z shell: /usr/bin/bash --noprofile --norc -e -o pipefail {0}
2026-10-05T16:22:44.4942309Z env:
2026-10-05T16:22:44.4942632Z   PYTHONPATH: /home/runner/work/lavik/lavik/build_ci/test_tools/redis_py
2026-10-05T16:22:44.4943604Z   GOTOOLCHAIN: local
2026-10-05T16:22:44.4943843Z   SHARD_INDEX: 0
2026-10-05T16:22:44.4944117Z ##[endgroup]
2026-10-05T16:22:45.0240920Z Discovered 1746 CTest cases and 4 external suites; inventory fd69d883759a7cc6e54b88cb124bff9a05a5bb5c7a7809761ee0ceed6ba0418f
2026-10-05T16:22:45.0241632Z Shard 0/6: 274 items, estimated 30.0 minutes
2026-10-05T16:22:45.0242184Z Shard 1/6: 301 items, estimated 30.0 minutes
2026-10-05T16:22:45.0242562Z Shard 2/6: 276 items, estimated 30.0 minutes
2026-10-05T16:22:45.0243148Z Shard 3/6: 276 items, estimated 30.0 minutes
2026-10-05T16:22:45.0243529Z Shard 4/6: 324 items, estimated 30.0 minutes
2026-10-05T16:22:45.0243906Z Shard 5/6: 299 items, estimated 30.0 minutes
2026-10-05T16:22:45.0244450Z Selected shard 0; full manifest: /home/runner/work/lavik/lavik/build_ci/test-results/shard-0-of-6/plan.json
2026-10-05T16:22:45.0317632Z Internal ctest changing into directory: /home/runner/work/lavik/lavik/build_ci
2026-10-05T16:22:45.0318808Z Test project /home/runner/work/lavik/lavik/build_ci
2026-10-05T16:22:45.0772589Z         Start    8: cluster_model.LftTraceTest.ActionCodecPreservesTypedArgumentsAndPayload
2026-10-05T16:22:45.0795704Z   1/274 Test    #8: cluster_model.LftTraceTest.ActionCodecPreservesTypedArgumentsAndPayload ............................................................................................   Passed    0.00 sec
2026-10-05T16:22:45.0797103Z         Start   11: cluster_model.ScenarioRunnerTest.GoodScenarioExploresAndReplaysDistinctSchedules
2026-10-05T16:22:45.5299672Z   2/274 Test   #11: cluster_model.ScenarioRunnerTest.GoodScenarioExploresAndReplaysDistinctSchedules ...................................................................................   Passed    0.45 sec
2026-10-05T16:22:45.5301423Z         Start   16: cluster_model.ClusterInvariantTest.AcceptsDirectiveForTheAssignedReplicationGroup
2026-10-05T16:22:45.5324089Z   3/274 Test   #16: cluster_model.ClusterInvariantTest.AcceptsDirectiveForTheAssignedReplicationGroup ..................................................................................   Passed    0.00 sec
2026-10-05T16:22:45.5325975Z         Start   17: cluster_model.ClusterInvariantTest.RejectsDestructiveResetWithoutSafeSource
2026-10-05T16:22:45.5346081Z   4/274 Test   #17: cluster_model.ClusterInvariantTest.RejectsDestructiveResetWithoutSafeSource ........................................................................................   Passed    0.00 sec
2026-10-05T16:22:45.5347472Z         Start   23: cluster_model.ClusterInvariantTest.RejectsRetryAfterPopulationFailedStopped
2026-10-05T16:22:45.5366340Z   5/274 Test   #23: cluster_model.ClusterInvariantTest.RejectsRetryAfterPopulationFailedStopped ........................................................................................   Passed    0.00 sec
2026-10-05T16:22:45.5368258Z         Start   33: cluster_model.RequiredFaults/CounterexampleTest.GeneratesReplaysAndMinimizesStableFinding/(1-byte object <03>, "replication.reparent-requires-complete-history")
2026-10-05T16:22:45.5392359Z   6/274 Test   #33: cluster_model.RequiredFaults/CounterexampleTest.GeneratesReplaysAndMinimizesStableFinding/(1-byte object <03>, "replication.reparent-requires-complete-history") ...   Passed    0.00 sec
2026-10-05T16:22:45.5393849Z         Start   44: cluster_status.ClusterCreateManifestTest.ParsesStrictBootstrapPolicyOverrides
2026-10-05T16:22:45.5429821Z   7/274 Test   #44: cluster_status.ClusterCreateManifestTest.ParsesStrictBootstrapPolicyOverrides ......................................................................................   Passed    0.00 sec
2026-10-05T16:22:45.5431285Z         Start   50: cluster_status.ClusterCreateManifestTest.SentinelRegistrationRequiresUniqueUsableRoutesAndSingleCoverage
2026-10-05T16:22:45.5465216Z   8/274 Test   #50: cluster_status.ClusterCreateManifestTest.SentinelRegistrationRequiresUniqueUsableRoutesAndSingleCoverage ...........................................................   Passed    0.00 sec
2026-10-05T16:22:45.5468409Z         Start   53: cluster_status.ClusterCreateManifestTest.RejectsInvalidReplicaMembership
2026-10-05T16:22:45.5494829Z   9/274 Test   #53: cluster_status.ClusterCreateManifestTest.RejectsInvalidReplicaMembership ...........................................................................................   Passed    0.00 sec
2026-10-05T16:22:45.5496429Z         Start   62: cluster_status.ClusterCreateOperatorTest.RejectsActiveCreateBeforeMutation
2026-10-05T16:22:45.5521770Z  10/274 Test   #62: cluster_status.ClusterCreateOperatorTest.RejectsActiveCreateBeforeMutation .........................................................................................   Passed    0.00 sec
2026-10-05T16:22:45.5523099Z         Start   67: cluster_status.MetaClusterStatusWireTest.RoundTripsStrictBoundedV1Messages
2026-10-05T16:22:45.5546316Z  11/274 Test   #67: cluster_status.MetaClusterStatusWireTest.RoundTripsStrictBoundedV1Messages .........................................................................................   Passed    0.00 sec
2026-10-05T16:22:45.5548303Z         Start   70: cluster_status.MetaClusterStatusWireTest.AllowsBlockedPrePolicyDiagnosticsForNonPristineGroup
2026-10-05T16:22:45.5569641Z  12/274 Test   #70: cluster_status.MetaClusterStatusWireTest.AllowsBlockedPrePolicyDiagnosticsForNonPristineGroup ......................................................................   Passed    0.00 sec
2026-10-05T16:22:45.5571180Z         Start   75: cluster_status.MetaClusterStatusOperatorTest.LearnedTcpRequiresExplicitSecurityMode
2026-10-05T16:22:45.5592481Z  13/274 Test   #75: cluster_status.MetaClusterStatusOperatorTest.LearnedTcpRequiresExplicitSecurityMode ................................................................................   Passed    0.00 sec
2026-10-05T16:22:45.5593932Z         Start   77: cluster_status.MetaClusterStatusOperatorTest.TypedBusyExpiresAsRetryable
2026-10-05T16:22:45.5736593Z  14/274 Test   #77: cluster_status.MetaClusterStatusOperatorTest.TypedBusyExpiresAsRetryable ...........................................................................................   Passed    0.01 sec
2026-10-05T16:22:45.5738263Z         Start   89: cluster_status.MetaFailoverOperatorTest.SubmitsStableRequestToTheDiscoveredLeaderAndReportsCommit
2026-10-05T16:22:45.5762886Z  15/274 Test   #89: cluster_status.MetaFailoverOperatorTest.SubmitsStableRequestToTheDiscoveredLeaderAndReportsCommit ..................................................................   Passed    0.00 sec
2026-10-05T16:22:45.5764536Z         Start   99: meta.MetaDataControlLifecycleDeathTest.RejectedActiveShutdownNotificationFailsStop
2026-10-05T16:22:46.2226067Z  16/274 Test   #99: meta.MetaDataControlLifecycleDeathTest.RejectedActiveShutdownNotificationFailsStop .................................................................................   Passed    0.65 sec
2026-10-05T16:22:46.2227559Z         Start  100: meta.MetaProposalViewDeathTest.UncapturedAndWrongKeyQueriesNeverMeanAbsent
2026-10-05T16:22:49.0087076Z  17/274 Test  #100: meta.MetaProposalViewDeathTest.UncapturedAndWrongKeyQueriesNeverMeanAbsent .........................................................................................   Passed    2.79 sec
2026-10-05T16:22:49.0088561Z         Start  101: meta.MetaAutomaticFailoverStateMachineTest.DeferredTriggerPreservesDebounceUntilCommittedCutIsConfirmed
2026-10-05T16:22:49.0153160Z  18/274 Test  #101: meta.MetaAutomaticFailoverStateMachineTest.DeferredTriggerPreservesDebounceUntilCommittedCutIsConfirmed ............................................................   Passed    0.01 sec
2026-10-05T16:22:49.0155035Z         Start  106: meta.MetaAutomaticFailoverStateMachineTest.LeadershipEligibilityLossAndRegainBothResetElapsedTime
2026-10-05T16:22:49.0221977Z  19/274 Test  #106: meta.MetaAutomaticFailoverStateMachineTest.LeadershipEligibilityLossAndRegainBothResetElapsedTime ..................................................................   Passed    0.01 sec
2026-10-05T16:22:49.0223733Z         Start  127: meta.MetaAutomaticFailoverReconcilerTest.FailureReasonChangeImmediatelyBeforeAppendPreservesAdmission
2026-10-05T16:22:49.8264429Z  20/274 Test  #127: meta.MetaAutomaticFailoverReconcilerTest.FailureReasonChangeImmediatelyBeforeAppendPreservesAdmission ..............................................................   Passed    0.80 sec
2026-10-05T16:22:49.8266242Z         Start  129: meta.MetaAutomaticFailoverReconcilerTest.AutomaticBeginAtomicallyPreemptsPristineControlledRequest
2026-10-05T16:22:53.1114169Z  21/274 Test  #129: meta.MetaAutomaticFailoverReconcilerTest.AutomaticBeginAtomicallyPreemptsPristineControlledRequest .................................................................   Passed    3.28 sec
2026-10-05T16:22:53.1116005Z         Start  130: meta.MetaAutomaticFailoverReconcilerTest.OrdinaryHeartbeatsCannotKeepMissingCausalConfirmationPendingForever
2026-10-05T16:22:54.1168074Z  22/274 Test  #130: meta.MetaAutomaticFailoverReconcilerTest.OrdinaryHeartbeatsCannotKeepMissingCausalConfirmationPendingForever .......................................................   Passed    1.00 sec
2026-10-05T16:22:54.1169607Z         Start  131: meta.MetaAutomaticFailoverReconcilerTest.StaleProjectionCannotHideKnownExpiredOwnerLease
2026-10-05T16:22:55.0822715Z  23/274 Test  #131: meta.MetaAutomaticFailoverReconcilerTest.StaleProjectionCannotHideKnownExpiredOwnerLease ...........................................................................   Passed    0.97 sec
2026-10-05T16:22:55.0824164Z         Start  140: meta.ClusterCreateV1RecoveryTest.CapturePreservesExtraDataAndGroupsForRejection
2026-10-05T16:22:55.9014646Z  24/274 Test  #140: meta.ClusterCreateV1RecoveryTest.CapturePreservesExtraDataAndGroupsForRejection ....................................................................................   Passed    0.82 sec
2026-10-05T16:22:55.9016307Z         Start  146: meta.ClusterCreateV1RecoveryTest.InstallsRecoveryPolicyBeforeDataTopology
2026-10-05T16:22:56.5997753Z  25/274 Test  #146: meta.ClusterCreateV1RecoveryTest.InstallsRecoveryPolicyBeforeDataTopology ..........................................................................................   Passed    0.70 sec
2026-10-05T16:22:56.5999397Z         Start  148: meta.ClusterCreateV1RecoveryTest.PreservesValidPoliciesPreseededBeforeBootstrap
2026-10-05T16:22:57.2635238Z  26/274 Test  #148: meta.ClusterCreateV1RecoveryTest.PreservesValidPoliciesPreseededBeforeBootstrap ....................................................................................   Passed    0.66 sec
2026-10-05T16:22:57.2636860Z         Start  151: meta.ClusterCreateV1RecoveryTest.WaitsForCurrentSourceLeaseBeforeReplicaRebuild
2026-10-05T16:22:58.6089826Z  27/274 Test  #151: meta.ClusterCreateV1RecoveryTest.WaitsForCurrentSourceLeaseBeforeReplicaRebuild ....................................................................................   Passed    1.35 sec
2026-10-05T16:22:58.6091121Z         Start  152: meta.ClusterCreateV1RecoveryTest.SlowReplicaDoesNotBlockIndependentGroup
2026-10-05T16:23:00.3453426Z  28/274 Test  #152: meta.ClusterCreateV1RecoveryTest.SlowReplicaDoesNotBlockIndependentGroup ...........................................................................................   Passed    1.74 sec
2026-10-05T16:23:00.3455397Z         Start  180: meta.MembershipRecoveryTest.DoesNotUndoChangedConfiguration
2026-10-05T16:23:00.3968890Z  29/274 Test  #180: meta.MembershipRecoveryTest.DoesNotUndoChangedConfiguration ........................................................................................................   Passed    0.05 sec
2026-10-05T16:23:00.3970233Z         Start  182: meta.MembershipRecoveryTest.RejectsConcurrentCreationAndMembershipAtApply
2026-10-05T16:23:00.4205087Z  30/274 Test  #182: meta.MembershipRecoveryTest.RejectsConcurrentCreationAndMembershipAtApply ..........................................................................................   Passed    0.02 sec
2026-10-05T16:23:00.4206472Z         Start  188: meta.MetaCoordinatorComponentTest.CommitRevalidationPurgesRetiredNodeWithoutSubscribers
2026-10-05T16:23:00.4337251Z  31/274 Test  #188: meta.MetaCoordinatorComponentTest.CommitRevalidationPurgesRetiredNodeWithoutSubscribers ............................................................................   Passed    0.01 sec
2026-10-05T16:23:00.4338732Z         Start  192: meta.MetaCoordinatorComponentTest.SubscriptionHandleDestroyUnsubscribesAndWaitsInFlight
2026-10-05T16:23:00.6110070Z  32/274 Test  #192: meta.MetaCoordinatorComponentTest.SubscriptionHandleDestroyUnsubscribesAndWaitsInFlight ............................................................................   Passed    0.18 sec
2026-10-05T16:23:00.6111417Z         Start  197: meta.MetaCoordinatorServerTest.AttachedCoordinatorRequiresContinuationExecutor
2026-10-05T16:23:00.6341061Z  33/274 Test  #197: meta.MetaCoordinatorServerTest.AttachedCoordinatorRequiresContinuationExecutor .....................................................................................   Passed    0.02 sec
2026-10-05T16:23:00.6343927Z         Start  200: meta.MetaCoordinatorServerTest.FailSafeSnapshotFailureGate
2026-10-05T16:23:00.9119246Z  34/274 Test  #200: meta.MetaCoordinatorServerTest.FailSafeSnapshotFailureGate .........................................................................................................   Passed    0.28 sec
2026-10-05T16:23:00.9120515Z         Start  212: meta.MetaCoordinatorServerTest.ReconcilerStartCancelRestartIsIdempotent
2026-10-05T16:23:01.3993855Z  35/274 Test  #212: meta.MetaCoordinatorServerTest.ReconcilerStartCancelRestartIsIdempotent ............................................................................................   Passed    0.49 sec
2026-10-05T16:23:01.3995136Z         Start  216: meta.MetaCandidatePlanTest.IncomparableMaximaMinimizeEnvelopeDeficit
2026-10-05T16:23:01.4064563Z  36/274 Test  #216: meta.MetaCandidatePlanTest.IncomparableMaximaMinimizeEnvelopeDeficit ...............................................................................................   Passed    0.01 sec
2026-10-05T16:23:01.4065842Z         Start  221: meta.MetaCandidatePlanTest.UncontrolledSameTermDomainsUseCanonicalDomainIdentity
2026-10-05T16:23:01.4133729Z  37/274 Test  #221: meta.MetaCandidatePlanTest.UncontrolledSameTermDomainsUseCanonicalDomainIdentity ...................................................................................   Passed    0.01 sec
2026-10-05T16:23:01.4136665Z         Start  227: meta.MetaControlProjector.ProjectsCompleteCanonicalStateForOneNode
2026-10-05T16:23:01.4286358Z  38/274 Test  #227: meta.MetaControlProjector.ProjectsCompleteCanonicalStateForOneNode .................................................................................................   Passed    0.01 sec
2026-10-05T16:23:01.4287694Z         Start  231: meta.MetaControlProjector.EnablesSteadyReplicationOnlyAfterClusterCreationCompletes
2026-10-05T16:23:01.4461494Z  39/274 Test  #231: meta.MetaControlProjector.EnablesSteadyReplicationOnlyAfterClusterCreationCompletes ................................................................................   Passed    0.02 sec
2026-10-05T16:23:01.4462882Z         Start  247: meta.MetaDataControlRuntimeStatusTest.UnregisteredRetryEvidenceIsBounded
2026-10-05T16:23:01.4639234Z  40/274 Test  #247: meta.MetaDataControlRuntimeStatusTest.UnregisteredRetryEvidenceIsBounded ...........................................................................................   Passed    0.02 sec
2026-10-05T16:23:01.4640909Z         Start  255: meta.MetaDataControlLeaseTest.NewAuthorityWaitsOutPriorLeaseAndEqualSafetyMarginBeforeGrant
2026-10-05T16:23:01.4709086Z  41/274 Test  #255: meta.MetaDataControlLeaseTest.NewAuthorityWaitsOutPriorLeaseAndEqualSafetyMarginBeforeGrant ........................................................................   Passed    0.01 sec
2026-10-05T16:23:01.4710467Z         Start  262: meta.MetaDataControlLeaseTest.InvalidChallengeDoesNotBecomeAGrant
2026-10-05T16:23:01.4780395Z  42/274 Test  #262: meta.MetaDataControlLeaseTest.InvalidChallengeDoesNotBecomeAGrant ..................................................................................................   Passed    0.01 sec
2026-10-05T16:23:01.4781999Z         Start  269: meta.MetaDataControlProjectionLimitTest.BatchWeightIncludesOwnedCapacities
2026-10-05T16:23:01.4847888Z  43/274 Test  #269: meta.MetaDataControlProjectionLimitTest.BatchWeightIncludesOwnedCapacities .........................................................................................   Passed    0.01 sec
2026-10-05T16:23:01.4849295Z         Start  278: meta.MetaDataControlFenceTest.ChunkBoundaryCheckSelectsEachSupersededAnchorOnce
2026-10-05T16:23:01.4913742Z  44/274 Test  #278: meta.MetaDataControlFenceTest.ChunkBoundaryCheckSelectsEachSupersededAnchorOnce ....................................................................................   Passed    0.01 sec
2026-10-05T16:23:01.4915413Z         Start  284: meta.MetaHeartbeatObservationTest.LeaseOnlyHeartbeatRetainsOperatorRecoveryWithoutRefreshingExpiry
2026-10-05T16:23:01.4981200Z  45/274 Test  #284: meta.MetaHeartbeatObservationTest.LeaseOnlyHeartbeatRetainsOperatorRecoveryWithoutRefreshingExpiry .................................................................   Passed    0.01 sec
2026-10-05T16:23:01.4982858Z         Start  288: meta.MetaFailoverTransitionApply.BeginUncontrolledWithoutCandidateAtomicallyFencesAndPersists
2026-10-05T16:23:01.5110296Z  46/274 Test  #288: meta.MetaFailoverTransitionApply.BeginUncontrolledWithoutCandidateAtomicallyFencesAndPersists ......................................................................   Passed    0.01 sec
2026-10-05T16:23:01.5111921Z         Start  289: meta.MetaFailoverTransitionApply.AutomaticBeginAtomicallyPreemptsPristineControlledRequest
2026-10-05T16:23:01.5199831Z  47/274 Test  #289: meta.MetaFailoverTransitionApply.AutomaticBeginAtomicallyPreemptsPristineControlledRequest .........................................................................   Passed    0.01 sec
2026-10-05T16:23:01.5201515Z         Start  299: meta.MetaFailoverTransitionApply.BeginUncontrolledRejectsOperationCleanupPartialStateWithoutRepair
2026-10-05T16:23:01.5287828Z  48/274 Test  #299: meta.MetaFailoverTransitionApply.BeginUncontrolledRejectsOperationCleanupPartialStateWithoutRepair .................................................................   Passed    0.01 sec
2026-10-05T16:23:01.5289757Z         Start  308: meta.MetaFailoverTransitionW2.ControlledBeginPersistsTransitionWithoutChangingAuthority
2026-10-05T16:23:01.5383457Z  49/274 Test  #308: meta.MetaFailoverTransitionW2.ControlledBeginPersistsTransitionWithoutChangingAuthority ............................................................................   Passed    0.01 sec
2026-10-05T16:23:01.5384941Z         Start  313: meta.MetaFailoverTransitionW2.PostBeginTypedAbortAtomicallyClearsTransitionAndRejectsPartialRepair
2026-10-05T16:23:01.5488158Z  50/274 Test  #313: meta.MetaFailoverTransitionW2.PostBeginTypedAbortAtomicallyClearsTransitionAndRejectsPartialRepair .................................................................   Passed    0.01 sec
2026-10-05T16:23:01.5489664Z         Start  321: meta.MetaFailoverAggregateRevision.RestoreRejectsCreatedClusterMissingEitherRequiredCurrentPolicy
2026-10-05T16:23:01.5632560Z  51/274 Test  #321: meta.MetaFailoverAggregateRevision.RestoreRejectsCreatedClusterMissingEitherRequiredCurrentPolicy ..................................................................   Passed    0.01 sec
2026-10-05T16:23:01.5634344Z         Start  324: meta.MetaFailoverObservationStore.SourceDisconnectRetainsExactObservationOnlyThroughIndependentGrace
2026-10-05T16:23:01.5702077Z  52/274 Test  #324: meta.MetaFailoverObservationStore.SourceDisconnectRetainsExactObservationOnlyThroughIndependentGrace ...............................................................   Passed    0.01 sec
2026-10-05T16:23:01.5703709Z         Start  337: meta.MetaFailoverReconcilerPlannerTest.ControlledCandidateDisconnectAbortsWhileSourceIsHealthy
2026-10-05T16:23:01.5881470Z  53/274 Test  #337: meta.MetaFailoverReconcilerPlannerTest.ControlledCandidateDisconnectAbortsWhileSourceIsHealthy .....................................................................   Passed    0.02 sec
2026-10-05T16:23:01.5883490Z         Start  344: meta.MetaFailoverReconcilerPlannerTest.MatchingPreparedFromNewSessionDoesNotReviveDisconnectedAction
2026-10-05T16:23:01.6109665Z  54/274 Test  #344: meta.MetaFailoverReconcilerPlannerTest.MatchingPreparedFromNewSessionDoesNotReviveDisconnectedAction ...............................................................   Passed    0.02 sec
2026-10-05T16:23:01.6111268Z         Start  348: meta.MetaFailoverReconcilerPlannerTest.ControlledSourceDisconnectWaitsGraceThenDegradesAndClearsCandidate
2026-10-05T16:23:01.6331945Z  55/274 Test  #348: meta.MetaFailoverReconcilerPlannerTest.ControlledSourceDisconnectWaitsGraceThenDegradesAndClearsCandidate ..........................................................   Passed    0.02 sec
2026-10-05T16:23:01.6333886Z         Start  354: meta.MetaFailoverReconcilerPlannerTest.SubmittedControlledFailuresUseTypedPreBeginAbort
2026-10-05T16:23:01.6616091Z  56/274 Test  #354: meta.MetaFailoverReconcilerPlannerTest.SubmittedControlledFailuresUseTypedPreBeginAbort ............................................................................   Passed    0.03 sec
2026-10-05T16:23:01.6617794Z         Start  360: meta.MetaFailoverReconcilerPlannerTest.UncontrolledWaitsWithoutCandidateThenReplacesFailureAndCommits
2026-10-05T16:23:01.6907100Z  57/274 Test  #360: meta.MetaFailoverReconcilerPlannerTest.UncontrolledWaitsWithoutCandidateThenReplacesFailureAndCommits ..............................................................   Passed    0.03 sec
2026-10-05T16:23:01.6908912Z         Start  363: meta.MetaFailoverReconcilerLifecycleTest.LostProposalReplyIsRecoveredFromCommittedTransitionAndCancellationJoins
2026-10-05T16:23:03.2232799Z  58/274 Test  #363: meta.MetaFailoverReconcilerLifecycleTest.LostProposalReplyIsRecoveredFromCommittedTransitionAndCancellationJoins ...................................................   Passed    1.53 sec
2026-10-05T16:23:03.2234424Z         Start  365: meta.MetaFailoverViewsTest.DiscoveryOwnsSelectedOperationsInSequenceOrder
2026-10-05T16:23:03.2367863Z  59/274 Test  #365: meta.MetaFailoverViewsTest.DiscoveryOwnsSelectedOperationsInSequenceOrder ..........................................................................................   Passed    0.01 sec
2026-10-05T16:23:03.2369244Z         Start  374: meta.MetaFailoverValidationTest.RejectsControlledBeginWhenCandidateDisconnectsAfterPlanning
2026-10-05T16:23:03.2576794Z  60/274 Test  #374: meta.MetaFailoverValidationTest.RejectsControlledBeginWhenCandidateDisconnectsAfterPlanning ........................................................................   Passed    0.02 sec
2026-10-05T16:23:03.2578295Z         Start  375: meta.MetaFailoverValidationTest.AcceptsControlledBeginAfterSameSessionCandidateProgressAdvances
2026-10-05T16:23:03.2743329Z  61/274 Test  #375: meta.MetaFailoverValidationTest.AcceptsControlledBeginAfterSameSessionCandidateProgressAdvances ....................................................................   Passed    0.02 sec
2026-10-05T16:23:03.2744942Z         Start  383: meta.MetaFailoverValidationTest.RejectsRetainingCandidateOnDegradeWhenObservationIsWithdrawnAfterPlanning
2026-10-05T16:23:03.3039007Z  62/274 Test  #383: meta.MetaFailoverValidationTest.RejectsRetainingCandidateOnDegradeWhenObservationIsWithdrawnAfterPlanning ..........................................................   Passed    0.03 sec
2026-10-05T16:23:03.3040357Z         Start  388: meta.MetaAuditStore.AppendAndFindByLogIndex
2026-10-05T16:23:03.3107267Z  63/274 Test  #388: meta.MetaAuditStore.AppendAndFindByLogIndex ........................................................................................................................   Passed    0.01 sec
2026-10-05T16:23:03.3108590Z         Start  396: meta.MetaAuditStore.DisabledSuppressesOrdinaryRecordsButForcedRecordRemains
2026-10-05T16:23:03.3175502Z  64/274 Test  #396: meta.MetaAuditStore.DisabledSuppressesOrdinaryRecordsButForcedRecordRemains ........................................................................................   Passed    0.01 sec
2026-10-05T16:23:03.3176743Z         Start  398: meta.MetaAuditStore.PrunePreservesRemainingRecords
2026-10-05T16:23:03.3242487Z  65/274 Test  #398: meta.MetaAuditStore.PrunePreservesRemainingRecords .................................................................................................................   Passed    0.01 sec
2026-10-05T16:23:03.3243860Z         Start  401: meta.MetaAuditStore.SerializationRoundTripPreservesWindow
2026-10-05T16:23:03.3309874Z  66/274 Test  #401: meta.MetaAuditStore.SerializationRoundTripPreservesWindow ..........................................................................................................   Passed    0.01 sec
2026-10-05T16:23:03.3310969Z         Start  410: meta.MetaOperationStore.DuplicateSubmitIsIdempotentOnlyForSameIntent
2026-10-05T16:23:03.3378745Z  67/274 Test  #410: meta.MetaOperationStore.DuplicateSubmitIsIdempotentOnlyForSameIntent ...............................................................................................   Passed    0.01 sec
2026-10-05T16:23:03.3379903Z         Start  415: meta.MetaOperationStore.TransitionRunsWithRevisionCas
2026-10-05T16:23:03.3450317Z  68/274 Test  #415: meta.MetaOperationStore.TransitionRunsWithRevisionCas ..............................................................................................................   Passed    0.01 sec
2026-10-05T16:23:03.3451487Z         Start  419: meta.MetaOperationStore.ArchiveMovesTerminalOpsToTombstonesNonContiguously
2026-10-05T16:23:03.3521490Z  69/274 Test  #419: meta.MetaOperationStore.ArchiveMovesTerminalOpsToTombstonesNonContiguously .........................................................................................   Passed    0.01 sec
2026-10-05T16:23:03.3522677Z         Start  425: meta.MetaOperationStore.ReusedOrZeroSeqFailsStop
2026-10-05T16:23:03.8535438Z  70/274 Test  #425: meta.MetaOperationStore.ReusedOrZeroSeqFailsStop ...................................................................................................................   Passed    0.50 sec
2026-10-05T16:23:03.8544439Z         Start  431: meta.MetaTopologyAuthority.ActivateInstallsGrantWithoutMovingTerm
2026-10-05T16:23:03.8607531Z  71/274 Test  #431: meta.MetaTopologyAuthority.ActivateInstallsGrantWithoutMovingTerm ..................................................................................................   Passed    0.01 sec
2026-10-05T16:23:03.8633440Z         Start  436: meta.MetaTopologyAuthority.EachTermInstallsAtMostOneGrant
2026-10-05T16:23:03.8689819Z  72/274 Test  #436: meta.MetaTopologyAuthority.EachTermInstallsAtMostOneGrant ..........................................................................................................   Passed    0.01 sec
2026-10-05T16:23:03.8691094Z         Start  446: meta.MetaModelEncoding.StringLengthPrefixOverCapFailsWithoutBody
2026-10-05T16:23:03.8757525Z  73/274 Test  #446: meta.MetaModelEncoding.StringLengthPrefixOverCapFailsWithoutBody ...................................................................................................   Passed    0.01 sec
2026-10-05T16:23:03.8760323Z         Start  447: meta.MetaModelEncoding.ListCountOverCapFails
2026-10-05T16:23:03.8824061Z  74/274 Test  #447: meta.MetaModelEncoding.ListCountOverCapFails .......................................................................................................................   Passed    0.01 sec
2026-10-05T16:23:03.8826601Z         Start  454: meta.MetaModelCommands.RegisterNodeRoundTrip
2026-10-05T16:23:03.8891366Z  75/274 Test  #454: meta.MetaModelCommands.RegisterNodeRoundTrip .......................................................................................................................   Passed    0.01 sec
2026-10-05T16:23:03.8893968Z         Start  455: meta.MetaModelCommands.EnvelopeStartsWithFormatVersionThenTag
2026-10-05T16:23:03.8956928Z  76/274 Test  #455: meta.MetaModelCommands.EnvelopeStartsWithFormatVersionThenTag ......................................................................................................   Passed    0.01 sec
2026-10-05T16:23:03.8958036Z         Start  459: meta.MetaModelCommands.ActorContextRoundTripsOnTheWire
2026-10-05T16:23:03.9024692Z  77/274 Test  #459: meta.MetaModelCommands.ActorContextRoundTripsOnTheWire .............................................................................................................   Passed    0.01 sec
2026-10-05T16:23:03.9025897Z         Start  462: meta.MetaModelCommands.UpdateNodeRoundTrip
2026-10-05T16:23:03.9088915Z  78/274 Test  #462: meta.MetaModelCommands.UpdateNodeRoundTrip .........................................................................................................................   Passed    0.01 sec
2026-10-05T16:23:03.9090116Z         Start  476: meta.MetaModelCommands.SubmitOperationRoundTrip
2026-10-05T16:23:03.9155390Z  79/274 Test  #476: meta.MetaModelCommands.SubmitOperationRoundTrip ....................................................................................................................   Passed    0.01 sec
2026-10-05T16:23:03.9158201Z         Start  478: meta.MetaModelCommands.CompleteOperationRoundTrip
2026-10-05T16:23:03.9222905Z  80/274 Test  #478: meta.MetaModelCommands.CompleteOperationRoundTrip ..................................................................................................................   Passed    0.01 sec
2026-10-05T16:23:03.9224265Z         Start  491: meta.MetaModelCommands.DecodeRejectsTrailingBytes
2026-10-05T16:23:03.9290568Z  81/274 Test  #491: meta.MetaModelCommands.DecodeRejectsTrailingBytes ..................................................................................................................   Passed    0.01 sec
2026-10-05T16:23:03.9293325Z         Start  493: meta.MetaStateApply.RegisterNodeAcceptedAndAudited
2026-10-05T16:23:03.9363863Z  82/274 Test  #493: meta.MetaStateApply.RegisterNodeAcceptedAndAudited .................................................................................................................   Passed    0.01 sec
2026-10-05T16:23:03.9366269Z         Start  497: meta.MetaStateApply.CreateGroupOwnsInitiallyFencedAuthority
2026-10-05T16:23:03.9438634Z  83/274 Test  #497: meta.MetaStateApply.CreateGroupOwnsInitiallyFencedAuthority ........................................................................................................   Passed    0.01 sec
2026-10-05T16:23:03.9440865Z         Start  505: meta.MetaStateApply.RetireNodeWithMembershipRejected
2026-10-05T16:23:03.9515531Z  84/274 Test  #505: meta.MetaStateApply.RetireNodeWithMembershipRejected ...............................................................................................................   Passed    0.01 sec
2026-10-05T16:23:03.9516573Z         Start  507: meta.MetaStateApply.BeginGroupTermRaisesTermInBothStores
2026-10-05T16:23:03.9593146Z  85/274 Test  #507: meta.MetaStateApply.BeginGroupTermRaisesTermInBothStores ...........................................................................................................   Passed    0.01 sec
2026-10-05T16:23:03.9594386Z         Start  508: meta.MetaStateApply.GroupReplicationStateAdvancesWithTopologyEpoch
2026-10-05T16:23:03.9675682Z  86/274 Test  #508: meta.MetaStateApply.GroupReplicationStateAdvancesWithTopologyEpoch .................................................................................................   Passed    0.01 sec
2026-10-05T16:23:03.9677507Z         Start  514: meta.MetaStateApply.ActivateAuthorityRequiresABegunNonzeroTerm
2026-10-05T16:23:03.9750414Z  87/274 Test  #514: meta.MetaStateApply.ActivateAuthorityRequiresABegunNonzeroTerm .....................................................................................................   Passed    0.01 sec
2026-10-05T16:23:03.9751716Z         Start  527: meta.MetaStateApply.ClusterRootTerminalReplayRejectsInvalidGenesisAnchor
2026-10-05T16:23:03.9855411Z  88/274 Test  #527: meta.MetaStateApply.ClusterRootTerminalReplayRejectsInvalidGenesisAnchor ...........................................................................................   Passed    0.01 sec
2026-10-05T16:23:03.9858852Z         Start  531: meta.MetaStateApply.MetaStoresDeserializeRejectsUnprojectableActiveGrantAnchors
2026-10-05T16:23:03.9951910Z  89/274 Test  #531: meta.MetaStateApply.MetaStoresDeserializeRejectsUnprojectableActiveGrantAnchors ....................................................................................   Passed    0.01 sec
2026-10-05T16:23:03.9953805Z         Start  543: meta.MetaStateApply.TransitionRejectsAggregateRecipientProjectionOverDirectiveCapAtomically
2026-10-05T16:23:04.1768567Z  90/274 Test  #543: meta.MetaStateApply.TransitionRejectsAggregateRecipientProjectionOverDirectiveCapAtomically ........................................................................   Passed    0.18 sec
2026-10-05T16:23:04.1769813Z         Start  549: meta.MetaObservationStore.AdoptSessionRejectsEqualOrOlderGeneration
2026-10-05T16:23:04.1839936Z  91/274 Test  #549: meta.MetaObservationStore.AdoptSessionRejectsEqualOrOlderGeneration ................................................................................................   Passed    0.01 sec
2026-10-05T16:23:04.1841176Z         Start  551: meta.MetaObservationStore.OwnerObservationIsOneAtomicHeartbeatAndCausalLeaseCut
2026-10-05T16:23:04.1913102Z  92/274 Test  #551: meta.MetaObservationStore.OwnerObservationIsOneAtomicHeartbeatAndCausalLeaseCut ....................................................................................   Passed    0.01 sec
2026-10-05T16:23:04.1914344Z         Start  561: meta.MetaObservationStore.IngestRejectsBootMismatchAndMissingSession
2026-10-05T16:23:04.1981425Z  93/274 Test  #561: meta.MetaObservationStore.IngestRejectsBootMismatchAndMissingSession ...............................................................................................   Passed    0.01 sec
2026-10-05T16:23:04.1982633Z         Start  562: meta.MetaObservationStore.NewGenerationAtomicallyPurgesOldObservations
2026-10-05T16:23:04.2052888Z  94/274 Test  #562: meta.MetaObservationStore.NewGenerationAtomicallyPurgesOldObservations .............................................................................................   Passed    0.01 sec
2026-10-05T16:23:04.2055005Z         Start  568: meta.MetaObservationStore.CandidateRequiresExactReporterMembershipAndAssignment
2026-10-05T16:23:04.2123580Z  95/274 Test  #568: meta.MetaObservationStore.CandidateRequiresExactReporterMembershipAndAssignment ....................................................................................   Passed    0.01 sec
2026-10-05T16:23:04.2125015Z         Start  580: meta.MetaObservationStore.EpochOnlyCommitRefiltersThenPurgesCandidate
2026-10-05T16:23:04.2194850Z  96/274 Test  #580: meta.MetaObservationStore.EpochOnlyCommitRefiltersThenPurgesCandidate ..............................................................................................   Passed    0.01 sec
2026-10-05T16:23:04.2196253Z         Start  586: meta.MetaObservationStore.SessionCapacityRejectsOnlyNewNodeKeys
2026-10-05T16:23:04.2265244Z  97/274 Test  #586: meta.MetaObservationStore.SessionCapacityRejectsOnlyNewNodeKeys ....................................................................................................   Passed    0.01 sec
2026-10-05T16:23:04.2266835Z         Start  595: meta.MetaObservationFactsFixture.CopiedAndMovedFactsPreserveFencedOwnerEvidenceAfterStateReplacement
2026-10-05T16:23:04.2457577Z  98/274 Test  #595: meta.MetaObservationFactsFixture.CopiedAndMovedFactsPreserveFencedOwnerEvidenceAfterStateReplacement ...............................................................   Passed    0.02 sec
2026-10-05T16:23:04.2459164Z         Start  600: meta.MetaOwnerServiceabilityTest.FullyCurrentOwnerWithCausalLeaseIsServiceable
2026-10-05T16:23:04.2527384Z  99/274 Test  #600: meta.MetaOwnerServiceabilityTest.FullyCurrentOwnerWithCausalLeaseIsServiceable .....................................................................................   Passed    0.01 sec
2026-10-05T16:23:04.2529269Z         Start  605: meta.MetaOwnerServiceabilityTest.UnserviceableReasonsHaveFixedFailurePrecedence
2026-10-05T16:23:04.2599423Z 100/274 Test  #605: meta.MetaOwnerServiceabilityTest.UnserviceableReasonsHaveFixedFailurePrecedence ....................................................................................   Passed    0.01 sec
2026-10-05T16:23:04.2600784Z         Start  618: meta.MetaSentinelDiscoveryTest.PeerDirectoryExcludesSelfRetiredAndStagedMembers
2026-10-05T16:23:04.2672513Z 101/274 Test  #618: meta.MetaSentinelDiscoveryTest.PeerDirectoryExcludesSelfRetiredAndStagedMembers ....................................................................................   Passed    0.01 sec
2026-10-05T16:23:04.2673823Z         Start  620: meta.MetaSentinelDiscoveryTest.AddressReplyShapeAndUnknownName
2026-10-05T16:23:04.2741794Z 102/274 Test  #620: meta.MetaSentinelDiscoveryTest.AddressReplyShapeAndUnknownName .....................................................................................................   Passed    0.01 sec
2026-10-05T16:23:04.2743192Z         Start  628: meta.MetaSentinelDiscoveryTest.GraceOmitsNeverObservedReplicas
2026-10-05T16:23:04.2814385Z 103/274 Test  #628: meta.MetaSentinelDiscoveryTest.GraceOmitsNeverObservedReplicas .....................................................................................................   Passed    0.01 sec
2026-10-05T16:23:04.2815589Z         Start  629: meta.MetaSentinelDiscoveryTest.ReplicaListingReflectsCommittedMembership
2026-10-05T16:23:04.2883969Z 104/274 Test  #629: meta.MetaSentinelDiscoveryTest.ReplicaListingReflectsCommittedMembership ...........................................................................................   Passed    0.01 sec
2026-10-05T16:23:04.2885492Z         Start  637: meta.MetaSentinelServerTest.ResetCannotEraseAuthorityAcrossEligibilityABA
2026-10-05T16:23:04.5741880Z 105/274 Test  #637: meta.MetaSentinelServerTest.ResetCannotEraseAuthorityAcrossEligibilityABA ..........................................................................................   Passed    0.29 sec
2026-10-05T16:23:04.5743388Z         Start  644: meta.MetaIdentitySecurity.MemberDescriptorRoundTrips
2026-10-05T16:23:04.5811721Z 106/274 Test  #644: meta.MetaIdentitySecurity.MemberDescriptorRoundTrips ...............................................................................................................   Passed    0.01 sec
2026-10-05T16:23:04.5813060Z         Start  649: meta.MetaIdentitySecurity.UnixAdminRequiresPathAndExplicitUid
2026-10-05T16:23:04.5878509Z 107/274 Test  #649: meta.MetaIdentitySecurity.UnixAdminRequiresPathAndExplicitUid ......................................................................................................   Passed    0.01 sec
2026-10-05T16:23:04.5879686Z         Start  650: meta.MetaIdentitySecurity.RegistrationRejectsPrincipalForAnotherNode
2026-10-05T16:23:04.5946157Z 108/274 Test  #650: meta.MetaIdentitySecurity.RegistrationRejectsPrincipalForAnotherNode ...............................................................................................   Passed    0.01 sec
2026-10-05T16:23:04.5947353Z         Start  656: meta.MetaCtlPolicyAdmin.PolicyVersionRequiresCanonicalPositiveDecimal
2026-10-05T16:23:04.6012418Z 109/274 Test  #656: meta.MetaCtlPolicyAdmin.PolicyVersionRequiresCanonicalPositiveDecimal ..............................................................................................   Passed    0.01 sec
2026-10-05T16:23:04.6013705Z         Start  658: meta.MetaClusterStatusRuntimeTest.HealthLossBeforeAckRemainsEncodable
2026-10-05T16:23:04.6083204Z 110/274 Test  #658: meta.MetaClusterStatusRuntimeTest.HealthLossBeforeAckRemainsEncodable ..............................................................................................   Passed    0.01 sec
2026-10-05T16:23:04.6084518Z         Start  667: meta.MetaStateMachineTest.DomainRejectConsumesIndexWithoutStateChange
2026-10-05T16:23:04.6171156Z 111/274 Test  #667: meta.MetaStateMachineTest.DomainRejectConsumesIndexWithoutStateChange ..............................................................................................   Passed    0.01 sec
2026-10-05T16:23:04.6172239Z         Start  673: meta.MetaStateMachineTest.SnapshotExactCutPoint
2026-10-05T16:23:04.6299232Z 112/274 Test  #673: meta.MetaStateMachineTest.SnapshotExactCutPoint ....................................................................................................................   Passed    0.01 sec
2026-10-05T16:23:04.6300504Z         Start  680: meta.MetaServerIntegrationTest.SnapshotCompactionAndRestart
2026-10-05T16:23:05.0214101Z 113/274 Test  #680: meta.MetaServerIntegrationTest.SnapshotCompactionAndRestart ........................................................................................................   Passed    0.39 sec
2026-10-05T16:23:05.0215302Z         Start  683: meta.MetaIdentityStore.RegisterNodeCreatesQueryableRecord
2026-10-05T16:23:05.0285316Z 114/274 Test  #683: meta.MetaIdentityStore.RegisterNodeCreatesQueryableRecord ..........................................................................................................   Passed    0.01 sec
2026-10-05T16:23:05.0286355Z         Start  690: meta.MetaIdentityStore.UpdateNodeCasConflictRejected
2026-10-05T16:23:05.0356832Z 115/274 Test  #690: meta.MetaIdentityStore.UpdateNodeCasConflictRejected ...............................................................................................................   Passed    0.01 sec
2026-10-05T16:23:05.0357889Z         Start  695: meta.MetaIdentityStore.RetireNodeReplayIsIdempotentAccept
2026-10-05T16:23:05.0423155Z 116/274 Test  #695: meta.MetaIdentityStore.RetireNodeReplayIsIdempotentAccept ..........................................................................................................   Passed    0.01 sec
2026-10-05T16:23:05.0424350Z         Start  704: meta.MetaTopologyStore.ClusterLifecycleFailureIsBoundedAndSerialized
2026-10-05T16:23:05.0512813Z 117/274 Test  #704: meta.MetaTopologyStore.ClusterLifecycleFailureIsBoundedAndSerialized ...............................................................................................   Passed    0.01 sec
2026-10-05T16:23:05.0514210Z         Start  707: meta.MetaTopologyStore.CreateGroupRequiresExactNextEpoch
2026-10-05T16:23:05.0584414Z 118/274 Test  #707: meta.MetaTopologyStore.CreateGroupRequiresExactNextEpoch ...........................................................................................................   Passed    0.01 sec
2026-10-05T16:23:05.0588212Z         Start  719: meta.MetaTopologyStore.AssignNodeToGroupReplayIsIdempotentAccept
2026-10-05T16:23:05.0660099Z 119/274 Test  #719: meta.MetaTopologyStore.AssignNodeToGroupReplayIsIdempotentAccept ...................................................................................................   Passed    0.01 sec
2026-10-05T16:23:05.0661451Z         Start  723: meta.MetaTopologyStore.RemoveNodeFromGroupReplayIsIdempotentAccept
2026-10-05T16:23:05.0734820Z 120/274 Test  #723: meta.MetaTopologyStore.RemoveNodeFromGroupReplayIsIdempotentAccept .................................................................................................   Passed    0.01 sec
2026-10-05T16:23:05.0736251Z         Start  727: meta.MetaTopologyStore.SetSlotMapRequiresExactNextEpoch
2026-10-05T16:23:05.0815316Z 121/274 Test  #727: meta.MetaTopologyStore.SetSlotMapRequiresExactNextEpoch ............................................................................................................   Passed    0.01 sec
2026-10-05T16:23:05.0816394Z         Start  732: meta.MetaTopologyStore.SetSlotMapEmptyRangesClearMap
2026-10-05T16:23:05.0895245Z 122/274 Test  #732: meta.MetaTopologyStore.SetSlotMapEmptyRangesClearMap ...............................................................................................................   Passed    0.01 sec
2026-10-05T16:23:05.0897793Z         Start  738: meta.MetaTopologyStore.FailoverTransitionSerializationRoundTrip
2026-10-05T16:23:05.0989296Z 123/274 Test  #738: meta.MetaTopologyStore.FailoverTransitionSerializationRoundTrip ....................................................................................................   Passed    0.01 sec
2026-10-05T16:23:05.0990485Z         Start  748: meta.MetaPolicyStore.RejectsUnregisteredPolicyAndInvalidCommandFields
2026-10-05T16:23:05.1060381Z 124/274 Test  #748: meta.MetaPolicyStore.RejectsUnregisteredPolicyAndInvalidCommandFields ..............................................................................................   Passed    0.01 sec
2026-10-05T16:23:05.1061535Z         Start  756: meta.MetaPolicyStore.EmptyPolicyStoreRoundTrip
2026-10-05T16:23:05.1131440Z 125/274 Test  #756: meta.MetaPolicyStore.EmptyPolicyStoreRoundTrip .....................................................................................................................   Passed    0.01 sec
2026-10-05T16:23:05.1132692Z         Start  765: meta.AllActivePhases/ClusterCreateSiblingFailureTest.RetiresAllStartedWorkBeforeRootAbort/3
2026-10-05T16:23:06.4532289Z 126/274 Test  #765: meta.AllActivePhases/ClusterCreateSiblingFailureTest.RetiresAllStartedWorkBeforeRootAbort/3 ........................................................................   Passed    1.34 sec
2026-10-05T16:23:06.4534003Z         Start  766: meta.FullObservationAndCursor/MetaSubscriptionCaptureTest.CommitBetweenCaptureAndRegistration/Full  # GetParam() = 0
2026-10-05T16:23:06.4743955Z 127/274 Test  #766: meta.FullObservationAndCursor/MetaSubscriptionCaptureTest.CommitBetweenCaptureAndRegistration/Full  # GetParam() = 0 ...............................................   Passed    0.02 sec
2026-10-05T16:23:06.4745582Z         Start  775: meta.FullObservationAndCursor/MetaSubscriptionCaptureTest.OverflowResyncReplayAndCallbackLifetime/Full  # GetParam() = 0
2026-10-05T16:23:06.5218567Z 128/274 Test  #775: meta.FullObservationAndCursor/MetaSubscriptionCaptureTest.OverflowResyncReplayAndCallbackLifetime/Full  # GetParam() = 0 ...........................................   Passed    0.05 sec
2026-10-05T16:23:06.5219956Z         Start  780: cluster_integration.ProcessSupportTest.SpawnsWithEnvironmentAndControlsLifecycle
2026-10-05T16:23:06.6251218Z 129/274 Test  #780: cluster_integration.ProcessSupportTest.SpawnsWithEnvironmentAndControlsLifecycle ...................................................................................   Passed    0.10 sec
2026-10-05T16:23:06.6252345Z         Start  787: LocalSharedPtrDeathTest.RejectsForeignAccess
2026-10-05T16:23:06.7072837Z 130/274 Test  #787: LocalSharedPtrDeathTest.RejectsForeignAccess .......................................................................................................................   Passed    0.08 sec
2026-10-05T16:23:06.7073950Z         Start  838: GroupInFlightTest.MoveTransfersOwnership
2026-10-05T16:23:06.7170606Z 131/274 Test  #838: GroupInFlightTest.MoveTransfersOwnership ...........................................................................................................................   Passed    0.01 sec
2026-10-05T16:23:06.7176806Z         Start  865: NodeDescriptorTest.PreservesInlineAndOverflowHosts
2026-10-05T16:23:06.7238248Z 132/274 Test  #865: NodeDescriptorTest.PreservesInlineAndOverflowHosts .................................................................................................................   Passed    0.01 sec
2026-10-05T16:23:06.7240723Z         Start  873: ServingStateBuilderTest.RejectsInconsistentGroupNodeRoles
2026-10-05T16:23:06.7299131Z 133/274 Test  #873: ServingStateBuilderTest.RejectsInconsistentGroupNodeRoles ..........................................................................................................   Passed    0.01 sec
2026-10-05T16:23:06.7300196Z         Start  875: ServingStateBuilderTest.RejectsSlotRangeBeyondSlotCount
2026-10-05T16:23:06.7361812Z 134/274 Test  #875: ServingStateBuilderTest.RejectsSlotRangeBeyondSlotCount ............................................................................................................   Passed    0.01 sec
2026-10-05T16:23:06.7364088Z         Start  887: ServingStateTest.AuthorityToken
2026-10-05T16:23:06.7561500Z 135/274 Test  #887: ServingStateTest.AuthorityToken ....................................................................................................................................   Passed    0.02 sec
2026-10-05T16:23:06.7563870Z         Start  892: TopologyCacheTest.ContentIdenticalRepublishKeepsVersionAndSnapshot
2026-10-05T16:23:06.7663926Z 136/274 Test  #892: TopologyCacheTest.ContentIdenticalRepublishKeepsVersionAndSnapshot .................................................................................................   Passed    0.01 sec
2026-10-05T16:23:06.7666537Z         Start  897: TopologyCacheTest.CachedOwnersIsolateRequestCopiesAndOutliveWorkers
2026-10-05T16:23:06.7769618Z 137/274 Test  #897: TopologyCacheTest.CachedOwnersIsolateRequestCopiesAndOutliveWorkers ................................................................................................   Passed    0.01 sec
2026-10-05T16:23:06.7770761Z         Start  905: RedisConfigTest.ParsesClientBufferPercentAndAbsoluteLimits
2026-10-05T16:23:06.7831844Z 138/274 Test  #905: RedisConfigTest.ParsesClientBufferPercentAndAbsoluteLimits .........................................................................................................   Passed    0.01 sec
2026-10-05T16:23:06.7834660Z         Start  917: RedisConfigTest.ClusterModeRejectsStandalonePopulationSources
2026-10-05T16:23:06.7897165Z 139/274 Test  #917: RedisConfigTest.ClusterModeRejectsStandalonePopulationSources ......................................................................................................   Passed    0.01 sec
2026-10-05T16:23:06.7899250Z         Start  919: RedisConfigTest.RejectsLoadRdbWithReplicaOf
2026-10-05T16:23:06.7958618Z 140/274 Test  #919: RedisConfigTest.RejectsLoadRdbWithReplicaOf ........................................................................................................................   Passed    0.01 sec
2026-10-05T16:23:06.7961110Z         Start  921: RedisConfigTest.RejectsConflictingRedisPsyncSources
2026-10-05T16:23:06.8022121Z 141/274 Test  #921: RedisConfigTest.RejectsConflictingRedisPsyncSources ................................................................................................................   Passed    0.01 sec
2026-10-05T16:23:06.8023704Z         Start  928: RedisConfigTest.AppliesClusterDirectives
2026-10-05T16:23:06.8085910Z 142/274 Test  #928: RedisConfigTest.AppliesClusterDirectives ...........................................................................................................................   Passed    0.01 sec
2026-10-05T16:23:06.8088455Z         Start  934: RedisConfigTest.RequiresNodeIdAndMetaSeedWhenManaged
2026-10-05T16:23:06.8148695Z 143/274 Test  #934: RedisConfigTest.RequiresNodeIdAndMetaSeedWhenManaged ...............................................................................................................   Passed    0.01 sec
2026-10-05T16:23:06.8149991Z         Start  939: ControlProtocolFrameTest.EncodesNetworkOrderAndChecksCrcAndSequence
2026-10-05T16:23:06.8212185Z 144/274 Test  #939: ControlProtocolFrameTest.EncodesNetworkOrderAndChecksCrcAndSequence ................................................................................................   Passed    0.01 sec
2026-10-05T16:23:06.8214261Z         Start  944: ControlProtocolCodecTest.RejectsMalformedTypedCandidateAndRoleTag
2026-10-05T16:23:06.8275261Z 145/274 Test  #944: ControlProtocolCodecTest.RejectsMalformedTypedCandidateAndRoleTag ..................................................................................................   Passed    0.01 sec
2026-10-05T16:23:06.8278782Z         Start  948: ControlProtocolCodecTest.FailoverObservationValidationAndSingleFrameBudgetAreStrict
2026-10-05T16:23:06.8347934Z 146/274 Test  #948: ControlProtocolCodecTest.FailoverObservationValidationAndSingleFrameBudgetAreStrict ................................................................................   Passed    0.01 sec
2026-10-05T16:23:06.8350777Z         Start  959: ControlProtocolFullStateTest.RejectsZeroLeaseAndDerivesHeartbeatCadence
2026-10-05T16:23:06.8412851Z 147/274 Test  #959: ControlProtocolFullStateTest.RejectsZeroLeaseAndDerivesHeartbeatCadence ............................................................................................   Passed    0.01 sec
2026-10-05T16:23:06.8415200Z         Start  971: ControlProtocolIdentityTest.GeneratesCanonicalIndependentIdentities
2026-10-05T16:23:06.8477939Z 148/274 Test  #971: ControlProtocolIdentityTest.GeneratesCanonicalIndependentIdentities ................................................................................................   Passed    0.01 sec
2026-10-05T16:23:06.8479041Z         Start  972: ControlNodeStateTest.RemoteWorkDoesNotAdvanceLocalControl
2026-10-05T16:23:06.8539304Z 149/274 Test  #972: ControlNodeStateTest.RemoteWorkDoesNotAdvanceLocalControl ..........................................................................................................   Passed    0.01 sec
2026-10-05T16:23:06.8540524Z         Start  979: ControlSessionWriterTest.AuthorityOvertakesTransferBetweenBulkChunks
2026-10-05T16:23:06.8621344Z 150/274 Test  #979: ControlSessionWriterTest.AuthorityOvertakesTransferBetweenBulkChunks ...............................................................................................   Passed    0.01 sec
2026-10-05T16:23:06.8622555Z         Start  982: ControlSessionWriterTest.TerminalWriteErrorPoisonsQueuedAndFutureWork
2026-10-05T16:23:06.8702401Z 151/274 Test  #982: ControlSessionWriterTest.TerminalWriteErrorPoisonsQueuedAndFutureWork ..............................................................................................   Passed    0.01 sec
2026-10-05T16:23:06.8703681Z         Start  989: SpscRingTest.RefreshesCachedHeadAfterConsumerProgress
2026-10-05T16:23:06.8763600Z 152/274 Test  #989: SpscRingTest.RefreshesCachedHeadAfterConsumerProgress ..............................................................................................................   Passed    0.01 sec
2026-10-05T16:23:06.8764735Z         Start  993: CrossCoreActiveSenderTest.ConcurrentDrainReactivatesNonemptyLanes
2026-10-05T16:23:06.9160411Z 153/274 Test  #993: CrossCoreActiveSenderTest.ConcurrentDrainReactivatesNonemptyLanes ..................................................................................................   Passed    0.04 sec
2026-10-05T16:23:06.9161720Z         Start  995: DeviceAffinityTest.RejectsInsufficientQpairCapacity
2026-10-05T16:23:06.9224904Z 154/274 Test  #995: DeviceAffinityTest.RejectsInsufficientQpairCapacity ................................................................................................................   Passed    0.01 sec
2026-10-05T16:23:06.9226248Z         Start 1004: HashGroupEdits.SplitsAndOversizedValuesKeepOwnedStreamingPath
2026-10-05T16:23:06.9299780Z 155/274 Test #1004: HashGroupEdits.SplitsAndOversizedValuesKeepOwnedStreamingPath ......................................................................................................   Passed    0.01 sec
2026-10-05T16:23:06.9301098Z         Start 1009: GroupedHashTest.CompactReaderPreservesBinaryViewsAndCopiedPosition
2026-10-05T16:23:06.9362689Z 156/274 Test #1009: GroupedHashTest.CompactReaderPreservesBinaryViewsAndCopiedPosition .................................................................................................   Passed    0.01 sec
2026-10-05T16:23:06.9364257Z         Start 1017: GroupedHashTest.PointLookupRejectsCorruptionAfterMatch
2026-10-05T16:23:06.9426701Z 157/274 Test #1017: GroupedHashTest.PointLookupRejectsCorruptionAfterMatch .............................................................................................................   Passed    0.01 sec
2026-10-05T16:23:06.9427807Z         Start 1025: GroupedHashTest.MaximalIndividualValueLeavesRoomForGroupFraming
2026-10-05T16:23:06.9488298Z 158/274 Test #1025: GroupedHashTest.MaximalIndividualValueLeavesRoomForGroupFraming ....................................................................................................   Passed    0.01 sec
2026-10-05T16:23:06.9489793Z         Start 1032: GroupedHashTest.DurableRoutingDoesNotDependOnProcessLookupSeed
2026-10-05T16:23:06.9563096Z 159/274 Test #1032: GroupedHashTest.DurableRoutingDoesNotDependOnProcessLookupSeed .....................................................................................................   Passed    0.01 sec
2026-10-05T16:23:06.9565338Z         Start 1038: GroupedHashTest.RejectsCountsGapsOverlapsAndMalformedIdentities
2026-10-05T16:23:06.9631069Z 160/274 Test #1038: GroupedHashTest.RejectsCountsGapsOverlapsAndMalformedIdentities ....................................................................................................   Passed    0.01 sec
2026-10-05T16:23:06.9632464Z         Start 1039: GroupedHashTest.SingleFieldUpdateWritesOnlyItsGroup
2026-10-05T16:23:06.9744752Z 161/274 Test #1039: GroupedHashTest.SingleFieldUpdateWritesOnlyItsGroup ................................................................................................................   Passed    0.01 sec
2026-10-05T16:23:06.9746022Z         Start 1049: GroupedCommitDecisionTest.DurableDecisionCannotBeReversedByLateFailure
2026-10-05T16:23:06.9806232Z 162/274 Test #1049: GroupedCommitDecisionTest.DurableDecisionCannotBeReversedByLateFailure .............................................................................................   Passed    0.01 sec
2026-10-05T16:23:06.9808992Z         Start 1055: GroupedCollectionTest.StringAndStreamHaveDistinctDurableKinds
2026-10-05T16:23:06.9867243Z 163/274 Test #1055: GroupedCollectionTest.StringAndStreamHaveDistinctDurableKinds ......................................................................................................   Passed    0.01 sec
2026-10-05T16:23:06.9868389Z         Start 1062: GroupedCollectionTest.MemberScoresAreExactAndRejectMalformedValues
2026-10-05T16:23:06.9931180Z 164/274 Test #1062: GroupedCollectionTest.MemberScoresAreExactAndRejectMalformedValues .................................................................................................   Passed    0.01 sec
2026-10-05T16:23:06.9932369Z         Start 1072: GroupedCollectionTest.SameSizeListReplacementNeedsOnlyItsOwnPage
2026-10-05T16:23:07.0000130Z 165/274 Test #1072: GroupedCollectionTest.SameSizeListReplacementNeedsOnlyItsOwnPage ...................................................................................................   Passed    0.01 sec
2026-10-05T16:23:07.0001799Z         Start 1074: GroupedCollectionTest.SortedSetSpliceChecksBoundsAndRepositionsCompleteEntries
2026-10-05T16:23:07.0075149Z 166/274 Test #1074: GroupedCollectionTest.SortedSetSpliceChecksBoundsAndRepositionsCompleteEntries .....................................................................................   Passed    0.01 sec
2026-10-05T16:23:07.0076877Z         Start 1078: GroupedCollectionTest.EnvelopeOnlyDecodeAndDualDecisionRetirement
2026-10-05T16:23:07.0147430Z 167/274 Test #1078: GroupedCollectionTest.EnvelopeOnlyDecodeAndDualDecisionRetirement ..................................................................................................   Passed    0.01 sec
2026-10-05T16:23:07.0148896Z         Start 1079: GroupedCollectionTest.StreamRanksMatchCountsAcrossSparseUpdatesAndSnapshots
2026-10-05T16:23:11.0772322Z 168/274 Test #1079: GroupedCollectionTest.StreamRanksMatchCountsAcrossSparseUpdatesAndSnapshots ........................................................................................   Passed    4.06 sec
2026-10-05T16:23:11.0773727Z         Start 1093: GroupedSortedRewriteTest.NoopDeletionAndInvalidOrder
2026-10-05T16:23:11.0841401Z 169/274 Test #1093: GroupedSortedRewriteTest.NoopDeletionAndInvalidOrder ...............................................................................................................   Passed    0.01 sec
2026-10-05T16:23:11.0842726Z         Start 1100: OrderedCompactCodecTest.LargeSortedSetRoundTripsBeyondRecordLimit
2026-10-05T16:23:15.8334140Z 170/274 Test #1100: OrderedCompactCodecTest.LargeSortedSetRoundTripsBeyondRecordLimit ..................................................................................................   Passed    4.75 sec
2026-10-05T16:23:15.8335348Z         Start 1121: GroupedOrderedObjectTest.BothKindsRetainRetiredPhysicalRecordsAndRanks
2026-10-05T16:23:15.8418183Z 171/274 Test #1121: GroupedOrderedObjectTest.BothKindsRetainRetiredPhysicalRecordsAndRanks .............................................................................................   Passed    0.01 sec
2026-10-05T16:23:15.8419853Z         Start 1123: GroupedOrderedObjectTest.UpdatesSameCommandRevisionAndPreservesOldView
2026-10-05T16:23:15.8505599Z 172/274 Test #1123: GroupedOrderedObjectTest.UpdatesSameCommandRevisionAndPreservesOldView .............................................................................................   Passed    0.01 sec
2026-10-05T16:23:15.8506996Z         Start 1131: RecordPayloadCursorTest.RefusesUnconsumedAndOverlongOutput
2026-10-05T16:23:15.8571167Z 173/274 Test #1131: RecordPayloadCursorTest.RefusesUnconsumedAndOverlongOutput .........................................................................................................   Passed    0.01 sec
2026-10-05T16:23:15.8572583Z         Start 1136: GroupedObjectIndexTest.PartialConstructionFailureUnwindsGroupEntries
2026-10-05T16:23:16.2895028Z 174/274 Test #1136: GroupedObjectIndexTest.PartialConstructionFailureUnwindsGroupEntries ...............................................................................................   Passed    0.43 sec
2026-10-05T16:23:16.2896713Z         Start 1140: GroupedObjectIndexTest.ManifestReaderRetainsItsOwnMemoryCharge
2026-10-05T16:23:16.3028120Z 175/274 Test #1140: GroupedObjectIndexTest.ManifestReaderRetainsItsOwnMemoryCharge .....................................................................................................   Passed    0.01 sec
2026-10-05T16:23:16.3029576Z         Start 1156: GroupedObjectIndexTest.RejectsConflictingAllocationsBeforeCompactingLocations
2026-10-05T16:23:16.3114877Z 176/274 Test #1156: GroupedObjectIndexTest.RejectsConflictingAllocationsBeforeCompactingLocations ......................................................................................   Passed    0.01 sec
2026-10-05T16:23:16.3116293Z         Start 1160: GroupedObjectIndexTest.RootRelocationSharesAllMetadataAndRefreshesGroupGc
2026-10-05T16:23:16.3248090Z 177/274 Test #1160: GroupedObjectIndexTest.RootRelocationSharesAllMetadataAndRefreshesGroupGc ..........................................................................................   Passed    0.01 sec
2026-10-05T16:23:16.3249580Z         Start 1168: GroupedObjectIndexTest.CoordinateChangesPreserveSnapshotsAndTraversal
2026-10-05T16:23:16.4768306Z 178/274 Test #1168: GroupedObjectIndexTest.CoordinateChangesPreserveSnapshotsAndTraversal ..............................................................................................   Passed    0.15 sec
2026-10-05T16:23:16.4769774Z         Start 1169: GroupedObjectIndexTest.ExternalReplacementFoldsPendingInlineCoordinates
2026-10-05T16:23:16.4926121Z 179/274 Test #1169: GroupedObjectIndexTest.ExternalReplacementFoldsPendingInlineCoordinates ............................................................................................   Passed    0.02 sec
2026-10-05T16:23:16.4927531Z         Start 1174: GroupedMetadataArrayTest.AppendsPreservePinnedTailsAcrossTreeGrowth
2026-10-05T16:23:16.5134149Z 180/274 Test #1174: GroupedMetadataArrayTest.AppendsPreservePinnedTailsAcrossTreeGrowth ................................................................................................   Passed    0.02 sec
2026-10-05T16:23:16.5136539Z         Start 1184: LocalSharedPtrTest.ConstructorFailureDoesNotLeak
2026-10-05T16:23:16.5202079Z 181/274 Test #1184: LocalSharedPtrTest.ConstructorFailureDoesNotLeak ...................................................................................................................   Passed    0.01 sec
2026-10-05T16:23:16.5203502Z         Start 1187: LoggingTest.DefaultsToRotatingFileOnly
2026-10-05T16:23:16.5271354Z 182/274 Test #1187: LoggingTest.DefaultsToRotatingFileOnly .............................................................................................................................   Passed    0.01 sec
2026-10-05T16:23:16.5272630Z         Start 1194: LuaEvalTest.CatalogSwapKeepsSuspendedExecutionRuntimeAlive
2026-10-05T16:23:16.5346150Z 183/274 Test #1194: LuaEvalTest.CatalogSwapKeepsSuspendedExecutionRuntimeAlive .........................................................................................................   Passed    0.01 sec
2026-10-05T16:23:16.5347422Z         Start 1202: MemoryTest.RetainedChargeTransfersOwnershipWithoutGlobalNewHooks
2026-10-05T16:23:16.5418309Z 184/274 Test #1202: MemoryTest.RetainedChargeTransfersOwnershipWithoutGlobalNewHooks ...................................................................................................   Passed    0.01 sec
2026-10-05T16:23:16.5419710Z         Start 1208: MetaControlMapperTest.SourceIndexDoesNotBecomeTopologyEpoch
2026-10-05T16:23:16.5510592Z 185/274 Test #1208: MetaControlMapperTest.SourceIndexDoesNotBecomeTopologyEpoch ........................................................................................................   Passed    0.01 sec
2026-10-05T16:23:16.5511897Z         Start 1212: MetaControlMapperTest.AcceptsGrantlessGroupWithOwnerIntent
2026-10-05T16:23:16.5590608Z 186/274 Test #1212: MetaControlMapperTest.AcceptsGrantlessGroupWithOwnerIntent .........................................................................................................   Passed    0.01 sec
2026-10-05T16:23:16.5591602Z         Start 1216: MetaControlMapperTest.RejectsMalformedNodeHosts
2026-10-05T16:23:16.5695678Z 187/274 Test #1216: MetaControlMapperTest.RejectsMalformedNodeHosts ....................................................................................................................   Passed    0.01 sec
2026-10-05T16:23:16.5696906Z         Start 1224: MetaSessionRunResultTest.StopAfterSessionReturnStillPropagatesCleanupFailure
2026-10-05T16:23:16.5759618Z 188/274 Test #1224: MetaSessionRunResultTest.StopAfterSessionReturnStillPropagatesCleanupFailure .......................................................................................   Passed    0.01 sec
2026-10-05T16:23:16.5761135Z         Start 1228: MetaEndpointDirectoryTest.RejectsMissingOrMismatchedPrincipalBinding
2026-10-05T16:23:16.5823768Z 189/274 Test #1228: MetaEndpointDirectoryTest.RejectsMissingOrMismatchedPrincipalBinding ...............................................................................................   Passed    0.01 sec
2026-10-05T16:23:16.5825086Z         Start 1233: MetaCandidateProjectionTest.FencedHistoricalOwnerUsesAuthenticatedSelfOriginLineage
2026-10-05T16:23:16.5888381Z 190/274 Test #1233: MetaCandidateProjectionTest.FencedHistoricalOwnerUsesAuthenticatedSelfOriginLineage ................................................................................   Passed    0.01 sec
2026-10-05T16:23:16.5889852Z         Start 1235: MetaInboundTransferAbortTest.SupersededFullStateKeepsTheAuthenticatedSessionAndHeartbeat
2026-10-05T16:23:16.5951999Z 191/274 Test #1235: MetaInboundTransferAbortTest.SupersededFullStateKeepsTheAuthenticatedSessionAndHeartbeat ...........................................................................   Passed    0.01 sec
2026-10-05T16:23:16.5955319Z         Start 1246: MetaFailoverHeartbeatTest.ExactPreparingAndPreparedActionsBridgeHistoryRotationUntilCutover
2026-10-05T16:23:16.6015769Z 192/274 Test #1246: MetaFailoverHeartbeatTest.ExactPreparingAndPreparedActionsBridgeHistoryRotationUntilCutover ........................................................................   Passed    0.01 sec
2026-10-05T16:23:16.6017453Z         Start 1251: NodeControlInstallerTest.FullStateReconcilesChangedClusterControlAfterSourceCleanupOnly
2026-10-05T16:23:16.6152633Z 193/274 Test #1251: NodeControlInstallerTest.FullStateReconcilesChangedClusterControlAfterSourceCleanupOnly ............................................................................   Passed    0.01 sec
2026-10-05T16:23:16.6154665Z         Start 1254: NodeControlInstallerTest.ControlledPausePreservesFiniteLeaseAndRejectsOnlyMutations
2026-10-05T16:23:16.6360577Z 194/274 Test #1254: NodeControlInstallerTest.ControlledPausePreservesFiniteLeaseAndRejectsOnlyMutations ................................................................................   Passed    0.02 sec
2026-10-05T16:23:16.6362110Z         Start 1266: NodeControlInstallerTest.SteadyOwnerGrantSkipsPromotionAndEnablesFiniteExpirationFirst
2026-10-05T16:23:16.6462386Z 195/274 Test #1266: NodeControlInstallerTest.SteadyOwnerGrantSkipsPromotionAndEnablesFiniteExpirationFirst .............................................................................   Passed    0.01 sec
2026-10-05T16:23:16.6464047Z         Start 1270: NodeControlInstallerTest.SessionLossRevokesFiniteExpirationAuthorityAndTheWriteLease
2026-10-05T16:23:16.6560158Z 196/274 Test #1270: NodeControlInstallerTest.SessionLossRevokesFiniteExpirationAuthorityAndTheWriteLease ...............................................................................   Passed    0.01 sec
2026-10-05T16:23:16.6561467Z         Start 1272: NodeControlInstallerTest.ProjectionRefreshPreservesSharedLeaseCapability
2026-10-05T16:23:16.6679708Z 197/274 Test #1272: NodeControlInstallerTest.ProjectionRefreshPreservesSharedLeaseCapability ...........................................................................................   Passed    0.01 sec
2026-10-05T16:23:16.6681088Z         Start 1289: NodeControlInstallerTest.LeaseTimerExpiresExactLeaseButCannotRevokeItsRenewal
2026-10-05T16:23:18.5790658Z 198/274 Test #1289: NodeControlInstallerTest.LeaseTimerExpiresExactLeaseButCannotRevokeItsRenewal ......................................................................................   Passed    1.91 sec
2026-10-05T16:23:18.5792121Z         Start 1299: NodeControlInstallerTest.ExactFdsRefreshPreservesSourceExportsAndAuthorityChangeDrainsOldWork
2026-10-05T16:23:18.5974273Z 199/274 Test #1299: NodeControlInstallerTest.ExactFdsRefreshPreservesSourceExportsAndAuthorityChangeDrainsOldWork ......................................................................   Passed    0.02 sec
2026-10-05T16:23:18.5976153Z         Start 1302: NodeControlInstallerTest.SessionInvalidationClosesLeaseBeforeAsynchronousCleanup
2026-10-05T16:23:18.6061353Z 200/274 Test #1302: NodeControlInstallerTest.SessionInvalidationClosesLeaseBeforeAsynchronousCleanup ...................................................................................   Passed    0.01 sec
2026-10-05T16:23:18.6062724Z         Start 1307: NodeControlInstallerTest.ReplicaReadinessAndRebuildUseTargetMemberAssignment
2026-10-05T16:23:18.6352846Z 201/274 Test #1307: NodeControlInstallerTest.ReplicaReadinessAndRebuildUseTargetMemberAssignment .......................................................................................   Passed    0.03 sec
2026-10-05T16:23:18.6354420Z         Start 1318: RespParserTest.DoesNotEagerlyAllocateDeclaredArrayLength
2026-10-05T16:23:18.6415576Z 202/274 Test #1318: RespParserTest.DoesNotEagerlyAllocateDeclaredArrayLength ...........................................................................................................   Passed    0.01 sec
2026-10-05T16:23:18.6416585Z         Start 1320: RespParserTest.ReturnsPipelinedCommandsInWireOrder
2026-10-05T16:23:18.6480029Z 203/274 Test #1320: RespParserTest.ReturnsPipelinedCommandsInWireOrder .................................................................................................................   Passed    0.01 sec
2026-10-05T16:23:18.6482044Z         Start 1323: RespParserTest.AcceptsInlineCommandsQuotesAndEscapesIncrementally
2026-10-05T16:23:18.6545670Z 204/274 Test #1323: RespParserTest.AcceptsInlineCommandsQuotesAndEscapesIncrementally ..................................................................................................   Passed    0.01 sec
2026-10-05T16:23:18.6546954Z         Start 1327: ReplyBuilderTest.EncodesProtocolSpecificResp3Types
2026-10-05T16:23:18.6609962Z 205/274 Test #1327: ReplyBuilderTest.EncodesProtocolSpecificResp3Types .................................................................................................................   Passed    0.01 sec
2026-10-05T16:23:18.6611129Z         Start 1335: ScanHashMapTest.TaggedAddressSurvivesChainCompactionAndRejectsStaleSlots
2026-10-05T16:23:18.6738409Z 206/274 Test #1335: ScanHashMapTest.TaggedAddressSurvivesChainCompactionAndRejectsStaleSlots ...........................................................................................   Passed    0.01 sec
2026-10-05T16:23:18.6739608Z         Start 1347: ScanHashMapTest.SharedArenaReusesSlotsAndRejectsPageIdExhaustion
2026-10-05T16:23:18.6915733Z 207/274 Test #1347: ScanHashMapTest.SharedArenaReusesSlotsAndRejectsPageIdExhaustion ...................................................................................................   Passed    0.02 sec
2026-10-05T16:23:18.6917540Z         Start 1355: ScanHashMapTest.AmortizesAlignmentAcrossSixteenLogicalPages
2026-10-05T16:23:18.7028598Z 208/274 Test #1355: ScanHashMapTest.AmortizesAlignmentAcrossSixteenLogicalPages ........................................................................................................   Passed    0.01 sec
2026-10-05T16:23:18.7030161Z         Start 1356: ScanHashMapTest.RehashDefersOverflowAllocationWhenAdmissionIsFull
2026-10-05T16:23:18.7150063Z 209/274 Test #1356: ScanHashMapTest.RehashDefersOverflowAllocationWhenAdmissionIsFull ..................................................................................................   Passed    0.01 sec
2026-10-05T16:23:18.7151568Z         Start 1359: ScanHashMapTest.InlineShortKeyComparisonCoversEveryByte
2026-10-05T16:23:18.7263249Z 210/274 Test #1359: ScanHashMapTest.InlineShortKeyComparisonCoversEveryByte ............................................................................................................   Passed    0.01 sec
2026-10-05T16:23:18.7265477Z         Start 1362: ScanHashMapTest.ConstAndMutableLookupCrossBucketBoundaries
2026-10-05T16:23:18.7489866Z 211/274 Test #1362: ScanHashMapTest.ConstAndMutableLookupCrossBucketBoundaries .........................................................................................................   Passed    0.02 sec
2026-10-05T16:23:18.7491708Z         Start 1370: SourceAuthorizationLedgerTest.RevocationRejectsTheOldRevisionButAllowsANewerCompleteIdentity
2026-10-05T16:23:18.7556448Z 212/274 Test #1370: SourceAuthorizationLedgerTest.RevocationRejectsTheOldRevisionButAllowsANewerCompleteIdentity .......................................................................   Passed    0.01 sec
2026-10-05T16:23:18.7557926Z         Start 1374: SourceAuthorizationLedgerTest.AuthorizationIsBoundToTheExactDirectiveIdentity
2026-10-05T16:23:18.7622147Z 213/274 Test #1374: SourceAuthorizationLedgerTest.AuthorizationIsBoundToTheExactDirectiveIdentity ......................................................................................   Passed    0.01 sec
2026-10-05T16:23:18.7623463Z         Start 1383: CommandTableTest.ResolvesSortStoreDestination
2026-10-05T16:23:18.7688839Z 214/274 Test #1383: CommandTableTest.ResolvesSortStoreDestination ......................................................................................................................   Passed    0.01 sec
2026-10-05T16:23:18.7689839Z         Start 1394: CommandTableTest.ReplicationGateCandidatesAreClassified
2026-10-05T16:23:18.7753621Z 215/274 Test #1394: CommandTableTest.ReplicationGateCandidatesAreClassified ............................................................................................................   Passed    0.01 sec
2026-10-05T16:23:18.7755592Z         Start 1402: RdbTest.StreamEncoderSupportsRedisSevenCompatibilityHeader
2026-10-05T16:23:18.7818472Z 216/274 Test #1402: RdbTest.StreamEncoderSupportsRedisSevenCompatibilityHeader .........................................................................................................   Passed    0.01 sec
2026-10-05T16:23:18.7819854Z         Start 1409: RdbTest.DecodesLzfAcrossFileBuffersWithoutBorrowedInput
2026-10-05T16:23:19.3635583Z 217/274 Test #1409: RdbTest.DecodesLzfAcrossFileBuffersWithoutBorrowedInput ............................................................................................................   Passed    0.58 sec
2026-10-05T16:23:19.3636913Z         Start 1411: RdbTest.ReadsFileMetadataDatabasesAndExpirations
2026-10-05T16:23:19.3709927Z 218/274 Test #1411: RdbTest.ReadsFileMetadataDatabasesAndExpirations ...................................................................................................................   Passed    0.01 sec
2026-10-05T16:23:19.3710975Z         Start 1420: RdbTest.AcceptsAllRedisStreamEncodings
2026-10-05T16:23:19.3777598Z 219/274 Test #1420: RdbTest.AcceptsAllRedisStreamEncodings .............................................................................................................................   Passed    0.01 sec
2026-10-05T16:23:19.3778927Z         Start 1426: RdbCollectionTest.AggregateCountUsesRdb64BitLengthWithoutAllocation
2026-10-05T16:23:19.3842880Z 220/274 Test #1426: RdbCollectionTest.AggregateCountUsesRdb64BitLengthWithoutAllocation ................................................................................................   Passed    0.01 sec
2026-10-05T16:23:19.3844371Z         Start 1428: RdbCollectionImportTest.FourTypesConsumeAdmittedPagesAndRewind
2026-10-05T16:23:20.9333252Z 221/274 Test #1428: RdbCollectionImportTest.FourTypesConsumeAdmittedPagesAndRewind .....................................................................................................   Passed    1.55 sec
2026-10-05T16:23:20.9334653Z         Start 1438: RecordLocationTest.GroupedRepresentationSurvivesIndexAndExpiryChanges
2026-10-05T16:23:20.9449796Z 222/274 Test #1438: RecordLocationTest.GroupedRepresentationSurvivesIndexAndExpiryChanges ..............................................................................................   Passed    0.01 sec
2026-10-05T16:23:20.9451331Z         Start 1441: RecordLocationTest.RemoteMaterializationRejectsReusedBlockByEpoch
2026-10-05T16:23:20.9591892Z 223/274 Test #1441: RecordLocationTest.RemoteMaterializationRejectsReusedBlockByEpoch ..................................................................................................   Passed    0.01 sec
2026-10-05T16:23:20.9593758Z         Start 1449: ReplicationCommandTest.CapturePreparationOomPreservesEarlierEffects
2026-10-05T16:23:20.9658408Z 224/274 Test #1449: ReplicationCommandTest.CapturePreparationOomPreservesEarlierEffects ................................................................................................   Passed    0.01 sec
2026-10-05T16:23:20.9660400Z         Start 1451: ReplicationCommandTest.SetAlreadyCarriesFinalExpirationSemantics
2026-10-05T16:23:20.9723583Z 225/274 Test #1451: ReplicationCommandTest.SetAlreadyCarriesFinalExpirationSemantics ...................................................................................................   Passed    0.01 sec
2026-10-05T16:23:20.9724728Z         Start 1461: PopulationManifestTest.SupportsEmptyAndFullDesiredPopulations
2026-10-05T16:23:20.9873502Z 226/274 Test #1461: PopulationManifestTest.SupportsEmptyAndFullDesiredPopulations ......................................................................................................   Passed    0.01 sec
2026-10-05T16:23:20.9874624Z         Start 1472: ReplicationGroupTest.RejectsStaleIdentityAndAttemptReuse
2026-10-05T16:23:21.0027831Z 227/274 Test #1472: ReplicationGroupTest.RejectsStaleIdentityAndAttemptReuse ...........................................................................................................   Passed    0.02 sec
2026-10-05T16:23:21.0029126Z         Start 1475: ReplicationGroupTest.InvalidatePublishedProofRequiresFreshAttempt
2026-10-05T16:23:21.0306489Z 228/274 Test #1475: ReplicationGroupTest.InvalidatePublishedProofRequiresFreshAttempt ..................................................................................................   Passed    0.03 sec
2026-10-05T16:23:21.0307958Z         Start 1476: ReplicationGroupTest.RestartDropsProofAtEveryRebuildBoundary
2026-10-05T16:23:21.0596408Z 229/274 Test #1476: ReplicationGroupTest.RestartDropsProofAtEveryRebuildBoundary .......................................................................................................   Passed    0.03 sec
2026-10-05T16:23:21.0597568Z         Start 1482: ReplicationGroupTest.ConflictingFlowCutVectorCannotBeRewritten
2026-10-05T16:23:21.0753058Z 230/274 Test #1482: ReplicationGroupTest.ConflictingFlowCutVectorCannotBeRewritten .....................................................................................................   Passed    0.02 sec
2026-10-05T16:23:21.0755006Z         Start 1487: ReplicationHistoryTest.GapsAndHistoryChangesNeverAdvertiseInventedCoverage
2026-10-05T16:23:21.0823881Z 231/274 Test #1487: ReplicationHistoryTest.GapsAndHistoryChangesNeverAdvertiseInventedCoverage .........................................................................................   Passed    0.01 sec
2026-10-05T16:23:21.0825500Z         Start 1500: NativeReplayTest.SingleFlowCompletionDoesNotRequireOptionalRetention
2026-10-05T16:23:21.0907658Z 232/274 Test #1500: NativeReplayTest.SingleFlowCompletionDoesNotRequireOptionalRetention ...............................................................................................   Passed    0.01 sec
2026-10-05T16:23:21.0908936Z         Start 1504: NativeReparentTest.LaggingRequiresEveryParentSuffixAndNoDivergentComponent
2026-10-05T16:23:21.0975431Z 233/274 Test #1504: NativeReparentTest.LaggingRequiresEveryParentSuffixAndNoDivergentComponent .........................................................................................   Passed    0.01 sec
2026-10-05T16:23:21.0977549Z         Start 1506: ReplicaAppliedFrontierTest.AdvancesOnlyTheCompletedEvent
2026-10-05T16:23:21.1039592Z 234/274 Test #1506: ReplicaAppliedFrontierTest.AdvancesOnlyTheCompletedEvent ...........................................................................................................   Passed    0.01 sec
2026-10-05T16:23:21.1040806Z         Start 1514: ReplicaAppliedFrontierTest.PublicationSequenceNeverWraps
2026-10-05T16:23:21.1106582Z 235/274 Test #1514: ReplicaAppliedFrontierTest.PublicationSequenceNeverWraps ...........................................................................................................   Passed    0.01 sec
2026-10-05T16:23:21.1107976Z         Start 1515: FullSyncHandoffProgressTest.OutOfOrderAckDoesNotHideUnsentOrPendingPartitions
2026-10-05T16:23:21.1172570Z 236/274 Test #1515: FullSyncHandoffProgressTest.OutOfOrderAckDoesNotHideUnsentOrPendingPartitions ......................................................................................   Passed    0.01 sec
2026-10-05T16:23:21.1174025Z         Start 1523: TxBlockLeases.ExpiredWitnessFindsOtherLiveWriter
2026-10-05T16:23:21.1238926Z 237/274 Test #1523: TxBlockLeases.ExpiredWitnessFindsOtherLiveWriter ...................................................................................................................   Passed    0.01 sec
2026-10-05T16:23:21.1240020Z         Start 1527: StorageStateTest.PromotionBaseEqualityIncludesDurabilityFrontier
2026-10-05T16:23:21.1303480Z 238/274 Test #1527: StorageStateTest.PromotionBaseEqualityIncludesDurabilityFrontier ...................................................................................................   Passed    0.01 sec
2026-10-05T16:23:21.1304578Z         Start 1535: StorageFormatTest.GroupedRootsAllowStringsAndCollections
2026-10-05T16:23:21.1371268Z 239/274 Test #1535: StorageFormatTest.GroupedRootsAllowStringsAndCollections ...........................................................................................................   Passed    0.01 sec
2026-10-05T16:23:21.1372255Z         Start 1542: StorageFormatTest.EncodesMemoryReplicationFrames
2026-10-05T16:23:21.1438322Z 240/274 Test #1542: StorageFormatTest.EncodesMemoryReplicationFrames ...................................................................................................................   Passed    0.01 sec
2026-10-05T16:23:21.1439798Z         Start 1550: StorageExpirationAuthorityTest.WorkersOwnSeparateCachedControlBlocks
2026-10-05T16:23:21.1506417Z 241/274 Test #1550: StorageExpirationAuthorityTest.WorkersOwnSeparateCachedControlBlocks ...............................................................................................   Passed    0.01 sec
2026-10-05T16:23:21.1507657Z         Start 1552: StorageExpirationAuthorityTest.LegacyPermanentGrantIsIdempotent
2026-10-05T16:23:21.1573723Z 242/274 Test #1552: StorageExpirationAuthorityTest.LegacyPermanentGrantIsIdempotent ....................................................................................................   Passed    0.01 sec
2026-10-05T16:23:21.1574904Z         Start 1562: WorkerPlacementTest.ControlTimersSurviveNonYieldingDataOnSharedCpu
2026-10-05T16:23:21.4668542Z 243/274 Test #1562: WorkerPlacementTest.ControlTimersSurviveNonYieldingDataOnSharedCpu .................................................................................................   Passed    0.31 sec
2026-10-05T16:23:21.4669740Z         Start 1576: meta_integration.ctl_client
2026-10-05T16:23:27.0309685Z 244/274 Test #1576: meta_integration.ctl_client ........................................................................................................................................   Passed    5.56 sec
2026-10-05T16:23:27.0310773Z         Start 1579: meta_integration.admin_slow_reader
2026-10-05T16:23:35.2450667Z 245/274 Test #1579: meta_integration.admin_slow_reader .................................................................................................................................   Passed    8.21 sec
2026-10-05T16:23:35.2452665Z         Start 1587: meta_integration.gate_transport
2026-10-05T16:24:08.4905207Z 246/274 Test #1587: meta_integration.gate_transport ....................................................................................................................................   Passed   33.25 sec
2026-10-05T16:24:08.4907243Z         Start 1589: meta_integration.gate_observation_lifecycle
2026-10-05T16:24:12.1414077Z 247/274 Test #1589: meta_integration.gate_observation_lifecycle ........................................................................................................................   Passed    3.65 sec
2026-10-05T16:24:12.1415239Z         Start 1596: meta_integration.gate_heartbeat_cadence
2026-10-05T16:24:26.5857816Z 248/274 Test #1596: meta_integration.gate_heartbeat_cadence ............................................................................................................................   Passed   14.44 sec
2026-10-05T16:24:26.5859546Z         Start 1603: meta_integration.gate_managed_wait
2026-10-05T16:26:08.3625070Z 249/274 Test #1603: meta_integration.gate_managed_wait .................................................................................................................................   Passed  101.78 sec
2026-10-05T16:26:08.3626801Z         Start 1604: meta_integration.gate_managed_single_blocking
2026-10-05T16:27:34.4002637Z 250/274 Test #1604: meta_integration.gate_managed_single_blocking ......................................................................................................................   Passed   86.04 sec
2026-10-05T16:27:34.4004362Z         Start 1616: meta_integration.gate_managed_flush_reclaim
2026-10-05T16:28:09.9854142Z 251/274 Test #1616: meta_integration.gate_managed_flush_reclaim ........................................................................................................................   Passed   35.58 sec
2026-10-05T16:28:09.9856137Z         Start 1625: meta_integration.recovery_cluster_coverage-gap
2026-10-05T16:28:41.0334444Z 252/274 Test #1625: meta_integration.recovery_cluster_coverage-gap .....................................................................................................................   Passed   31.05 sec
2026-10-05T16:28:41.0336018Z         Start 1637: meta_integration.gate_failover_candidate_abort
2026-10-05T16:29:00.1020677Z 253/274 Test #1637: meta_integration.gate_failover_candidate_abort .....................................................................................................................   Passed   19.07 sec
2026-10-05T16:29:00.1021763Z         Start 1639: meta_integration.gate_failover_source_degrade_reselect
2026-10-05T16:30:05.5407319Z 254/274 Test #1639: meta_integration.gate_failover_source_degrade_reselect .............................................................................................................   Passed   65.44 sec
2026-10-05T16:30:05.5409276Z         Start 1642: meta_integration.gate_automatic_failover_owner_pause
2026-10-05T16:30:31.6751942Z 255/274 Test #1642: meta_integration.gate_automatic_failover_owner_pause ...............................................................................................................   Passed   26.13 sec
2026-10-05T16:30:31.6754303Z         Start 1650: meta_integration.gate_population_recovery_clean_owner
2026-10-05T16:31:07.1811318Z 256/274 Test #1650: meta_integration.gate_population_recovery_clean_owner ..............................................................................................................   Passed   35.51 sec
2026-10-05T16:31:07.1813392Z         Start 1662: meta_integration.single_population_recovery_incomplete_full
2026-10-05T16:31:39.2701008Z 257/274 Test #1662: meta_integration.single_population_recovery_incomplete_full ........................................................................................................   Passed   32.09 sec
2026-10-05T16:31:39.2703681Z         Start 1664: meta_integration.gate_population_recovery_promoted_follower
2026-10-05T16:32:14.4418699Z 258/274 Test #1664: meta_integration.gate_population_recovery_promoted_follower ........................................................................................................   Passed   35.17 sec
2026-10-05T16:32:14.4420747Z         Start 1666: meta_integration.sentinel_tls_mapped
2026-10-05T16:32:50.1715575Z 259/274 Test #1666: meta_integration.sentinel_tls_mapped ...............................................................................................................................   Passed   35.73 sec
2026-10-05T16:32:50.1717920Z         Start 1669: meta_integration.sentinel_tls_handshake
2026-10-05T16:32:53.4160600Z 260/274 Test #1669: meta_integration.sentinel_tls_handshake ............................................................................................................................   Passed    3.24 sec
2026-10-05T16:32:53.4161670Z         Start 1677: cluster_soak_reference_model
2026-10-05T16:32:54.4214829Z 261/274 Test #1677: cluster_soak_reference_model .......................................................................................................................................   Passed    1.01 sec
2026-10-05T16:32:54.4216635Z         Start 1683: meta_connector
2026-10-05T16:32:56.4451511Z 262/274 Test #1683: meta_connector .....................................................................................................................................................   Passed    2.02 sec
2026-10-05T16:32:56.4452408Z         Start 1686: lavik_native_replicaof_e2e
2026-10-05T16:33:01.3256775Z 263/274 Test #1686: lavik_native_replicaof_e2e .........................................................................................................................................   Passed    4.88 sec
2026-10-05T16:33:01.3258512Z         Start 1688: lavik_redis_export_shake_standalone
2026-10-05T16:33:12.3946436Z 264/274 Test #1688: lavik_redis_export_shake_standalone ................................................................................................................................   Passed   11.07 sec
2026-10-05T16:33:12.3947799Z         Start 1692: lavik_redis_export_ha_cluster
2026-10-05T16:36:08.6073905Z 265/274 Test #1692: lavik_redis_export_ha_cluster ......................................................................................................................................   Passed  176.21 sec
2026-10-05T16:36:08.6075104Z         Start 1695: lavik_redis_sync_reader_single-single
2026-10-05T16:36:37.2602817Z 266/274 Test #1695: lavik_redis_sync_reader_single-single ..............................................................................................................................   Passed   28.65 sec
2026-10-05T16:36:37.2605203Z         Start 1701: lavik_redis_sync_reader_single-full-connection
2026-10-05T16:36:52.5714772Z 267/274 Test #1701: lavik_redis_sync_reader_single-full-connection .....................................................................................................................   Passed   15.31 sec
2026-10-05T16:36:52.5715657Z         Start 1706: lavik_redis_sync_reader_cluster-full-tool
2026-10-05T16:37:07.9251187Z 268/274 Test #1706: lavik_redis_sync_reader_cluster-full-tool ..........................................................................................................................   Passed   15.35 sec
2026-10-05T16:37:07.9252474Z         Start 1715: lavik_redis_export_disk_full_e2e
2026-10-05T16:37:14.0059206Z 269/274 Test #1715: lavik_redis_export_disk_full_e2e ...................................................................................................................................   Passed    6.08 sec
2026-10-05T16:37:14.0060804Z         Start 1719: lavik_replication_log_e2e
2026-10-05T16:37:20.8915672Z 270/274 Test #1719: lavik_replication_log_e2e ..........................................................................................................................................   Passed    6.89 sec
2026-10-05T16:37:20.8917711Z         Start 1723: lavik_flushdb_reclaim_e2e
2026-10-05T16:37:49.0565596Z 271/274 Test #1723: lavik_flushdb_reclaim_e2e ..........................................................................................................................................   Passed   28.16 sec
2026-10-05T16:37:49.0567462Z         Start 1728: lavik_tomb_raider_multiworker
2026-10-05T16:37:50.7176462Z 272/274 Test #1728: lavik_tomb_raider_multiworker ......................................................................................................................................   Passed    1.66 sec
2026-10-05T16:37:50.7178122Z         Start 1740: lavik_grouped_ordered_write_e2e
2026-10-05T16:47:33.0367376Z 273/274 Test #1740: lavik_grouped_ordered_write_e2e ....................................................................................................................................   Passed  582.32 sec
2026-10-05T16:47:33.0369336Z         Start 1744: bycorf_connect_timer_check
2026-10-05T16:47:38.7476644Z 274/274 Test #1744: bycorf_connect_timer_check .........................................................................................................................................   Passed    5.71 sec
2026-10-05T16:47:38.7487199Z
2026-10-05T16:47:38.7487648Z 100% tests passed, 0 tests failed out of 274
2026-10-05T16:47:38.7490318Z
2026-10-05T16:47:38.7490518Z Label Time Summary:
2026-10-05T16:47:38.7490787Z automatic-failover     =  26.13 sec*proc (1 test)
2026-10-05T16:47:38.7491121Z cluster-integration    =   0.10 sec*proc (1 test)
2026-10-05T16:47:38.7491447Z cluster-model          =   0.46 sec*proc (6 tests)
2026-10-05T16:47:38.7491782Z cluster-soak           =   1.01 sec*proc (1 test)
2026-10-05T16:47:38.7492097Z failover               = 213.41 sec*proc (6 tests)
2026-10-05T16:47:38.7492400Z io_uring               =   5.71 sec*proc (1 test)
2026-10-05T16:47:38.7492708Z large-codec            =   4.75 sec*proc (1 test)
2026-10-05T16:47:38.7493179Z meta                   =  20.94 sec*proc (122 tests)
2026-10-05T16:47:38.7493526Z meta-integration       = 631.26 sec*proc (20 tests)
2026-10-05T16:47:38.7493839Z net                    =   5.71 sec*proc (1 test)
2026-10-05T16:47:38.7494151Z population-recovery    = 102.77 sec*proc (3 tests)
2026-10-05T16:47:38.7494826Z redis-import           =  59.32 sec*proc (3 tests)
2026-10-05T16:47:38.7495134Z runtime                =   5.71 sec*proc (1 test)
2026-10-05T16:47:38.7495440Z sentinel-client        =  38.97 sec*proc (2 tests)
2026-10-05T16:47:38.7495640Z
2026-10-05T16:47:38.7495740Z Total Test time (real) = 1493.72 sec
2026-10-05T16:47:38.7548676Z PASS: ctest
2026-10-05T16:47:38.7685975Z ##[group]Run actions/upload-artifact@v7
2026-10-05T16:47:38.7686273Z with:
2026-10-05T16:47:38.7686456Z   name: test-results-arm64-0
2026-10-05T16:47:38.7687481Z   path: build_ci/test-results/
build_ci/Testing/Temporary/
build_ci/meta-integration/**/*.log
build_ci/meta-integration/**/*.json
/mnt/dev/lavik-*.log
/mnt/dev/cluster_client_*/**/*.log
/tmp/lavik-*/**/*.log
/tmp/cluster_create_*/**/*.log
/tmp/cluster_client_*/**/*.log
/tmp/meta_*/**/*.log
/tmp/lavik-*.log

2026-10-05T16:47:38.7688549Z   if-no-files-found: ignore
2026-10-05T16:47:38.7688766Z   retention-days: 7
2026-10-05T16:47:38.7688966Z   compression-level: 6
2026-10-05T16:47:38.7689188Z   overwrite: false
2026-10-05T16:47:38.7689390Z   include-hidden-files: false
2026-10-05T16:47:38.7689617Z   archive: true
2026-10-05T16:47:38.7689793Z env:
2026-10-05T16:47:38.7690076Z   PYTHONPATH: /home/runner/work/lavik/lavik/build_ci/test_tools/redis_py
2026-10-05T16:47:38.7690430Z   GOTOOLCHAIN: local
2026-10-05T16:47:38.7690654Z ##[endgroup]
2026-10-05T16:47:38.9696843Z Multiple search paths detected. Calculating the least common ancestor of all paths
2026-10-05T16:47:38.9699050Z The least common ancestor is /. This will be the root directory of the artifact
2026-10-05T16:47:38.9699576Z With the provided path, there will be 7 files uploaded
2026-10-05T16:47:38.9703695Z Artifact name is valid!
2026-10-05T16:47:38.9705071Z Root directory input is valid!
2026-10-05T16:47:39.3055054Z Uploading artifact: test-results-arm64-0.zip
2026-10-05T16:47:39.3089317Z Beginning upload of artifact content to blob storage
2026-10-05T16:47:39.7061745Z Uploaded bytes 132810
2026-10-05T16:47:39.7631932Z Finished uploading artifact content to blob storage!
2026-10-05T16:47:39.7632831Z SHA256 digest of uploaded artifact is 4a7c2bdbff7e9138a13d273a3243d0ba9b61f5d3280228ded090b831e6691254
2026-10-05T16:47:39.7633463Z Finalizing artifact upload
2026-10-05T16:47:40.1572475Z Artifact test-results-arm64-0 successfully finalized. Artifact ID 11360065154
2026-10-05T16:47:40.1573330Z Artifact test-results-arm64-0 has been successfully uploaded! Final size is 132810 bytes. Artifact ID is 11360065154
2026-10-05T16:47:40.1576600Z Artifact download URL: https://github.com/eloqdata/lavik/actions/runs/37339320997/artifacts/11360065154
2026-10-05T16:47:40.1724685Z Post job cleanup.
2026-10-05T16:47:40.2710207Z [command]/opt/hostedtoolcache/go/1.26.8/arm64/bin/go env GOMODCACHE
2026-10-05T16:47:40.2772149Z [command]/opt/hostedtoolcache/go/1.26.8/arm64/bin/go env GOCACHE
2026-10-05T16:47:40.2788625Z /home/runner/go/pkg/mod
2026-10-05T16:47:40.2806022Z /home/runner/.cache/go-build
2026-10-05T16:47:40.2813339Z Cache hit occurred on the primary key setup-go-Linux-arm64-ubuntu24-arm64-go-1.26.8-52a31333fdbe81b448a90130b1fe6ac14c2f243aba4a731c327db2137c0da2d4, not saving cache.
2026-10-05T16:47:40.2919832Z Post job cleanup.
2026-10-05T16:47:40.3664112Z [command]/usr/bin/git version
2026-10-05T16:47:40.3693634Z git version 2.55.0
2026-10-05T16:47:40.3726675Z Temporarily overriding HOME='/home/runner/work/_temp/b41ccf1f-9790-495c-a98e-8d0fbe878a56' before making global git config changes
2026-10-05T16:47:40.3727419Z Adding repository directory to the temporary git global config as a safe directory
2026-10-05T16:47:40.3728980Z [command]/usr/bin/git config --global --add safe.directory /home/runner/work/lavik/lavik
2026-10-05T16:47:40.3765198Z Removing SSH command configuration
2026-10-05T16:47:40.3772057Z [command]/usr/bin/git config --local --name-only --get-regexp core\.sshCommand
2026-10-05T16:47:40.3809537Z [command]/usr/bin/git submodule foreach --recursive sh -c "git config --local --name-only --get-regexp 'core\.sshCommand' && git config --local --unset-all 'core.sshCommand' || :"
2026-10-05T16:47:40.4021148Z Removing HTTP extra header
2026-10-05T16:47:40.4026892Z [command]/usr/bin/git config --local --name-only --get-regexp http\.https\:\/\/github\.com\/\.extraheader
2026-10-05T16:47:40.4066008Z [command]/usr/bin/git submodule foreach --recursive sh -c "git config --local --name-only --get-regexp 'http\.https\:\/\/github\.com\/\.extraheader' && git config --local --unset-all 'http.https://github.com/.extraheader' || :"
2026-10-05T16:47:40.4263673Z Removing includeIf entries pointing to credentials config files
2026-10-05T16:47:40.4270488Z [command]/usr/bin/git config --local --name-only --get-regexp ^includeIf\.gitdir:
2026-10-05T16:47:40.4314455Z [command]/usr/bin/git submodule foreach --recursive git config --local --show-origin --name-only --get-regexp remote.origin.url
2026-10-05T16:47:40.4646769Z Cleaning up orphan processes
