2026-10-05T15:34:49.1561347Z Current runner version: '2.337.0'
2026-10-05T15:34:49.1590651Z ##[group]Runner Image Provisioner
2026-10-05T15:34:49.1591541Z Hosted Compute Agent
2026-10-05T15:34:49.1592464Z Version: 20260901.588
2026-10-05T15:34:49.1593163Z Commit: f88ec8081b781fac6c440065ac7ff9e710ce3d0b
2026-10-05T15:34:49.1593960Z Build Date: 2026-09-01T19:56:44Z
2026-10-05T15:34:49.1594717Z Worker ID: {6052d4ce-0909-491c-a927-731bb014fe6b}
2026-10-05T15:34:49.1595715Z Azure Region: eastus2
2026-10-05T15:34:49.1596460Z ##[endgroup]
2026-10-05T15:34:49.1598372Z ##[group]Operating System
2026-10-05T15:34:49.1599118Z Ubuntu
2026-10-05T15:34:49.1599666Z 24.04.5
2026-10-05T15:34:49.1600172Z LTS
2026-10-05T15:34:49.1600738Z ##[endgroup]
2026-10-05T15:34:49.1601340Z ##[group]Runner Image
2026-10-05T15:34:49.1601945Z Image: ubuntu-24.04-arm
2026-10-05T15:34:49.1602743Z Version: 20260927.135.1
2026-10-05T15:34:49.1604066Z Included Software: https://github.com/actions/runner-images/blob/ubuntu24-arm64/20260927.135/images/ubuntu/Ubuntu2404-Arm64-Readme.md
2026-10-05T15:34:49.1606068Z Image Release: https://github.com/actions/runner-images/releases/tag/ubuntu24-arm64%2F20260927.135
2026-10-05T15:34:49.1607020Z ##[endgroup]
2026-10-05T15:34:49.1608253Z ##[group]GITHUB_TOKEN Permissions
2026-10-05T15:34:49.1611120Z Contents: read
2026-10-05T15:34:49.1611790Z Metadata: read
2026-10-05T15:34:49.1612357Z ##[endgroup]
2026-10-05T15:34:49.1615007Z Secret source: Actions
2026-10-05T15:34:49.1616297Z Cache mode: write
2026-10-05T15:34:49.1617209Z Prepare workflow directory
2026-10-05T15:34:49.2216535Z Prepare all required actions
2026-10-05T15:34:49.2267113Z Getting action download info
2026-10-05T15:34:49.4364461Z Download action repository 'actions/checkout@v7' (SHA:3d3c42e5aac5ba805825da76410c181273ba90b1)
2026-10-05T15:34:49.5320823Z Download action repository 'actions/setup-go@b7ad1dad31e06c5925ef5d2fc7ad053ef454303e' (SHA:b7ad1dad31e06c5925ef5d2fc7ad053ef454303e)
2026-10-05T15:34:49.7990016Z Download action repository 'actions/download-artifact@3e5f45b2cfb9172054b4087a40e8e0b5a5461e7c' (SHA:3e5f45b2cfb9172054b4087a40e8e0b5a5461e7c)
2026-10-05T15:34:50.0287377Z Download action repository 'actions/upload-artifact@v7' (SHA:043fb46d1a93c77aae656e7c1c64a875d1fc6a0a)
2026-10-05T15:34:50.2219173Z Complete job name: Test shard (arm64, 0)
2026-10-05T15:34:50.3045937Z ##[group]Run actions/checkout@v7
2026-10-05T15:34:50.3047233Z with:
2026-10-05T15:34:50.3047712Z   persist-credentials: false
2026-10-05T15:34:50.3048223Z   repository: eloqdata/lavik
2026-10-05T15:34:50.3052100Z   token: ***
2026-10-05T15:34:50.3052516Z   ssh-strict: true
2026-10-05T15:34:50.3052940Z   ssh-user: git
2026-10-05T15:34:50.3053341Z   clean: true
2026-10-05T15:34:50.3053767Z   sparse-checkout-cone-mode: true
2026-10-05T15:34:50.3054259Z   fetch-depth: 1
2026-10-05T15:34:50.3054677Z   fetch-tags: false
2026-10-05T15:34:50.3055121Z   show-progress: true
2026-10-05T15:34:50.3055855Z   lfs: false
2026-10-05T15:34:50.3056324Z   submodules: false
2026-10-05T15:34:50.3056769Z   set-safe-directory: true
2026-10-05T15:34:50.3057315Z   allow-unsafe-pr-checkout: false
2026-10-05T15:34:50.3058314Z env:
2026-10-05T15:34:50.3058939Z   PYTHONPATH: /home/runner/work/lavik/lavik/build_ci/test_tools/redis_py
2026-10-05T15:34:50.3059628Z ##[endgroup]
2026-10-05T15:34:50.3921387Z Syncing repository: eloqdata/lavik
2026-10-05T15:34:50.3924137Z ##[group]Getting Git version info
2026-10-05T15:34:50.3925143Z Working directory is '/home/runner/work/lavik/lavik'
2026-10-05T15:34:50.3926704Z [command]/usr/bin/git version
2026-10-05T15:34:50.4022532Z git version 2.55.0
2026-10-05T15:34:50.4040210Z ##[endgroup]
2026-10-05T15:34:50.4050083Z Temporarily overriding HOME='/home/runner/work/_temp/79e732a1-9a6a-426b-9f23-4879299f7268' before making global git config changes
2026-10-05T15:34:50.4054398Z Adding repository directory to the temporary git global config as a safe directory
2026-10-05T15:34:50.4056222Z [command]/usr/bin/git config --global --add safe.directory /home/runner/work/lavik/lavik
2026-10-05T15:34:50.4086151Z Deleting the contents of '/home/runner/work/lavik/lavik'
2026-10-05T15:34:50.4089784Z ##[group]Determining repository object format
2026-10-05T15:34:50.4091410Z ##[endgroup]
2026-10-05T15:34:50.4094204Z ##[group]Initializing the repository
2026-10-05T15:34:50.4096089Z [command]/usr/bin/git init /home/runner/work/lavik/lavik
2026-10-05T15:34:50.4207359Z hint: Using 'master' as the name for the initial branch. This default branch name
2026-10-05T15:34:50.4216168Z hint: will change to "main" in Git 3.0. To configure the initial branch name
2026-10-05T15:34:50.4218196Z hint: to use in all of your new repositories, which will suppress this warning,
2026-10-05T15:34:50.4219144Z hint: call:
2026-10-05T15:34:50.4219767Z hint:
2026-10-05T15:34:50.4220550Z hint: 	git config --global init.defaultBranch <name>
2026-10-05T15:34:50.4221497Z hint:
2026-10-05T15:34:50.4222383Z hint: Names commonly chosen instead of 'master' are 'main', 'trunk' and
2026-10-05T15:34:50.4223431Z hint: 'development'. The just-created branch can be renamed via this command:
2026-10-05T15:34:50.4224352Z hint:
2026-10-05T15:34:50.4224937Z hint: 	git branch -m <name>
2026-10-05T15:34:50.4225667Z hint:
2026-10-05T15:34:50.4226527Z hint: Disable this message with "git config set advice.defaultBranchName false"
2026-10-05T15:34:50.4227587Z Initialized empty Git repository in /home/runner/work/lavik/lavik/.git/
2026-10-05T15:34:50.4229841Z [command]/usr/bin/git remote add origin https://github.com/eloqdata/lavik
2026-10-05T15:34:50.4268452Z ##[endgroup]
2026-10-05T15:34:50.4269506Z ##[group]Disabling automatic garbage collection
2026-10-05T15:34:50.4270509Z [command]/usr/bin/git config --local gc.auto 0
2026-10-05T15:34:50.4291185Z ##[endgroup]
2026-10-05T15:34:50.4293021Z ##[group]Setting up auth
2026-10-05T15:34:50.4294126Z Removing SSH command configuration
2026-10-05T15:34:50.4296124Z [command]/usr/bin/git config --local --name-only --get-regexp core\.sshCommand
2026-10-05T15:34:50.4328417Z [command]/usr/bin/git submodule foreach --recursive sh -c "git config --local --name-only --get-regexp 'core\.sshCommand' && git config --local --unset-all 'core.sshCommand' || :"
2026-10-05T15:34:50.4616531Z Removing HTTP extra header
2026-10-05T15:34:50.4620783Z [command]/usr/bin/git config --local --name-only --get-regexp http\.https\:\/\/github\.com\/\.extraheader
2026-10-05T15:34:50.4650793Z [command]/usr/bin/git submodule foreach --recursive sh -c "git config --local --name-only --get-regexp 'http\.https\:\/\/github\.com\/\.extraheader' && git config --local --unset-all 'http.https://github.com/.extraheader' || :"
2026-10-05T15:34:50.4838730Z Removing includeIf entries pointing to credentials config files
2026-10-05T15:34:50.4842916Z [command]/usr/bin/git config --local --name-only --get-regexp ^includeIf\.gitdir:
2026-10-05T15:34:50.4882161Z [command]/usr/bin/git submodule foreach --recursive git config --local --show-origin --name-only --get-regexp remote.origin.url
2026-10-05T15:34:50.5075386Z [command]/usr/bin/git config --file /home/runner/work/_temp/git-credentials-f9b0c4b6-b471-4b5c-9ef0-67a64a98a83d.config http.https://github.com/.extraheader AUTHORIZATION: basic ***
2026-10-05T15:34:50.5114433Z [command]/usr/bin/git config --local includeIf.gitdir:/home/runner/work/lavik/lavik/.git.path /home/runner/work/_temp/git-credentials-f9b0c4b6-b471-4b5c-9ef0-67a64a98a83d.config
2026-10-05T15:34:50.5147305Z [command]/usr/bin/git config --local includeIf.gitdir:/home/runner/work/lavik/lavik/.git/worktrees/*.path /home/runner/work/_temp/git-credentials-f9b0c4b6-b471-4b5c-9ef0-67a64a98a83d.config
2026-10-05T15:34:50.5183713Z [command]/usr/bin/git config --local includeIf.gitdir:/github/workspace/.git.path /github/runner_temp/git-credentials-f9b0c4b6-b471-4b5c-9ef0-67a64a98a83d.config
2026-10-05T15:34:50.5216656Z [command]/usr/bin/git config --local includeIf.gitdir:/github/workspace/.git/worktrees/*.path /github/runner_temp/git-credentials-f9b0c4b6-b471-4b5c-9ef0-67a64a98a83d.config
2026-10-05T15:34:50.5247112Z ##[endgroup]
2026-10-05T15:34:50.5248291Z ##[group]Fetching the repository
2026-10-05T15:34:50.5253409Z [command]/usr/bin/git -c protocol.version=2 fetch --no-tags --prune --no-recurse-submodules --depth=1 origin +c637a3260897928bb8ad18bdd25e3483e7cea56a:refs/remotes/pull/275/merge
2026-10-05T15:34:51.6977026Z From https://github.com/eloqdata/lavik
2026-10-05T15:34:51.6978879Z  * [new ref]         c637a3260897928bb8ad18bdd25e3483e7cea56a -> pull/275/merge
2026-10-05T15:34:51.6983462Z ##[endgroup]
2026-10-05T15:34:51.6985391Z ##[group]Determining the checkout info
2026-10-05T15:34:51.6988279Z ##[endgroup]
2026-10-05T15:34:51.6990000Z [command]/usr/bin/git sparse-checkout disable
2026-10-05T15:34:51.7033713Z [command]/usr/bin/git config --local --unset-all extensions.worktreeConfig
2026-10-05T15:34:51.7066009Z ##[group]Checking out the ref
2026-10-05T15:34:51.7068174Z [command]/usr/bin/git checkout --progress --force refs/remotes/pull/275/merge
2026-10-05T15:34:51.8240830Z Note: switching to 'refs/remotes/pull/275/merge'.
2026-10-05T15:34:51.8242436Z
2026-10-05T15:34:51.8243527Z You are in 'detached HEAD' state. You can look around, make experimental
2026-10-05T15:34:51.8255951Z changes and commit them, and you can discard any commits you make in this
2026-10-05T15:34:51.8257961Z state without impacting any branches by switching back to a branch.
2026-10-05T15:34:51.8259017Z
2026-10-05T15:34:51.8259877Z If you want to create a new branch to retain commits you create, you may
2026-10-05T15:34:51.8261526Z do so (now or later) by using -c with the switch command. Example:
2026-10-05T15:34:51.8262468Z
2026-10-05T15:34:51.8262892Z   git switch -c <new-branch-name>
2026-10-05T15:34:51.8263620Z
2026-10-05T15:34:51.8264041Z Or undo this operation with:
2026-10-05T15:34:51.8264689Z
2026-10-05T15:34:51.8265066Z   git switch -
2026-10-05T15:34:51.8265865Z
2026-10-05T15:34:51.8266757Z Turn off this advice by setting config variable advice.detachedHead to false
2026-10-05T15:34:51.8267831Z
2026-10-05T15:34:51.8269032Z HEAD is now at c637a32 Merge dbd72cb1cdd899b0c90f9807621efb863592a7e1 into 5a3903d9b3c0632e3b34e827b779d9daa58455c2
2026-10-05T15:34:51.8273153Z ##[endgroup]
2026-10-05T15:34:51.8311415Z [command]/usr/bin/git log -1 --format=%H
2026-10-05T15:34:51.8347706Z c637a3260897928bb8ad18bdd25e3483e7cea56a
2026-10-05T15:34:51.8350000Z ##[group]Removing auth
2026-10-05T15:34:51.8350689Z Removing SSH command configuration
2026-10-05T15:34:51.8353190Z [command]/usr/bin/git config --local --name-only --get-regexp core\.sshCommand
2026-10-05T15:34:51.8383660Z [command]/usr/bin/git submodule foreach --recursive sh -c "git config --local --name-only --get-regexp 'core\.sshCommand' && git config --local --unset-all 'core.sshCommand' || :"
2026-10-05T15:34:51.8564127Z Removing HTTP extra header
2026-10-05T15:34:51.8566582Z [command]/usr/bin/git config --local --name-only --get-regexp http\.https\:\/\/github\.com\/\.extraheader
2026-10-05T15:34:51.8599133Z [command]/usr/bin/git submodule foreach --recursive sh -c "git config --local --name-only --get-regexp 'http\.https\:\/\/github\.com\/\.extraheader' && git config --local --unset-all 'http.https://github.com/.extraheader' || :"
2026-10-05T15:34:51.8777611Z Removing includeIf entries pointing to credentials config files
2026-10-05T15:34:51.8779629Z [command]/usr/bin/git config --local --name-only --get-regexp ^includeIf\.gitdir:
2026-10-05T15:34:51.8803712Z includeif.gitdir:/home/runner/work/lavik/lavik/.git.path
2026-10-05T15:34:51.8804705Z includeif.gitdir:/home/runner/work/lavik/lavik/.git/worktrees/*.path
2026-10-05T15:34:51.8805396Z includeif.gitdir:/github/workspace/.git.path
2026-10-05T15:34:51.8806313Z includeif.gitdir:/github/workspace/.git/worktrees/*.path
2026-10-05T15:34:51.8821407Z [command]/usr/bin/git config --local --get-all includeif.gitdir:/home/runner/work/lavik/lavik/.git.path
2026-10-05T15:34:51.8835128Z /home/runner/work/_temp/git-credentials-f9b0c4b6-b471-4b5c-9ef0-67a64a98a83d.config
2026-10-05T15:34:51.8845241Z [command]/usr/bin/git config --local --unset includeif.gitdir:/home/runner/work/lavik/lavik/.git.path \/home\/runner\/work\/_temp\/git\-credentials\-f9b0c4b6\-b471\-4b5c\-9ef0\-67a64a98a83d\.config
2026-10-05T15:34:51.8884742Z [command]/usr/bin/git config --local --get-all includeif.gitdir:/home/runner/work/lavik/lavik/.git/worktrees/*.path
2026-10-05T15:34:51.8909210Z /home/runner/work/_temp/git-credentials-f9b0c4b6-b471-4b5c-9ef0-67a64a98a83d.config
2026-10-05T15:34:51.8917516Z [command]/usr/bin/git config --local --unset includeif.gitdir:/home/runner/work/lavik/lavik/.git/worktrees/*.path \/home\/runner\/work\/_temp\/git\-credentials\-f9b0c4b6\-b471\-4b5c\-9ef0\-67a64a98a83d\.config
2026-10-05T15:34:51.8954094Z [command]/usr/bin/git config --local --get-all includeif.gitdir:/github/workspace/.git.path
2026-10-05T15:34:51.8977963Z /github/runner_temp/git-credentials-f9b0c4b6-b471-4b5c-9ef0-67a64a98a83d.config
2026-10-05T15:34:51.8986851Z [command]/usr/bin/git config --local --unset includeif.gitdir:/github/workspace/.git.path \/github\/runner_temp\/git\-credentials\-f9b0c4b6\-b471\-4b5c\-9ef0\-67a64a98a83d\.config
2026-10-05T15:34:51.9024930Z [command]/usr/bin/git config --local --get-all includeif.gitdir:/github/workspace/.git/worktrees/*.path
2026-10-05T15:34:51.9049043Z /github/runner_temp/git-credentials-f9b0c4b6-b471-4b5c-9ef0-67a64a98a83d.config
2026-10-05T15:34:51.9060683Z [command]/usr/bin/git config --local --unset includeif.gitdir:/github/workspace/.git/worktrees/*.path \/github\/runner_temp\/git\-credentials\-f9b0c4b6\-b471\-4b5c\-9ef0\-67a64a98a83d\.config
2026-10-05T15:34:51.9095338Z [command]/usr/bin/git submodule foreach --recursive git config --local --show-origin --name-only --get-regexp remote.origin.url
2026-10-05T15:34:51.9278379Z Removing credentials config '/home/runner/work/_temp/git-credentials-f9b0c4b6-b471-4b5c-9ef0-67a64a98a83d.config'
2026-10-05T15:34:51.9289948Z ##[endgroup]
2026-10-05T15:34:51.9566196Z ##[group]Run actions/setup-go@b7ad1dad31e06c5925ef5d2fc7ad053ef454303e
2026-10-05T15:34:51.9566977Z with:
2026-10-05T15:34:51.9567384Z   go-version-file: raft/go.mod
2026-10-05T15:34:51.9568492Z   cache-dependency-path: raft/go.sum
tests/meta_integration/cluster_client_go/go.sum
tests/meta_integration/sentinel_client_go/go.sum

2026-10-05T15:34:51.9569402Z   check-latest: false
2026-10-05T15:34:51.9572744Z   token: ***
2026-10-05T15:34:51.9573172Z   cache: true
2026-10-05T15:34:51.9573530Z env:
2026-10-05T15:34:51.9574089Z   PYTHONPATH: /home/runner/work/lavik/lavik/build_ci/test_tools/redis_py
2026-10-05T15:34:51.9574724Z ##[endgroup]
2026-10-05T15:34:52.0533805Z Setup go version spec 1.26.8
2026-10-05T15:34:52.0552251Z Found in cache @ /opt/hostedtoolcache/go/1.26.8/arm64
2026-10-05T15:34:52.0553083Z Added go to the path
2026-10-05T15:34:52.0555646Z Successfully set up Go version 1.26.8
2026-10-05T15:34:52.8156608Z [command]/opt/hostedtoolcache/go/1.26.8/arm64/bin/go env GOMODCACHE
2026-10-05T15:34:52.8188577Z [command]/opt/hostedtoolcache/go/1.26.8/arm64/bin/go env GOCACHE
2026-10-05T15:34:52.8226702Z /home/runner/go/pkg/mod
2026-10-05T15:34:52.8234312Z /home/runner/.cache/go-build
2026-10-05T15:34:52.9350425Z Cache hit for: setup-go-Linux-arm64-ubuntu24-arm64-go-1.26.8-52a31333fdbe81b448a90130b1fe6ac14c2f243aba4a731c327db2137c0da2d4
2026-10-05T15:34:53.7326617Z Received 162327702 of 162327702 (100.0%), 215.3 MBs/sec
2026-10-05T15:34:53.7327184Z Cache Size: ~155 MB (162327702 B)
2026-10-05T15:34:53.7360255Z [command]/usr/bin/tar -xf /home/runner/work/_temp/006993f9-9084-4a5d-9301-e5f6588bbd94/cache.tzst -P -C /home/runner/work/lavik/lavik --use-compress-program unzstd
2026-10-05T15:34:54.4068493Z Cache restored successfully
2026-10-05T15:34:54.4121568Z Cache restored from key: setup-go-Linux-arm64-ubuntu24-arm64-go-1.26.8-52a31333fdbe81b448a90130b1fe6ac14c2f243aba4a731c327db2137c0da2d4
2026-10-05T15:34:54.4147765Z go version go1.26.8 linux/arm64
2026-10-05T15:34:54.4148135Z
2026-10-05T15:34:54.4148564Z ##[group]go env
2026-10-05T15:34:54.4491879Z AR='ar'
2026-10-05T15:34:54.4492487Z CC='gcc'
2026-10-05T15:34:54.4492822Z CGO_CFLAGS='-O2 -g'
2026-10-05T15:34:54.4493211Z CGO_CPPFLAGS=''
2026-10-05T15:34:54.4493822Z CGO_CXXFLAGS='-O2 -g'
2026-10-05T15:34:54.4494101Z CGO_ENABLED='1'
2026-10-05T15:34:54.4494381Z CGO_FFLAGS='-O2 -g'
2026-10-05T15:34:54.4494608Z CGO_LDFLAGS='-O2 -g'
2026-10-05T15:34:54.4494872Z CXX='g++'
2026-10-05T15:34:54.4495084Z GCCGO='gccgo'
2026-10-05T15:34:54.4495387Z GO111MODULE=''
2026-10-05T15:34:54.4495959Z GOARCH='arm64'
2026-10-05T15:34:54.4496177Z GOARM64='v8.0'
2026-10-05T15:34:54.4496463Z GOAUTH='netrc'
2026-10-05T15:34:54.4496674Z GOBIN=''
2026-10-05T15:34:54.4496962Z GOCACHE='/home/runner/.cache/go-build'
2026-10-05T15:34:54.4497306Z GOCACHEPROG=''
2026-10-05T15:34:54.4497512Z GODEBUG=''
2026-10-05T15:34:54.4497770Z GOENV='/home/runner/.config/go/env'
2026-10-05T15:34:54.4498054Z GOEXE=''
2026-10-05T15:34:54.4498327Z GOEXPERIMENT=''
2026-10-05T15:34:54.4498585Z GOFIPS140='off'
2026-10-05T15:34:54.4498795Z GOFLAGS=''
2026-10-05T15:34:54.4499489Z GOGCCFLAGS='-fPIC -pthread -Wl,--no-gc-sections -fmessage-length=0 -ffile-prefix-map=/tmp/go-build1937239735=/tmp/go-build -gno-record-gcc-switches'
2026-10-05T15:34:54.4500150Z GOHOSTARCH='arm64'
2026-10-05T15:34:54.4500409Z GOHOSTOS='linux'
2026-10-05T15:34:54.4500648Z GOINSECURE=''
2026-10-05T15:34:54.4500944Z GOMOD='/dev/null'
2026-10-05T15:34:54.4501196Z GOMODCACHE='/home/runner/go/pkg/mod'
2026-10-05T15:34:54.4501473Z GONOPROXY=''
2026-10-05T15:34:54.4501704Z GONOSUMDB=''
2026-10-05T15:34:54.4501945Z GOOS='linux'
2026-10-05T15:34:54.4502174Z GOPATH='/home/runner/go'
2026-10-05T15:34:54.4502420Z GOPRIVATE=''
2026-10-05T15:34:54.4502699Z GOPROXY='https://proxy.golang.org,direct'
2026-10-05T15:34:54.4503104Z GOROOT='/opt/hostedtoolcache/go/1.26.8/arm64'
2026-10-05T15:34:54.4503421Z GOSUMDB='sum.golang.org'
2026-10-05T15:34:54.4503691Z GOTELEMETRY='local'
2026-10-05T15:34:54.4504320Z GOTELEMETRYDIR='/home/runner/.config/go/telemetry'
2026-10-05T15:34:54.4504762Z GOTMPDIR=''
2026-10-05T15:34:54.4505044Z GOTOOLCHAIN='local'
2026-10-05T15:34:54.4505394Z GOTOOLDIR='/opt/hostedtoolcache/go/1.26.8/arm64/pkg/tool/linux_arm64'
2026-10-05T15:34:54.4506317Z GOVCS=''
2026-10-05T15:34:54.4506565Z GOVERSION='go1.26.8'
2026-10-05T15:34:54.4506796Z GOWORK=''
2026-10-05T15:34:54.4507088Z PKG_CONFIG='pkg-config'
2026-10-05T15:34:54.4507254Z
2026-10-05T15:34:54.4507631Z ##[endgroup]
2026-10-05T15:34:54.4719068Z ##[group]Run sudo apt-get update
2026-10-05T15:34:54.4719629Z [36;1msudo apt-get update[0m
2026-10-05T15:34:54.4720044Z [36;1msudo apt-get install -y --no-install-recommends \[0m
2026-10-05T15:34:54.4720535Z [36;1m  build-essential clang-18 cmake openssl python3 tcl zstd[0m
2026-10-05T15:34:54.4840788Z shell: /usr/bin/bash --noprofile --norc -e -o pipefail {0}
2026-10-05T15:34:54.4841328Z env:
2026-10-05T15:34:54.4841681Z   PYTHONPATH: /home/runner/work/lavik/lavik/build_ci/test_tools/redis_py
2026-10-05T15:34:54.4842147Z   GOTOOLCHAIN: local
2026-10-05T15:34:54.4842374Z ##[endgroup]
2026-10-05T15:34:54.6217858Z Get:1 https://packages.microsoft.com/ubuntu/24.04/prod noble InRelease [3600 B]
2026-10-05T15:34:54.6752287Z Get:2 https://packages.microsoft.com/ubuntu/24.04/prod noble/main armhf Packages [12.6 kB]
2026-10-05T15:34:54.6859565Z Get:3 https://packages.microsoft.com/ubuntu/24.04/prod noble/main arm64 Packages [458 kB]
2026-10-05T15:34:54.6951727Z Get:4 https://packages.microsoft.com/ubuntu/24.04/prod noble/main amd64 Packages [511 kB]
2026-10-05T15:34:54.8536694Z Hit:5 http://ports.ubuntu.com/ubuntu-ports noble InRelease
2026-10-05T15:34:54.9575745Z Get:6 http://ports.ubuntu.com/ubuntu-ports noble-updates InRelease [126 kB]
2026-10-05T15:34:55.4050220Z Get:7 http://ports.ubuntu.com/ubuntu-ports noble-backports InRelease [126 kB]
2026-10-05T15:34:55.6190158Z Get:8 http://ports.ubuntu.com/ubuntu-ports noble-security InRelease [126 kB]
2026-10-05T15:34:55.7632651Z Get:9 http://ports.ubuntu.com/ubuntu-ports noble-updates/main arm64 Packages [1424 kB]
2026-10-05T15:34:56.2824252Z Get:10 http://ports.ubuntu.com/ubuntu-ports noble-updates/main Translation-en [304 kB]
2026-10-05T15:34:56.4069852Z Get:11 http://ports.ubuntu.com/ubuntu-ports noble-updates/main arm64 Components [178 kB]
2026-10-05T15:34:56.5225997Z Get:12 http://ports.ubuntu.com/ubuntu-ports noble-updates/universe arm64 Packages [1736 kB]
2026-10-05T15:34:56.7842947Z Get:13 http://ports.ubuntu.com/ubuntu-ports noble-updates/universe Translation-en [341 kB]
2026-10-05T15:34:56.9002492Z Get:14 http://ports.ubuntu.com/ubuntu-ports noble-updates/universe arm64 Components [387 kB]
2026-10-05T15:34:57.0181744Z Get:15 http://ports.ubuntu.com/ubuntu-ports noble-updates/restricted arm64 Packages [2571 kB]
2026-10-05T15:34:57.2478034Z Get:16 http://ports.ubuntu.com/ubuntu-ports noble-updates/restricted Translation-en [394 kB]
2026-10-05T15:34:57.3578282Z Get:17 http://ports.ubuntu.com/ubuntu-ports noble-backports/main arm64 Components [3568 B]
2026-10-05T15:34:57.4619364Z Get:18 http://ports.ubuntu.com/ubuntu-ports noble-backports/universe arm64 Components [12.6 kB]
2026-10-05T15:34:57.7116988Z Get:19 http://ports.ubuntu.com/ubuntu-ports noble-security/main arm64 Packages [1134 kB]
2026-10-05T15:34:57.8364392Z Get:20 http://ports.ubuntu.com/ubuntu-ports noble-security/main Translation-en [221 kB]
2026-10-05T15:34:57.9433855Z Get:21 http://ports.ubuntu.com/ubuntu-ports noble-security/main arm64 Components [43.3 kB]
2026-10-05T15:34:58.0478445Z Get:22 http://ports.ubuntu.com/ubuntu-ports noble-security/universe arm64 Packages [1286 kB]
2026-10-05T15:34:58.1743030Z Get:23 http://ports.ubuntu.com/ubuntu-ports noble-security/universe Translation-en [244 kB]
2026-10-05T15:34:58.2824366Z Get:24 http://ports.ubuntu.com/ubuntu-ports noble-security/universe arm64 Components [76.3 kB]
2026-10-05T15:34:58.3869047Z Get:25 http://ports.ubuntu.com/ubuntu-ports noble-security/restricted arm64 Packages [2371 kB]
2026-10-05T15:34:58.5354240Z Get:26 http://ports.ubuntu.com/ubuntu-ports noble-security/restricted Translation-en [361 kB]
2026-10-05T15:35:02.2217992Z Fetched 14.5 MB in 4s (3526 kB/s)
2026-10-05T15:35:03.1599381Z Reading package lists...
2026-10-05T15:35:03.1898098Z Reading package lists...
2026-10-05T15:35:03.4213499Z Building dependency tree...
2026-10-05T15:35:03.4220263Z Reading state information...
2026-10-05T15:35:03.6448180Z clang-18 is already the newest version (1:18.1.3-1ubuntu1).
2026-10-05T15:35:03.6449316Z python3 is already the newest version (3.12.3-0ubuntu2.1).
2026-10-05T15:35:03.6450026Z tcl is already the newest version (8.6.14build1).
2026-10-05T15:35:03.6450366Z tcl set to manually installed.
2026-10-05T15:35:03.6450744Z zstd is already the newest version (1.5.5+dfsg2-2build1.1).
2026-10-05T15:35:03.6451100Z zstd set to manually installed.
2026-10-05T15:35:03.6451494Z The following additional packages will be installed:
2026-10-05T15:35:03.6455332Z   cmake-data libjsoncpp25 librhash0 libssl-dev libssl3t64
2026-10-05T15:35:03.6463414Z Suggested packages:
2026-10-05T15:35:03.6463925Z   cmake-doc cmake-format elpa-cmake-mode ninja-build libssl-doc
2026-10-05T15:35:03.6662630Z The following NEW packages will be installed:
2026-10-05T15:35:03.6670063Z   build-essential cmake cmake-data libjsoncpp25 librhash0
2026-10-05T15:35:03.6678476Z The following packages will be upgraded:
2026-10-05T15:35:03.6681755Z   libssl-dev libssl3t64 openssl
2026-10-05T15:35:03.7316265Z 3 upgraded, 5 newly installed, 0 to remove and 24 not upgraded.
2026-10-05T15:35:03.7317029Z Need to get 17.9 MB of archives.
2026-10-05T15:35:03.7317423Z After this operation, 45.0 MB of additional disk space will be used.
2026-10-05T15:35:03.7318132Z Get:1 http://ports.ubuntu.com/ubuntu-ports noble-updates/main arm64 libssl-dev arm64 3.0.13-0ubuntu3.16 [2379 kB]
2026-10-05T15:35:03.9281820Z Get:2 http://ports.ubuntu.com/ubuntu-ports noble-updates/main arm64 libssl3t64 arm64 3.0.13-0ubuntu3.16 [1838 kB]
2026-10-05T15:35:03.9675779Z Get:3 http://ports.ubuntu.com/ubuntu-ports noble-updates/main arm64 openssl arm64 3.0.13-0ubuntu3.16 [985 kB]
2026-10-05T15:35:03.9910666Z Get:4 http://ports.ubuntu.com/ubuntu-ports noble/main arm64 build-essential arm64 12.10ubuntu1 [4932 B]
2026-10-05T15:35:04.0091584Z Get:5 http://ports.ubuntu.com/ubuntu-ports noble/main arm64 libjsoncpp25 arm64 1.9.5-6build1 [78.2 kB]
2026-10-05T15:35:04.0276576Z Get:6 http://ports.ubuntu.com/ubuntu-ports noble/main arm64 librhash0 arm64 1.4.3-3build1 [126 kB]
2026-10-05T15:35:04.0463341Z Get:7 http://ports.ubuntu.com/ubuntu-ports noble/main arm64 cmake-data all 3.28.3-1build7 [2155 kB]
2026-10-05T15:35:04.0774082Z Get:8 http://ports.ubuntu.com/ubuntu-ports noble/main arm64 cmake arm64 3.28.3-1build7 [10.3 MB]
2026-10-05T15:35:04.3937989Z Fetched 17.9 MB in 0s (38.5 MB/s)
2026-10-05T15:35:04.4369421Z (Reading database ...
2026-10-05T15:35:04.4370592Z (Reading database ... 5%
2026-10-05T15:35:04.4370946Z (Reading database ... 10%
2026-10-05T15:35:04.4371234Z (Reading database ... 15%
2026-10-05T15:35:04.4371554Z (Reading database ... 20%
2026-10-05T15:35:04.4371895Z (Reading database ... 25%
2026-10-05T15:35:04.4372245Z (Reading database ... 30%
2026-10-05T15:35:04.4372509Z (Reading database ... 35%
2026-10-05T15:35:04.4372757Z (Reading database ... 40%
2026-10-05T15:35:04.4373162Z (Reading database ... 45%
2026-10-05T15:35:04.4373456Z (Reading database ... 50%
2026-10-05T15:35:04.4514574Z (Reading database ... 55%
2026-10-05T15:35:04.5659065Z (Reading database ... 60%
2026-10-05T15:35:04.7132324Z (Reading database ... 65%
2026-10-05T15:35:04.9553739Z (Reading database ... 70%
2026-10-05T15:35:05.0631657Z (Reading database ... 75%
2026-10-05T15:35:05.1541418Z (Reading database ... 80%
2026-10-05T15:35:05.3047665Z (Reading database ... 85%
2026-10-05T15:35:05.3989823Z (Reading database ... 90%
2026-10-05T15:35:05.4563211Z (Reading database ... 95%
2026-10-05T15:35:05.4564462Z (Reading database ... 100%
2026-10-05T15:35:05.4565244Z (Reading database ... 201617 files and directories currently installed.)
2026-10-05T15:35:05.4606840Z Preparing to unpack .../libssl-dev_3.0.13-0ubuntu3.16_arm64.deb ...
2026-10-05T15:35:05.4715628Z Unpacking libssl-dev:arm64 (3.0.13-0ubuntu3.16) over (3.0.13-0ubuntu3.15) ...
2026-10-05T15:35:05.6432052Z Preparing to unpack .../libssl3t64_3.0.13-0ubuntu3.16_arm64.deb ...
2026-10-05T15:35:05.6478418Z Unpacking libssl3t64:arm64 (3.0.13-0ubuntu3.16) over (3.0.13-0ubuntu3.15) ...
2026-10-05T15:35:05.8388267Z Setting up libssl3t64:arm64 (3.0.13-0ubuntu3.16) ...
2026-10-05T15:35:06.0321020Z (Reading database ...
2026-10-05T15:35:06.0321990Z (Reading database ... 5%
2026-10-05T15:35:06.0323002Z (Reading database ... 10%
2026-10-05T15:35:06.0323324Z (Reading database ... 15%
2026-10-05T15:35:06.0323739Z (Reading database ... 20%
2026-10-05T15:35:06.0324008Z (Reading database ... 25%
2026-10-05T15:35:06.0324304Z (Reading database ... 30%
2026-10-05T15:35:06.0324594Z (Reading database ... 35%
2026-10-05T15:35:06.0324845Z (Reading database ... 40%
2026-10-05T15:35:06.0325160Z (Reading database ... 45%
2026-10-05T15:35:06.0325423Z (Reading database ... 50%
2026-10-05T15:35:06.0337566Z (Reading database ... 55%
2026-10-05T15:35:06.0426737Z (Reading database ... 60%
2026-10-05T15:35:06.0447250Z (Reading database ... 65%
2026-10-05T15:35:06.0459881Z (Reading database ... 70%
2026-10-05T15:35:06.0487617Z (Reading database ... 75%
2026-10-05T15:35:06.0505550Z (Reading database ... 80%
2026-10-05T15:35:06.0528287Z (Reading database ... 85%
2026-10-05T15:35:06.0691148Z (Reading database ... 90%
2026-10-05T15:35:06.0844853Z (Reading database ... 95%
2026-10-05T15:35:06.0845191Z (Reading database ... 100%
2026-10-05T15:35:06.0846021Z (Reading database ... 201617 files and directories currently installed.)
2026-10-05T15:35:06.0881236Z Preparing to unpack .../0-openssl_3.0.13-0ubuntu3.16_arm64.deb ...
2026-10-05T15:35:06.1100100Z Unpacking openssl (3.0.13-0ubuntu3.16) over (3.0.13-0ubuntu3.15) ...
2026-10-05T15:35:06.3309706Z Selecting previously unselected package build-essential.
2026-10-05T15:35:06.3474176Z Preparing to unpack .../1-build-essential_12.10ubuntu1_arm64.deb ...
2026-10-05T15:35:06.3485167Z Unpacking build-essential (12.10ubuntu1) ...
2026-10-05T15:35:06.3688180Z Selecting previously unselected package libjsoncpp25:arm64.
2026-10-05T15:35:06.3847961Z Preparing to unpack .../2-libjsoncpp25_1.9.5-6build1_arm64.deb ...
2026-10-05T15:35:06.3861475Z Unpacking libjsoncpp25:arm64 (1.9.5-6build1) ...
2026-10-05T15:35:06.4219761Z Selecting previously unselected package librhash0:arm64.
2026-10-05T15:35:06.4376778Z Preparing to unpack .../3-librhash0_1.4.3-3build1_arm64.deb ...
2026-10-05T15:35:06.4389033Z Unpacking librhash0:arm64 (1.4.3-3build1) ...
2026-10-05T15:35:06.4610708Z Selecting previously unselected package cmake-data.
2026-10-05T15:35:06.4771623Z Preparing to unpack .../4-cmake-data_3.28.3-1build7_all.deb ...
2026-10-05T15:35:06.4836250Z Unpacking cmake-data (3.28.3-1build7) ...
2026-10-05T15:35:06.9633646Z Selecting previously unselected package cmake.
2026-10-05T15:35:06.9805956Z Preparing to unpack .../5-cmake_3.28.3-1build7_arm64.deb ...
2026-10-05T15:35:06.9817417Z Unpacking cmake (3.28.3-1build7) ...
2026-10-05T15:35:07.2046998Z Setting up libssl-dev:arm64 (3.0.13-0ubuntu3.16) ...
2026-10-05T15:35:07.2077823Z Setting up libjsoncpp25:arm64 (1.9.5-6build1) ...
2026-10-05T15:35:07.2103666Z Setting up librhash0:arm64 (1.4.3-3build1) ...
2026-10-05T15:35:07.2129850Z Setting up build-essential (12.10ubuntu1) ...
2026-10-05T15:35:07.2155561Z Setting up cmake-data (3.28.3-1build7) ...
2026-10-05T15:35:07.2217135Z Setting up openssl (3.0.13-0ubuntu3.16) ...
2026-10-05T15:35:07.2263502Z Setting up cmake (3.28.3-1build7) ...
2026-10-05T15:35:07.2295964Z Processing triggers for man-db (2.12.0-4build2) ...
2026-10-05T15:35:07.2321700Z Not building database; man-db/auto-update is not 'true'.
2026-10-05T15:35:07.2336438Z Processing triggers for libc-bin (2.39-0ubuntu8.9) ...
2026-10-05T15:35:09.4570865Z
2026-10-05T15:35:09.4571644Z Running kernel seems to be up-to-date.
2026-10-05T15:35:09.4572161Z
2026-10-05T15:35:09.4572276Z Restarting services...
2026-10-05T15:35:09.4938380Z  /etc/needrestart/restart.d/systemd-manager
2026-10-05T15:35:09.7213538Z  systemctl restart packagekit.service php8.3-fpm.service systemd-journald.service systemd-networkd.service systemd-resolved.service systemd-udevd.service udisks2.service
2026-10-05T15:35:09.8294935Z
2026-10-05T15:35:09.8295854Z Service restarts being deferred:
2026-10-05T15:35:09.8296685Z  systemctl restart hosted-compute-agent.service
2026-10-05T15:35:09.8297556Z  systemctl restart systemd-logind.service
2026-10-05T15:35:09.8298144Z  systemctl restart walinuxagent.service
2026-10-05T15:35:09.8298504Z
2026-10-05T15:35:09.8298926Z No containers need to be restarted.
2026-10-05T15:35:09.8299271Z
2026-10-05T15:35:09.8299532Z User sessions running outdated binaries:
2026-10-05T15:35:09.8300088Z  runner @ user manager service: systemd[1324]
2026-10-05T15:35:09.8383633Z
2026-10-05T15:35:09.8384224Z No VM guests are running outdated hypervisor (qemu) binaries on this host.
2026-10-05T15:35:10.9008801Z ##[group]Run actions/download-artifact@3e5f45b2cfb9172054b4087a40e8e0b5a5461e7c
2026-10-05T15:35:10.9009334Z with:
2026-10-05T15:35:10.9009625Z   name: ci-build-arm64
2026-10-05T15:35:10.9009912Z   path: /home/runner/work/_temp/ci-build
2026-10-05T15:35:10.9010226Z   merge-multiple: false
2026-10-05T15:35:10.9010538Z   repository: eloqdata/lavik
2026-10-05T15:35:10.9010953Z   run-id: 37332687744
2026-10-05T15:35:10.9011216Z   skip-decompress: false
2026-10-05T15:35:10.9011492Z   digest-mismatch: error
2026-10-05T15:35:10.9011720Z env:
2026-10-05T15:35:10.9012083Z   PYTHONPATH: /home/runner/work/lavik/lavik/build_ci/test_tools/redis_py
2026-10-05T15:35:10.9012474Z   GOTOOLCHAIN: local
2026-10-05T15:35:10.9012725Z ##[endgroup]
2026-10-05T15:35:11.0108380Z Downloading single artifact
2026-10-05T15:35:11.1200210Z Preparing to download the following artifacts:
2026-10-05T15:35:11.1201279Z - ci-build-arm64 (ID: 11355082056, Size: 701865972, Expected Digest: sha256:103505cbadd371ff5f01f45c221834978942c23351b0ae7bb677eb30f593a23b)
2026-10-05T15:35:11.3013461Z Redirecting to blob download url: https://productionresultssa7.blob.core.windows.net/actions-results/41dc91c9-f276-8f49-ae3b-efa2aad70903/workflow-job-run-b99d4842-54a7-5703-8dce-6b89a3fb2d7d/artifacts/7bb5f06eea2576c73442d51f5183ca756bff64318b614cf43b2784045c2b3a2c.zip
2026-10-05T15:35:11.3015084Z Starting download of artifact to: /home/runner/work/_temp/ci-build
2026-10-05T15:35:11.4342479Z (node:3042) [DEP0005] DeprecationWarning: Buffer() is deprecated due to security and usability issues. Please use the Buffer.alloc(), Buffer.allocUnsafe(), or Buffer.from() methods instead.
2026-10-05T15:35:11.4343679Z (Use `node --trace-deprecation ...` to show where the warning was created)
2026-10-05T15:35:17.9687402Z SHA256 digest of downloaded artifact is 103505cbadd371ff5f01f45c221834978942c23351b0ae7bb677eb30f593a23b
2026-10-05T15:35:17.9688505Z Artifact download completed successfully.
2026-10-05T15:35:17.9697581Z Total of 1 artifact(s) downloaded
2026-10-05T15:35:17.9698003Z Download artifact has finished successfully
2026-10-05T15:35:17.9835780Z ##[group]Run tar --zstd -xf "$RUNNER_TEMP/ci-build/ci-build.tar.zst"
2026-10-05T15:35:17.9836577Z [36;1mtar --zstd -xf "$RUNNER_TEMP/ci-build/ci-build.tar.zst"[0m
2026-10-05T15:35:17.9837046Z [36;1mpython3 scripts/ci_build_bundle.py validate build_ci[0m
2026-10-05T15:35:17.9837561Z [36;1mecho "$GITHUB_WORKSPACE/build_ci/test_tools/redis" >> "$GITHUB_PATH"[0m
2026-10-05T15:35:17.9838095Z [36;1mecho "$GITHUB_WORKSPACE/build_ci/test_tools/redis-shake" >> "$GITHUB_PATH"[0m
2026-10-05T15:35:17.9874811Z shell: /usr/bin/bash --noprofile --norc -e -o pipefail {0}
2026-10-05T15:35:17.9875171Z env:
2026-10-05T15:35:17.9875813Z   PYTHONPATH: /home/runner/work/lavik/lavik/build_ci/test_tools/redis_py
2026-10-05T15:35:17.9876242Z   GOTOOLCHAIN: local
2026-10-05T15:35:17.9876504Z ##[endgroup]
2026-10-05T15:35:23.3599356Z Validated /home/runner/work/lavik/lavik/build_ci: 1746 CTest cases
2026-10-05T15:35:23.5652495Z ##[group]Run sudo sysctl -w kernel.io_uring_disabled=0
2026-10-05T15:35:23.5653083Z [36;1msudo sysctl -w kernel.io_uring_disabled=0[0m
2026-10-05T15:35:23.5653568Z [36;1msudo install -d -o "$(id -u)" -g "$(id -g)" /mnt/dev[0m
2026-10-05T15:35:23.5688987Z shell: /usr/bin/bash --noprofile --norc -e -o pipefail {0}
2026-10-05T15:35:23.5689510Z env:
2026-10-05T15:35:23.5689843Z   PYTHONPATH: /home/runner/work/lavik/lavik/build_ci/test_tools/redis_py
2026-10-05T15:35:23.5690290Z   GOTOOLCHAIN: local
2026-10-05T15:35:23.5690530Z ##[endgroup]
2026-10-05T15:35:23.6623953Z kernel.io_uring_disabled = 0
2026-10-05T15:35:23.6944444Z ##[group]Run sudo prlimit --pid "$$" --memlock=unlimited
2026-10-05T15:35:23.6945042Z [36;1msudo prlimit --pid "$$" --memlock=unlimited[0m
2026-10-05T15:35:23.6945802Z [36;1m# Each shard has an isolated VM and remains serial internally, so[0m
2026-10-05T15:35:23.6946339Z [36;1m# fixed ports, large fixtures, and timing-sensitive faults cannot race.[0m
2026-10-05T15:35:23.6946890Z [36;1mscratch_image=$(mktemp "$RUNNER_TEMP/lavik-ci-gate.XXXXXX")[0m
2026-10-05T15:35:23.6947287Z [36;1mscratch_device=[0m
2026-10-05T15:35:23.6947578Z [36;1mcleanup() {[0m
2026-10-05T15:35:23.6947843Z [36;1m  if [[ -n "$scratch_device" ]]; then[0m
2026-10-05T15:35:23.6948227Z [36;1m    sudo losetup --detach "$scratch_device"[0m
2026-10-05T15:35:23.6948560Z [36;1m  fi[0m
2026-10-05T15:35:23.6948818Z [36;1m  rm -f -- "$scratch_image"[0m
2026-10-05T15:35:23.6949104Z [36;1m}[0m
2026-10-05T15:35:23.6949315Z [36;1mtrap cleanup EXIT[0m
2026-10-05T15:35:23.6949712Z [36;1mtruncate -s 16M "$scratch_image"[0m
2026-10-05T15:35:23.6950129Z [36;1mscratch_device=$(sudo losetup --find --show "$scratch_image")[0m
2026-10-05T15:35:23.6950567Z [36;1mexport LAVIK_CLUSTER_HARDWARE_OPT_IN=1[0m
2026-10-05T15:35:23.6950980Z [36;1mexport LAVIK_CLUSTER_SCRATCH_DEVICE="$scratch_device"[0m
2026-10-05T15:35:23.6951475Z [36;1m./scripts/run_ci_tests.sh build_ci --shard-index "$SHARD_INDEX" --shard-count 6[0m
2026-10-05T15:35:23.6987280Z shell: /usr/bin/bash --noprofile --norc -e -o pipefail {0}
2026-10-05T15:35:23.6987803Z env:
2026-10-05T15:35:23.6988127Z   PYTHONPATH: /home/runner/work/lavik/lavik/build_ci/test_tools/redis_py
2026-10-05T15:35:23.6988551Z   GOTOOLCHAIN: local
2026-10-05T15:35:23.6989041Z   SHARD_INDEX: 0
2026-10-05T15:35:23.6989288Z ##[endgroup]
2026-10-05T15:35:24.3579186Z Discovered 1746 CTest cases and 4 external suites; inventory fd69d883759a7cc6e54b88cb124bff9a05a5bb5c7a7809761ee0ceed6ba0418f
2026-10-05T15:35:24.3580119Z Shard 0/6: 274 items, estimated 30.0 minutes
2026-10-05T15:35:24.3580507Z Shard 1/6: 301 items, estimated 30.0 minutes
2026-10-05T15:35:24.3580890Z Shard 2/6: 276 items, estimated 30.0 minutes
2026-10-05T15:35:24.3581266Z Shard 3/6: 276 items, estimated 30.0 minutes
2026-10-05T15:35:24.3581620Z Shard 4/6: 324 items, estimated 30.0 minutes
2026-10-05T15:35:24.3581973Z Shard 5/6: 299 items, estimated 30.0 minutes
2026-10-05T15:35:24.3582513Z Selected shard 0; full manifest: /home/runner/work/lavik/lavik/build_ci/test-results/shard-0-of-6/plan.json
2026-10-05T15:35:24.3657048Z Internal ctest changing into directory: /home/runner/work/lavik/lavik/build_ci
2026-10-05T15:35:24.3658354Z Test project /home/runner/work/lavik/lavik/build_ci
2026-10-05T15:35:24.4046125Z         Start    8: cluster_model.LftTraceTest.ActionCodecPreservesTypedArgumentsAndPayload
2026-10-05T15:35:24.4067965Z   1/274 Test    #8: cluster_model.LftTraceTest.ActionCodecPreservesTypedArgumentsAndPayload ............................................................................................   Passed    0.00 sec
2026-10-05T15:35:24.4070028Z         Start   11: cluster_model.ScenarioRunnerTest.GoodScenarioExploresAndReplaysDistinctSchedules
2026-10-05T15:35:24.8615299Z   2/274 Test   #11: cluster_model.ScenarioRunnerTest.GoodScenarioExploresAndReplaysDistinctSchedules ...................................................................................   Passed    0.45 sec
2026-10-05T15:35:24.8616841Z         Start   16: cluster_model.ClusterInvariantTest.AcceptsDirectiveForTheAssignedReplicationGroup
2026-10-05T15:35:24.8639266Z   3/274 Test   #16: cluster_model.ClusterInvariantTest.AcceptsDirectiveForTheAssignedReplicationGroup ..................................................................................   Passed    0.00 sec
2026-10-05T15:35:24.8640734Z         Start   17: cluster_model.ClusterInvariantTest.RejectsDestructiveResetWithoutSafeSource
2026-10-05T15:35:24.8660792Z   4/274 Test   #17: cluster_model.ClusterInvariantTest.RejectsDestructiveResetWithoutSafeSource ........................................................................................   Passed    0.00 sec
2026-10-05T15:35:24.8662187Z         Start   23: cluster_model.ClusterInvariantTest.RejectsRetryAfterPopulationFailedStopped
2026-10-05T15:35:24.8686382Z   5/274 Test   #23: cluster_model.ClusterInvariantTest.RejectsRetryAfterPopulationFailedStopped ........................................................................................   Passed    0.00 sec
2026-10-05T15:35:24.8688272Z         Start   33: cluster_model.RequiredFaults/CounterexampleTest.GeneratesReplaysAndMinimizesStableFinding/(1-byte object <03>, "replication.reparent-requires-complete-history")
2026-10-05T15:35:24.8712297Z   6/274 Test   #33: cluster_model.RequiredFaults/CounterexampleTest.GeneratesReplaysAndMinimizesStableFinding/(1-byte object <03>, "replication.reparent-requires-complete-history") ...   Passed    0.00 sec
2026-10-05T15:35:24.8713639Z         Start   44: cluster_status.ClusterCreateManifestTest.ParsesStrictBootstrapPolicyOverrides
2026-10-05T15:35:24.8748912Z   7/274 Test   #44: cluster_status.ClusterCreateManifestTest.ParsesStrictBootstrapPolicyOverrides ......................................................................................   Passed    0.00 sec
2026-10-05T15:35:24.8750327Z         Start   50: cluster_status.ClusterCreateManifestTest.SentinelRegistrationRequiresUniqueUsableRoutesAndSingleCoverage
2026-10-05T15:35:24.8783731Z   8/274 Test   #50: cluster_status.ClusterCreateManifestTest.SentinelRegistrationRequiresUniqueUsableRoutesAndSingleCoverage ...........................................................   Passed    0.00 sec
2026-10-05T15:35:24.8785003Z         Start   53: cluster_status.ClusterCreateManifestTest.RejectsInvalidReplicaMembership
2026-10-05T15:35:24.8813445Z   9/274 Test   #53: cluster_status.ClusterCreateManifestTest.RejectsInvalidReplicaMembership ...........................................................................................   Passed    0.00 sec
2026-10-05T15:35:24.8814656Z         Start   62: cluster_status.ClusterCreateOperatorTest.RejectsActiveCreateBeforeMutation
2026-10-05T15:35:24.8839754Z  10/274 Test   #62: cluster_status.ClusterCreateOperatorTest.RejectsActiveCreateBeforeMutation .........................................................................................   Passed    0.00 sec
2026-10-05T15:35:24.8840972Z         Start   67: cluster_status.MetaClusterStatusWireTest.RoundTripsStrictBoundedV1Messages
2026-10-05T15:35:24.8863945Z  11/274 Test   #67: cluster_status.MetaClusterStatusWireTest.RoundTripsStrictBoundedV1Messages .........................................................................................   Passed    0.00 sec
2026-10-05T15:35:24.8865398Z         Start   70: cluster_status.MetaClusterStatusWireTest.AllowsBlockedPrePolicyDiagnosticsForNonPristineGroup
2026-10-05T15:35:24.8887245Z  12/274 Test   #70: cluster_status.MetaClusterStatusWireTest.AllowsBlockedPrePolicyDiagnosticsForNonPristineGroup ......................................................................   Passed    0.00 sec
2026-10-05T15:35:24.8888773Z         Start   75: cluster_status.MetaClusterStatusOperatorTest.LearnedTcpRequiresExplicitSecurityMode
2026-10-05T15:35:24.8910585Z  13/274 Test   #75: cluster_status.MetaClusterStatusOperatorTest.LearnedTcpRequiresExplicitSecurityMode ................................................................................   Passed    0.00 sec
2026-10-05T15:35:24.8911911Z         Start   77: cluster_status.MetaClusterStatusOperatorTest.TypedBusyExpiresAsRetryable
2026-10-05T15:35:24.9054061Z  14/274 Test   #77: cluster_status.MetaClusterStatusOperatorTest.TypedBusyExpiresAsRetryable ...........................................................................................   Passed    0.01 sec
2026-10-05T15:35:24.9055771Z         Start   89: cluster_status.MetaFailoverOperatorTest.SubmitsStableRequestToTheDiscoveredLeaderAndReportsCommit
2026-10-05T15:35:24.9078969Z  15/274 Test   #89: cluster_status.MetaFailoverOperatorTest.SubmitsStableRequestToTheDiscoveredLeaderAndReportsCommit ..................................................................   Passed    0.00 sec
2026-10-05T15:35:24.9080651Z         Start   99: meta.MetaDataControlLifecycleDeathTest.RejectedActiveShutdownNotificationFailsStop
2026-10-05T15:35:25.9819503Z  16/274 Test   #99: meta.MetaDataControlLifecycleDeathTest.RejectedActiveShutdownNotificationFailsStop .................................................................................   Passed    1.07 sec
2026-10-05T15:35:25.9820830Z         Start  100: meta.MetaProposalViewDeathTest.UncapturedAndWrongKeyQueriesNeverMeanAbsent
2026-10-05T15:35:29.0849852Z  17/274 Test  #100: meta.MetaProposalViewDeathTest.UncapturedAndWrongKeyQueriesNeverMeanAbsent .........................................................................................   Passed    3.10 sec
2026-10-05T15:35:29.0851718Z         Start  101: meta.MetaAutomaticFailoverStateMachineTest.DeferredTriggerPreservesDebounceUntilCommittedCutIsConfirmed
2026-10-05T15:35:29.0912583Z  18/274 Test  #101: meta.MetaAutomaticFailoverStateMachineTest.DeferredTriggerPreservesDebounceUntilCommittedCutIsConfirmed ............................................................   Passed    0.01 sec
2026-10-05T15:35:29.0914297Z         Start  106: meta.MetaAutomaticFailoverStateMachineTest.LeadershipEligibilityLossAndRegainBothResetElapsedTime
2026-10-05T15:35:29.0980100Z  19/274 Test  #106: meta.MetaAutomaticFailoverStateMachineTest.LeadershipEligibilityLossAndRegainBothResetElapsedTime ..................................................................   Passed    0.01 sec
2026-10-05T15:35:29.0983237Z         Start  127: meta.MetaAutomaticFailoverReconcilerTest.FailureReasonChangeImmediatelyBeforeAppendPreservesAdmission
2026-10-05T15:35:29.7516317Z  20/274 Test  #127: meta.MetaAutomaticFailoverReconcilerTest.FailureReasonChangeImmediatelyBeforeAppendPreservesAdmission ..............................................................   Passed    0.65 sec
2026-10-05T15:35:29.7517925Z         Start  129: meta.MetaAutomaticFailoverReconcilerTest.AutomaticBeginAtomicallyPreemptsPristineControlledRequest
2026-10-05T15:35:30.7048093Z  21/274 Test  #129: meta.MetaAutomaticFailoverReconcilerTest.AutomaticBeginAtomicallyPreemptsPristineControlledRequest .................................................................   Passed    0.95 sec
2026-10-05T15:35:30.7049719Z         Start  130: meta.MetaAutomaticFailoverReconcilerTest.OrdinaryHeartbeatsCannotKeepMissingCausalConfirmationPendingForever
2026-10-05T15:35:31.6626090Z  22/274 Test  #130: meta.MetaAutomaticFailoverReconcilerTest.OrdinaryHeartbeatsCannotKeepMissingCausalConfirmationPendingForever .......................................................   Passed    0.96 sec
2026-10-05T15:35:31.6627864Z         Start  131: meta.MetaAutomaticFailoverReconcilerTest.StaleProjectionCannotHideKnownExpiredOwnerLease
2026-10-05T15:35:32.5252539Z  23/274 Test  #131: meta.MetaAutomaticFailoverReconcilerTest.StaleProjectionCannotHideKnownExpiredOwnerLease ...........................................................................   Passed    0.86 sec
2026-10-05T15:35:32.5254148Z         Start  140: meta.ClusterCreateV1RecoveryTest.CapturePreservesExtraDataAndGroupsForRejection
2026-10-05T15:35:33.3409775Z  24/274 Test  #140: meta.ClusterCreateV1RecoveryTest.CapturePreservesExtraDataAndGroupsForRejection ....................................................................................   Passed    0.82 sec
2026-10-05T15:35:33.3411082Z         Start  146: meta.ClusterCreateV1RecoveryTest.InstallsRecoveryPolicyBeforeDataTopology
2026-10-05T15:35:34.0390156Z  25/274 Test  #146: meta.ClusterCreateV1RecoveryTest.InstallsRecoveryPolicyBeforeDataTopology ..........................................................................................   Passed    0.70 sec
2026-10-05T15:35:34.0391517Z         Start  148: meta.ClusterCreateV1RecoveryTest.PreservesValidPoliciesPreseededBeforeBootstrap
2026-10-05T15:35:34.6988733Z  26/274 Test  #148: meta.ClusterCreateV1RecoveryTest.PreservesValidPoliciesPreseededBeforeBootstrap ....................................................................................   Passed    0.66 sec
2026-10-05T15:35:34.6990570Z         Start  151: meta.ClusterCreateV1RecoveryTest.WaitsForCurrentSourceLeaseBeforeReplicaRebuild
2026-10-05T15:35:36.0436298Z  27/274 Test  #151: meta.ClusterCreateV1RecoveryTest.WaitsForCurrentSourceLeaseBeforeReplicaRebuild ....................................................................................   Passed    1.34 sec
2026-10-05T15:35:36.0437805Z         Start  152: meta.ClusterCreateV1RecoveryTest.SlowReplicaDoesNotBlockIndependentGroup
2026-10-05T15:35:37.7649261Z  28/274 Test  #152: meta.ClusterCreateV1RecoveryTest.SlowReplicaDoesNotBlockIndependentGroup ...........................................................................................   Passed    1.72 sec
2026-10-05T15:35:37.7650705Z         Start  180: meta.MembershipRecoveryTest.DoesNotUndoChangedConfiguration
2026-10-05T15:35:37.8158906Z  29/274 Test  #180: meta.MembershipRecoveryTest.DoesNotUndoChangedConfiguration ........................................................................................................   Passed    0.05 sec
2026-10-05T15:35:37.8160304Z         Start  182: meta.MembershipRecoveryTest.RejectsConcurrentCreationAndMembershipAtApply
2026-10-05T15:35:37.8392346Z  30/274 Test  #182: meta.MembershipRecoveryTest.RejectsConcurrentCreationAndMembershipAtApply ..........................................................................................   Passed    0.02 sec
2026-10-05T15:35:37.8393903Z         Start  188: meta.MetaCoordinatorComponentTest.CommitRevalidationPurgesRetiredNodeWithoutSubscribers
2026-10-05T15:35:37.8523762Z  31/274 Test  #188: meta.MetaCoordinatorComponentTest.CommitRevalidationPurgesRetiredNodeWithoutSubscribers ............................................................................   Passed    0.01 sec
2026-10-05T15:35:37.8526315Z         Start  192: meta.MetaCoordinatorComponentTest.SubscriptionHandleDestroyUnsubscribesAndWaitsInFlight
2026-10-05T15:35:38.0292228Z  32/274 Test  #192: meta.MetaCoordinatorComponentTest.SubscriptionHandleDestroyUnsubscribesAndWaitsInFlight ............................................................................   Passed    0.18 sec
2026-10-05T15:35:38.0293797Z         Start  197: meta.MetaCoordinatorServerTest.AttachedCoordinatorRequiresContinuationExecutor
2026-10-05T15:35:38.0537732Z  33/274 Test  #197: meta.MetaCoordinatorServerTest.AttachedCoordinatorRequiresContinuationExecutor .....................................................................................   Passed    0.02 sec
2026-10-05T15:35:38.0539274Z         Start  200: meta.MetaCoordinatorServerTest.FailSafeSnapshotFailureGate
2026-10-05T15:35:38.2897106Z  34/274 Test  #200: meta.MetaCoordinatorServerTest.FailSafeSnapshotFailureGate .........................................................................................................   Passed    0.24 sec
2026-10-05T15:35:38.2898402Z         Start  212: meta.MetaCoordinatorServerTest.ReconcilerStartCancelRestartIsIdempotent
2026-10-05T15:35:38.6270402Z  35/274 Test  #212: meta.MetaCoordinatorServerTest.ReconcilerStartCancelRestartIsIdempotent ............................................................................................   Passed    0.34 sec
2026-10-05T15:35:38.6271630Z         Start  216: meta.MetaCandidatePlanTest.IncomparableMaximaMinimizeEnvelopeDeficit
2026-10-05T15:35:38.6339033Z  36/274 Test  #216: meta.MetaCandidatePlanTest.IncomparableMaximaMinimizeEnvelopeDeficit ...............................................................................................   Passed    0.01 sec
2026-10-05T15:35:38.6340313Z         Start  221: meta.MetaCandidatePlanTest.UncontrolledSameTermDomainsUseCanonicalDomainIdentity
2026-10-05T15:35:38.6406990Z  37/274 Test  #221: meta.MetaCandidatePlanTest.UncontrolledSameTermDomainsUseCanonicalDomainIdentity ...................................................................................   Passed    0.01 sec
2026-10-05T15:35:38.6408654Z         Start  227: meta.MetaControlProjector.ProjectsCompleteCanonicalStateForOneNode
2026-10-05T15:35:38.6551966Z  38/274 Test  #227: meta.MetaControlProjector.ProjectsCompleteCanonicalStateForOneNode .................................................................................................   Passed    0.01 sec
2026-10-05T15:35:38.6553440Z         Start  231: meta.MetaControlProjector.EnablesSteadyReplicationOnlyAfterClusterCreationCompletes
2026-10-05T15:35:38.6725060Z  39/274 Test  #231: meta.MetaControlProjector.EnablesSteadyReplicationOnlyAfterClusterCreationCompletes ................................................................................   Passed    0.02 sec
2026-10-05T15:35:38.6726688Z         Start  247: meta.MetaDataControlRuntimeStatusTest.UnregisteredRetryEvidenceIsBounded
2026-10-05T15:35:38.6902235Z  40/274 Test  #247: meta.MetaDataControlRuntimeStatusTest.UnregisteredRetryEvidenceIsBounded ...........................................................................................   Passed    0.02 sec
2026-10-05T15:35:38.6903748Z         Start  255: meta.MetaDataControlLeaseTest.NewAuthorityWaitsOutPriorLeaseAndEqualSafetyMarginBeforeGrant
2026-10-05T15:35:38.6967735Z  41/274 Test  #255: meta.MetaDataControlLeaseTest.NewAuthorityWaitsOutPriorLeaseAndEqualSafetyMarginBeforeGrant ........................................................................   Passed    0.01 sec
2026-10-05T15:35:38.6968989Z         Start  262: meta.MetaDataControlLeaseTest.InvalidChallengeDoesNotBecomeAGrant
2026-10-05T15:35:38.7033839Z  42/274 Test  #262: meta.MetaDataControlLeaseTest.InvalidChallengeDoesNotBecomeAGrant ..................................................................................................   Passed    0.01 sec
2026-10-05T15:35:38.7035409Z         Start  269: meta.MetaDataControlProjectionLimitTest.BatchWeightIncludesOwnedCapacities
2026-10-05T15:35:38.7106817Z  43/274 Test  #269: meta.MetaDataControlProjectionLimitTest.BatchWeightIncludesOwnedCapacities .........................................................................................   Passed    0.01 sec
2026-10-05T15:35:38.7108239Z         Start  278: meta.MetaDataControlFenceTest.ChunkBoundaryCheckSelectsEachSupersededAnchorOnce
2026-10-05T15:35:38.7172244Z  44/274 Test  #278: meta.MetaDataControlFenceTest.ChunkBoundaryCheckSelectsEachSupersededAnchorOnce ....................................................................................   Passed    0.01 sec
2026-10-05T15:35:38.7173845Z         Start  284: meta.MetaHeartbeatObservationTest.LeaseOnlyHeartbeatRetainsOperatorRecoveryWithoutRefreshingExpiry
2026-10-05T15:35:38.7237705Z  45/274 Test  #284: meta.MetaHeartbeatObservationTest.LeaseOnlyHeartbeatRetainsOperatorRecoveryWithoutRefreshingExpiry .................................................................   Passed    0.01 sec
2026-10-05T15:35:38.7239317Z         Start  288: meta.MetaFailoverTransitionApply.BeginUncontrolledWithoutCandidateAtomicallyFencesAndPersists
2026-10-05T15:35:38.7363126Z  46/274 Test  #288: meta.MetaFailoverTransitionApply.BeginUncontrolledWithoutCandidateAtomicallyFencesAndPersists ......................................................................   Passed    0.01 sec
2026-10-05T15:35:38.7364718Z         Start  289: meta.MetaFailoverTransitionApply.AutomaticBeginAtomicallyPreemptsPristineControlledRequest
2026-10-05T15:35:38.7450819Z  47/274 Test  #289: meta.MetaFailoverTransitionApply.AutomaticBeginAtomicallyPreemptsPristineControlledRequest .........................................................................   Passed    0.01 sec
2026-10-05T15:35:38.7452535Z         Start  299: meta.MetaFailoverTransitionApply.BeginUncontrolledRejectsOperationCleanupPartialStateWithoutRepair
2026-10-05T15:35:38.7536309Z  48/274 Test  #299: meta.MetaFailoverTransitionApply.BeginUncontrolledRejectsOperationCleanupPartialStateWithoutRepair .................................................................   Passed    0.01 sec
2026-10-05T15:35:38.7538252Z         Start  308: meta.MetaFailoverTransitionW2.ControlledBeginPersistsTransitionWithoutChangingAuthority
2026-10-05T15:35:38.7626507Z  49/274 Test  #308: meta.MetaFailoverTransitionW2.ControlledBeginPersistsTransitionWithoutChangingAuthority ............................................................................   Passed    0.01 sec
2026-10-05T15:35:38.7628186Z         Start  313: meta.MetaFailoverTransitionW2.PostBeginTypedAbortAtomicallyClearsTransitionAndRejectsPartialRepair
2026-10-05T15:35:38.7729360Z  50/274 Test  #313: meta.MetaFailoverTransitionW2.PostBeginTypedAbortAtomicallyClearsTransitionAndRejectsPartialRepair .................................................................   Passed    0.01 sec
2026-10-05T15:35:38.7730930Z         Start  321: meta.MetaFailoverAggregateRevision.RestoreRejectsCreatedClusterMissingEitherRequiredCurrentPolicy
2026-10-05T15:35:38.7868278Z  51/274 Test  #321: meta.MetaFailoverAggregateRevision.RestoreRejectsCreatedClusterMissingEitherRequiredCurrentPolicy ..................................................................   Passed    0.01 sec
2026-10-05T15:35:38.7869834Z         Start  324: meta.MetaFailoverObservationStore.SourceDisconnectRetainsExactObservationOnlyThroughIndependentGrace
2026-10-05T15:35:38.7935422Z  52/274 Test  #324: meta.MetaFailoverObservationStore.SourceDisconnectRetainsExactObservationOnlyThroughIndependentGrace ...............................................................   Passed    0.01 sec
2026-10-05T15:35:38.7937316Z         Start  337: meta.MetaFailoverReconcilerPlannerTest.ControlledCandidateDisconnectAbortsWhileSourceIsHealthy
2026-10-05T15:35:38.8111709Z  53/274 Test  #337: meta.MetaFailoverReconcilerPlannerTest.ControlledCandidateDisconnectAbortsWhileSourceIsHealthy .....................................................................   Passed    0.02 sec
2026-10-05T15:35:38.8113681Z         Start  344: meta.MetaFailoverReconcilerPlannerTest.MatchingPreparedFromNewSessionDoesNotReviveDisconnectedAction
2026-10-05T15:35:38.8326797Z  54/274 Test  #344: meta.MetaFailoverReconcilerPlannerTest.MatchingPreparedFromNewSessionDoesNotReviveDisconnectedAction ...............................................................   Passed    0.02 sec
2026-10-05T15:35:38.8329895Z         Start  348: meta.MetaFailoverReconcilerPlannerTest.ControlledSourceDisconnectWaitsGraceThenDegradesAndClearsCandidate
2026-10-05T15:35:38.8545616Z  55/274 Test  #348: meta.MetaFailoverReconcilerPlannerTest.ControlledSourceDisconnectWaitsGraceThenDegradesAndClearsCandidate ..........................................................   Passed    0.02 sec
2026-10-05T15:35:38.8547199Z         Start  354: meta.MetaFailoverReconcilerPlannerTest.SubmittedControlledFailuresUseTypedPreBeginAbort
2026-10-05T15:35:38.8825710Z  56/274 Test  #354: meta.MetaFailoverReconcilerPlannerTest.SubmittedControlledFailuresUseTypedPreBeginAbort ............................................................................   Passed    0.03 sec
2026-10-05T15:35:38.8827221Z         Start  360: meta.MetaFailoverReconcilerPlannerTest.UncontrolledWaitsWithoutCandidateThenReplacesFailureAndCommits
2026-10-05T15:35:38.9118600Z  57/274 Test  #360: meta.MetaFailoverReconcilerPlannerTest.UncontrolledWaitsWithoutCandidateThenReplacesFailureAndCommits ..............................................................   Passed    0.03 sec
2026-10-05T15:35:38.9120319Z         Start  363: meta.MetaFailoverReconcilerLifecycleTest.LostProposalReplyIsRecoveredFromCommittedTransitionAndCancellationJoins
2026-10-05T15:35:40.4427922Z  58/274 Test  #363: meta.MetaFailoverReconcilerLifecycleTest.LostProposalReplyIsRecoveredFromCommittedTransitionAndCancellationJoins ...................................................   Passed    1.53 sec
2026-10-05T15:35:40.4429566Z         Start  365: meta.MetaFailoverViewsTest.DiscoveryOwnsSelectedOperationsInSequenceOrder
2026-10-05T15:35:40.4563372Z  59/274 Test  #365: meta.MetaFailoverViewsTest.DiscoveryOwnsSelectedOperationsInSequenceOrder ..........................................................................................   Passed    0.01 sec
2026-10-05T15:35:40.4565016Z         Start  374: meta.MetaFailoverValidationTest.RejectsControlledBeginWhenCandidateDisconnectsAfterPlanning
2026-10-05T15:35:40.4767146Z  60/274 Test  #374: meta.MetaFailoverValidationTest.RejectsControlledBeginWhenCandidateDisconnectsAfterPlanning ........................................................................   Passed    0.02 sec
2026-10-05T15:35:40.4768665Z         Start  375: meta.MetaFailoverValidationTest.AcceptsControlledBeginAfterSameSessionCandidateProgressAdvances
2026-10-05T15:35:40.4929641Z  61/274 Test  #375: meta.MetaFailoverValidationTest.AcceptsControlledBeginAfterSameSessionCandidateProgressAdvances ....................................................................   Passed    0.02 sec
2026-10-05T15:35:40.4931456Z         Start  383: meta.MetaFailoverValidationTest.RejectsRetainingCandidateOnDegradeWhenObservationIsWithdrawnAfterPlanning
2026-10-05T15:35:40.5218989Z  62/274 Test  #383: meta.MetaFailoverValidationTest.RejectsRetainingCandidateOnDegradeWhenObservationIsWithdrawnAfterPlanning ..........................................................   Passed    0.03 sec
2026-10-05T15:35:40.5220384Z         Start  388: meta.MetaAuditStore.AppendAndFindByLogIndex
2026-10-05T15:35:40.5285677Z  63/274 Test  #388: meta.MetaAuditStore.AppendAndFindByLogIndex ........................................................................................................................   Passed    0.01 sec
2026-10-05T15:35:40.5287268Z         Start  396: meta.MetaAuditStore.DisabledSuppressesOrdinaryRecordsButForcedRecordRemains
2026-10-05T15:35:40.5353883Z  64/274 Test  #396: meta.MetaAuditStore.DisabledSuppressesOrdinaryRecordsButForcedRecordRemains ........................................................................................   Passed    0.01 sec
2026-10-05T15:35:40.5355726Z         Start  398: meta.MetaAuditStore.PrunePreservesRemainingRecords
2026-10-05T15:35:40.5418165Z  65/274 Test  #398: meta.MetaAuditStore.PrunePreservesRemainingRecords .................................................................................................................   Passed    0.01 sec
2026-10-05T15:35:40.5419212Z         Start  401: meta.MetaAuditStore.SerializationRoundTripPreservesWindow
2026-10-05T15:35:40.5485223Z  66/274 Test  #401: meta.MetaAuditStore.SerializationRoundTripPreservesWindow ..........................................................................................................   Passed    0.01 sec
2026-10-05T15:35:40.5486572Z         Start  410: meta.MetaOperationStore.DuplicateSubmitIsIdempotentOnlyForSameIntent
2026-10-05T15:35:40.5550701Z  67/274 Test  #410: meta.MetaOperationStore.DuplicateSubmitIsIdempotentOnlyForSameIntent ...............................................................................................   Passed    0.01 sec
2026-10-05T15:35:40.5551824Z         Start  415: meta.MetaOperationStore.TransitionRunsWithRevisionCas
2026-10-05T15:35:40.5615873Z  68/274 Test  #415: meta.MetaOperationStore.TransitionRunsWithRevisionCas ..............................................................................................................   Passed    0.01 sec
2026-10-05T15:35:40.5617219Z         Start  419: meta.MetaOperationStore.ArchiveMovesTerminalOpsToTombstonesNonContiguously
2026-10-05T15:35:40.5681331Z  69/274 Test  #419: meta.MetaOperationStore.ArchiveMovesTerminalOpsToTombstonesNonContiguously .........................................................................................   Passed    0.01 sec
2026-10-05T15:35:40.5682455Z         Start  425: meta.MetaOperationStore.ReusedOrZeroSeqFailsStop
2026-10-05T15:35:41.0686207Z  70/274 Test  #425: meta.MetaOperationStore.ReusedOrZeroSeqFailsStop ...................................................................................................................   Passed    0.50 sec
2026-10-05T15:35:41.0698360Z         Start  431: meta.MetaTopologyAuthority.ActivateInstallsGrantWithoutMovingTerm
2026-10-05T15:35:41.0769820Z  71/274 Test  #431: meta.MetaTopologyAuthority.ActivateInstallsGrantWithoutMovingTerm ..................................................................................................   Passed    0.01 sec
2026-10-05T15:35:41.0771316Z         Start  436: meta.MetaTopologyAuthority.EachTermInstallsAtMostOneGrant
2026-10-05T15:35:41.0844521Z  72/274 Test  #436: meta.MetaTopologyAuthority.EachTermInstallsAtMostOneGrant ..........................................................................................................   Passed    0.01 sec
2026-10-05T15:35:41.0845956Z         Start  446: meta.MetaModelEncoding.StringLengthPrefixOverCapFailsWithoutBody
2026-10-05T15:35:41.0911488Z  73/274 Test  #446: meta.MetaModelEncoding.StringLengthPrefixOverCapFailsWithoutBody ...................................................................................................   Passed    0.01 sec
2026-10-05T15:35:41.0914286Z         Start  447: meta.MetaModelEncoding.ListCountOverCapFails
2026-10-05T15:35:41.0980749Z  74/274 Test  #447: meta.MetaModelEncoding.ListCountOverCapFails .......................................................................................................................   Passed    0.01 sec
2026-10-05T15:35:41.0981948Z         Start  454: meta.MetaModelCommands.RegisterNodeRoundTrip
2026-10-05T15:35:41.1048918Z  75/274 Test  #454: meta.MetaModelCommands.RegisterNodeRoundTrip .......................................................................................................................   Passed    0.01 sec
2026-10-05T15:35:41.1050217Z         Start  455: meta.MetaModelCommands.EnvelopeStartsWithFormatVersionThenTag
2026-10-05T15:35:41.1114541Z  76/274 Test  #455: meta.MetaModelCommands.EnvelopeStartsWithFormatVersionThenTag ......................................................................................................   Passed    0.01 sec
2026-10-05T15:35:41.1117321Z         Start  459: meta.MetaModelCommands.ActorContextRoundTripsOnTheWire
2026-10-05T15:35:41.1181903Z  77/274 Test  #459: meta.MetaModelCommands.ActorContextRoundTripsOnTheWire .............................................................................................................   Passed    0.01 sec
2026-10-05T15:35:41.1183303Z         Start  462: meta.MetaModelCommands.UpdateNodeRoundTrip
2026-10-05T15:35:41.1249268Z  78/274 Test  #462: meta.MetaModelCommands.UpdateNodeRoundTrip .........................................................................................................................   Passed    0.01 sec
2026-10-05T15:35:41.1250637Z         Start  476: meta.MetaModelCommands.SubmitOperationRoundTrip
2026-10-05T15:35:41.1315169Z  79/274 Test  #476: meta.MetaModelCommands.SubmitOperationRoundTrip ....................................................................................................................   Passed    0.01 sec
2026-10-05T15:35:41.1316556Z         Start  478: meta.MetaModelCommands.CompleteOperationRoundTrip
2026-10-05T15:35:41.1381508Z  80/274 Test  #478: meta.MetaModelCommands.CompleteOperationRoundTrip ..................................................................................................................   Passed    0.01 sec
2026-10-05T15:35:41.1382663Z         Start  491: meta.MetaModelCommands.DecodeRejectsTrailingBytes
2026-10-05T15:35:41.1449118Z  81/274 Test  #491: meta.MetaModelCommands.DecodeRejectsTrailingBytes ..................................................................................................................   Passed    0.01 sec
2026-10-05T15:35:41.1450350Z         Start  493: meta.MetaStateApply.RegisterNodeAcceptedAndAudited
2026-10-05T15:35:41.1523622Z  82/274 Test  #493: meta.MetaStateApply.RegisterNodeAcceptedAndAudited .................................................................................................................   Passed    0.01 sec
2026-10-05T15:35:41.1524900Z         Start  497: meta.MetaStateApply.CreateGroupOwnsInitiallyFencedAuthority
2026-10-05T15:35:41.1595810Z  83/274 Test  #497: meta.MetaStateApply.CreateGroupOwnsInitiallyFencedAuthority ........................................................................................................   Passed    0.01 sec
2026-10-05T15:35:41.1597193Z         Start  505: meta.MetaStateApply.RetireNodeWithMembershipRejected
2026-10-05T15:35:41.1672072Z  84/274 Test  #505: meta.MetaStateApply.RetireNodeWithMembershipRejected ...............................................................................................................   Passed    0.01 sec
2026-10-05T15:35:41.1674226Z         Start  507: meta.MetaStateApply.BeginGroupTermRaisesTermInBothStores
2026-10-05T15:35:41.1750174Z  85/274 Test  #507: meta.MetaStateApply.BeginGroupTermRaisesTermInBothStores ...........................................................................................................   Passed    0.01 sec
2026-10-05T15:35:41.1752797Z         Start  508: meta.MetaStateApply.GroupReplicationStateAdvancesWithTopologyEpoch
2026-10-05T15:35:41.1839120Z  86/274 Test  #508: meta.MetaStateApply.GroupReplicationStateAdvancesWithTopologyEpoch .................................................................................................   Passed    0.01 sec
2026-10-05T15:35:41.1841468Z         Start  514: meta.MetaStateApply.ActivateAuthorityRequiresABegunNonzeroTerm
2026-10-05T15:35:41.1914059Z  87/274 Test  #514: meta.MetaStateApply.ActivateAuthorityRequiresABegunNonzeroTerm .....................................................................................................   Passed    0.01 sec
2026-10-05T15:35:41.1916624Z         Start  527: meta.MetaStateApply.ClusterRootTerminalReplayRejectsInvalidGenesisAnchor
2026-10-05T15:35:41.2010625Z  88/274 Test  #527: meta.MetaStateApply.ClusterRootTerminalReplayRejectsInvalidGenesisAnchor ...........................................................................................   Passed    0.01 sec
2026-10-05T15:35:41.2012359Z         Start  531: meta.MetaStateApply.MetaStoresDeserializeRejectsUnprojectableActiveGrantAnchors
2026-10-05T15:35:41.2095164Z  89/274 Test  #531: meta.MetaStateApply.MetaStoresDeserializeRejectsUnprojectableActiveGrantAnchors ....................................................................................   Passed    0.01 sec
2026-10-05T15:35:41.2096805Z         Start  543: meta.MetaStateApply.TransitionRejectsAggregateRecipientProjectionOverDirectiveCapAtomically
2026-10-05T15:35:41.3912974Z  90/274 Test  #543: meta.MetaStateApply.TransitionRejectsAggregateRecipientProjectionOverDirectiveCapAtomically ........................................................................   Passed    0.18 sec
2026-10-05T15:35:41.3914251Z         Start  549: meta.MetaObservationStore.AdoptSessionRejectsEqualOrOlderGeneration
2026-10-05T15:35:41.3982344Z  91/274 Test  #549: meta.MetaObservationStore.AdoptSessionRejectsEqualOrOlderGeneration ................................................................................................   Passed    0.01 sec
2026-10-05T15:35:41.3983646Z         Start  551: meta.MetaObservationStore.OwnerObservationIsOneAtomicHeartbeatAndCausalLeaseCut
2026-10-05T15:35:41.4048265Z  92/274 Test  #551: meta.MetaObservationStore.OwnerObservationIsOneAtomicHeartbeatAndCausalLeaseCut ....................................................................................   Passed    0.01 sec
2026-10-05T15:35:41.4049475Z         Start  561: meta.MetaObservationStore.IngestRejectsBootMismatchAndMissingSession
2026-10-05T15:35:41.4115569Z  93/274 Test  #561: meta.MetaObservationStore.IngestRejectsBootMismatchAndMissingSession ...............................................................................................   Passed    0.01 sec
2026-10-05T15:35:41.4118202Z         Start  562: meta.MetaObservationStore.NewGenerationAtomicallyPurgesOldObservations
2026-10-05T15:35:41.4182432Z  94/274 Test  #562: meta.MetaObservationStore.NewGenerationAtomicallyPurgesOldObservations .............................................................................................   Passed    0.01 sec
2026-10-05T15:35:41.4184091Z         Start  568: meta.MetaObservationStore.CandidateRequiresExactReporterMembershipAndAssignment
2026-10-05T15:35:41.4247966Z  95/274 Test  #568: meta.MetaObservationStore.CandidateRequiresExactReporterMembershipAndAssignment ....................................................................................   Passed    0.01 sec
2026-10-05T15:35:41.4249342Z         Start  580: meta.MetaObservationStore.EpochOnlyCommitRefiltersThenPurgesCandidate
2026-10-05T15:35:41.4317040Z  96/274 Test  #580: meta.MetaObservationStore.EpochOnlyCommitRefiltersThenPurgesCandidate ..............................................................................................   Passed    0.01 sec
2026-10-05T15:35:41.4318489Z         Start  586: meta.MetaObservationStore.SessionCapacityRejectsOnlyNewNodeKeys
2026-10-05T15:35:41.4385740Z  97/274 Test  #586: meta.MetaObservationStore.SessionCapacityRejectsOnlyNewNodeKeys ....................................................................................................   Passed    0.01 sec
2026-10-05T15:35:41.4387194Z         Start  595: meta.MetaObservationFactsFixture.CopiedAndMovedFactsPreserveFencedOwnerEvidenceAfterStateReplacement
2026-10-05T15:35:41.4569023Z  98/274 Test  #595: meta.MetaObservationFactsFixture.CopiedAndMovedFactsPreserveFencedOwnerEvidenceAfterStateReplacement ...............................................................   Passed    0.02 sec
2026-10-05T15:35:41.4570550Z         Start  600: meta.MetaOwnerServiceabilityTest.FullyCurrentOwnerWithCausalLeaseIsServiceable
2026-10-05T15:35:41.4635267Z  99/274 Test  #600: meta.MetaOwnerServiceabilityTest.FullyCurrentOwnerWithCausalLeaseIsServiceable .....................................................................................   Passed    0.01 sec
2026-10-05T15:35:41.4637226Z         Start  605: meta.MetaOwnerServiceabilityTest.UnserviceableReasonsHaveFixedFailurePrecedence
2026-10-05T15:35:41.4702624Z 100/274 Test  #605: meta.MetaOwnerServiceabilityTest.UnserviceableReasonsHaveFixedFailurePrecedence ....................................................................................   Passed    0.01 sec
2026-10-05T15:35:41.4704060Z         Start  618: meta.MetaSentinelDiscoveryTest.PeerDirectoryExcludesSelfRetiredAndStagedMembers
2026-10-05T15:35:41.4774282Z 101/274 Test  #618: meta.MetaSentinelDiscoveryTest.PeerDirectoryExcludesSelfRetiredAndStagedMembers ....................................................................................   Passed    0.01 sec
2026-10-05T15:35:41.4775800Z         Start  620: meta.MetaSentinelDiscoveryTest.AddressReplyShapeAndUnknownName
2026-10-05T15:35:41.4842842Z 102/274 Test  #620: meta.MetaSentinelDiscoveryTest.AddressReplyShapeAndUnknownName .....................................................................................................   Passed    0.01 sec
2026-10-05T15:35:41.4844016Z         Start  628: meta.MetaSentinelDiscoveryTest.GraceOmitsNeverObservedReplicas
2026-10-05T15:35:41.4911311Z 103/274 Test  #628: meta.MetaSentinelDiscoveryTest.GraceOmitsNeverObservedReplicas .....................................................................................................   Passed    0.01 sec
2026-10-05T15:35:41.4912524Z         Start  629: meta.MetaSentinelDiscoveryTest.ReplicaListingReflectsCommittedMembership
2026-10-05T15:35:41.4981111Z 104/274 Test  #629: meta.MetaSentinelDiscoveryTest.ReplicaListingReflectsCommittedMembership ...........................................................................................   Passed    0.01 sec
2026-10-05T15:35:41.4982359Z         Start  637: meta.MetaSentinelServerTest.ResetCannotEraseAuthorityAcrossEligibilityABA
2026-10-05T15:35:41.7346038Z 105/274 Test  #637: meta.MetaSentinelServerTest.ResetCannotEraseAuthorityAcrossEligibilityABA ..........................................................................................   Passed    0.24 sec
2026-10-05T15:35:41.7347401Z         Start  644: meta.MetaIdentitySecurity.MemberDescriptorRoundTrips
2026-10-05T15:35:41.7418065Z 106/274 Test  #644: meta.MetaIdentitySecurity.MemberDescriptorRoundTrips ...............................................................................................................   Passed    0.01 sec
2026-10-05T15:35:41.7419407Z         Start  649: meta.MetaIdentitySecurity.UnixAdminRequiresPathAndExplicitUid
2026-10-05T15:35:41.7484778Z 107/274 Test  #649: meta.MetaIdentitySecurity.UnixAdminRequiresPathAndExplicitUid ......................................................................................................   Passed    0.01 sec
2026-10-05T15:35:41.7486140Z         Start  650: meta.MetaIdentitySecurity.RegistrationRejectsPrincipalForAnotherNode
2026-10-05T15:35:41.7551123Z 108/274 Test  #650: meta.MetaIdentitySecurity.RegistrationRejectsPrincipalForAnotherNode ...............................................................................................   Passed    0.01 sec
2026-10-05T15:35:41.7552433Z         Start  656: meta.MetaCtlPolicyAdmin.PolicyVersionRequiresCanonicalPositiveDecimal
2026-10-05T15:35:41.7617959Z 109/274 Test  #656: meta.MetaCtlPolicyAdmin.PolicyVersionRequiresCanonicalPositiveDecimal ..............................................................................................   Passed    0.01 sec
2026-10-05T15:35:41.7619330Z         Start  658: meta.MetaClusterStatusRuntimeTest.HealthLossBeforeAckRemainsEncodable
2026-10-05T15:35:41.7688392Z 110/274 Test  #658: meta.MetaClusterStatusRuntimeTest.HealthLossBeforeAckRemainsEncodable ..............................................................................................   Passed    0.01 sec
2026-10-05T15:35:41.7689842Z         Start  667: meta.MetaStateMachineTest.DomainRejectConsumesIndexWithoutStateChange
2026-10-05T15:35:41.7775030Z 111/274 Test  #667: meta.MetaStateMachineTest.DomainRejectConsumesIndexWithoutStateChange ..............................................................................................   Passed    0.01 sec
2026-10-05T15:35:41.7776945Z         Start  673: meta.MetaStateMachineTest.SnapshotExactCutPoint
2026-10-05T15:35:41.7899199Z 112/274 Test  #673: meta.MetaStateMachineTest.SnapshotExactCutPoint ....................................................................................................................   Passed    0.01 sec
2026-10-05T15:35:41.7900307Z         Start  680: meta.MetaServerIntegrationTest.SnapshotCompactionAndRestart
2026-10-05T15:35:42.3860733Z 113/274 Test  #680: meta.MetaServerIntegrationTest.SnapshotCompactionAndRestart ........................................................................................................   Passed    0.60 sec
2026-10-05T15:35:42.3861871Z         Start  683: meta.MetaIdentityStore.RegisterNodeCreatesQueryableRecord
2026-10-05T15:35:42.3932848Z 114/274 Test  #683: meta.MetaIdentityStore.RegisterNodeCreatesQueryableRecord ..........................................................................................................   Passed    0.01 sec
2026-10-05T15:35:42.3933940Z         Start  690: meta.MetaIdentityStore.UpdateNodeCasConflictRejected
2026-10-05T15:35:42.4002645Z 115/274 Test  #690: meta.MetaIdentityStore.UpdateNodeCasConflictRejected ...............................................................................................................   Passed    0.01 sec
2026-10-05T15:35:42.4003756Z         Start  695: meta.MetaIdentityStore.RetireNodeReplayIsIdempotentAccept
2026-10-05T15:35:42.4070928Z 116/274 Test  #695: meta.MetaIdentityStore.RetireNodeReplayIsIdempotentAccept ..........................................................................................................   Passed    0.01 sec
2026-10-05T15:35:42.4072134Z         Start  704: meta.MetaTopologyStore.ClusterLifecycleFailureIsBoundedAndSerialized
2026-10-05T15:35:42.4161482Z 117/274 Test  #704: meta.MetaTopologyStore.ClusterLifecycleFailureIsBoundedAndSerialized ...............................................................................................   Passed    0.01 sec
2026-10-05T15:35:42.4162656Z         Start  707: meta.MetaTopologyStore.CreateGroupRequiresExactNextEpoch
2026-10-05T15:35:42.4234590Z 118/274 Test  #707: meta.MetaTopologyStore.CreateGroupRequiresExactNextEpoch ...........................................................................................................   Passed    0.01 sec
2026-10-05T15:35:42.4236130Z         Start  719: meta.MetaTopologyStore.AssignNodeToGroupReplayIsIdempotentAccept
2026-10-05T15:35:42.4312081Z 119/274 Test  #719: meta.MetaTopologyStore.AssignNodeToGroupReplayIsIdempotentAccept ...................................................................................................   Passed    0.01 sec
2026-10-05T15:35:42.4313424Z         Start  723: meta.MetaTopologyStore.RemoveNodeFromGroupReplayIsIdempotentAccept
2026-10-05T15:35:42.4389121Z 120/274 Test  #723: meta.MetaTopologyStore.RemoveNodeFromGroupReplayIsIdempotentAccept .................................................................................................   Passed    0.01 sec
2026-10-05T15:35:42.4390393Z         Start  727: meta.MetaTopologyStore.SetSlotMapRequiresExactNextEpoch
2026-10-05T15:35:42.4471657Z 121/274 Test  #727: meta.MetaTopologyStore.SetSlotMapRequiresExactNextEpoch ............................................................................................................   Passed    0.01 sec
2026-10-05T15:35:42.4472915Z         Start  732: meta.MetaTopologyStore.SetSlotMapEmptyRangesClearMap
2026-10-05T15:35:42.4552403Z 122/274 Test  #732: meta.MetaTopologyStore.SetSlotMapEmptyRangesClearMap ...............................................................................................................   Passed    0.01 sec
2026-10-05T15:35:42.4553508Z         Start  738: meta.MetaTopologyStore.FailoverTransitionSerializationRoundTrip
2026-10-05T15:35:42.4643304Z 123/274 Test  #738: meta.MetaTopologyStore.FailoverTransitionSerializationRoundTrip ....................................................................................................   Passed    0.01 sec
2026-10-05T15:35:42.4645784Z         Start  748: meta.MetaPolicyStore.RejectsUnregisteredPolicyAndInvalidCommandFields
2026-10-05T15:35:42.4710823Z 124/274 Test  #748: meta.MetaPolicyStore.RejectsUnregisteredPolicyAndInvalidCommandFields ..............................................................................................   Passed    0.01 sec
2026-10-05T15:35:42.4712146Z         Start  756: meta.MetaPolicyStore.EmptyPolicyStoreRoundTrip
2026-10-05T15:35:42.4778321Z 125/274 Test  #756: meta.MetaPolicyStore.EmptyPolicyStoreRoundTrip .....................................................................................................................   Passed    0.01 sec
2026-10-05T15:35:42.4779745Z         Start  765: meta.AllActivePhases/ClusterCreateSiblingFailureTest.RetiresAllStartedWorkBeforeRootAbort/3
2026-10-05T15:35:43.8123418Z 126/274 Test  #765: meta.AllActivePhases/ClusterCreateSiblingFailureTest.RetiresAllStartedWorkBeforeRootAbort/3 ........................................................................   Passed    1.33 sec
2026-10-05T15:35:43.8125071Z         Start  766: meta.FullObservationAndCursor/MetaSubscriptionCaptureTest.CommitBetweenCaptureAndRegistration/Full  # GetParam() = 0
2026-10-05T15:35:43.8327878Z 127/274 Test  #766: meta.FullObservationAndCursor/MetaSubscriptionCaptureTest.CommitBetweenCaptureAndRegistration/Full  # GetParam() = 0 ...............................................   Passed    0.02 sec
2026-10-05T15:35:43.8329645Z         Start  775: meta.FullObservationAndCursor/MetaSubscriptionCaptureTest.OverflowResyncReplayAndCallbackLifetime/Full  # GetParam() = 0
2026-10-05T15:35:43.8795388Z 128/274 Test  #775: meta.FullObservationAndCursor/MetaSubscriptionCaptureTest.OverflowResyncReplayAndCallbackLifetime/Full  # GetParam() = 0 ...........................................   Passed    0.05 sec
2026-10-05T15:35:43.8797154Z         Start  780: cluster_integration.ProcessSupportTest.SpawnsWithEnvironmentAndControlsLifecycle
2026-10-05T15:35:43.9827017Z 129/274 Test  #780: cluster_integration.ProcessSupportTest.SpawnsWithEnvironmentAndControlsLifecycle ...................................................................................   Passed    0.10 sec
2026-10-05T15:35:43.9828144Z         Start  787: LocalSharedPtrDeathTest.RejectsForeignAccess
2026-10-05T15:35:44.0715016Z 130/274 Test  #787: LocalSharedPtrDeathTest.RejectsForeignAccess .......................................................................................................................   Passed    0.08 sec
2026-10-05T15:35:44.0716694Z         Start  838: GroupInFlightTest.MoveTransfersOwnership
2026-10-05T15:35:44.0799566Z 131/274 Test  #838: GroupInFlightTest.MoveTransfersOwnership ...........................................................................................................................   Passed    0.01 sec
2026-10-05T15:35:44.0800824Z         Start  865: NodeDescriptorTest.PreservesInlineAndOverflowHosts
2026-10-05T15:35:44.0865232Z 132/274 Test  #865: NodeDescriptorTest.PreservesInlineAndOverflowHosts .................................................................................................................   Passed    0.01 sec
2026-10-05T15:35:44.0866869Z         Start  873: ServingStateBuilderTest.RejectsInconsistentGroupNodeRoles
2026-10-05T15:35:44.0930300Z 133/274 Test  #873: ServingStateBuilderTest.RejectsInconsistentGroupNodeRoles ..........................................................................................................   Passed    0.01 sec
2026-10-05T15:35:44.0932956Z         Start  875: ServingStateBuilderTest.RejectsSlotRangeBeyondSlotCount
2026-10-05T15:35:44.0994736Z 134/274 Test  #875: ServingStateBuilderTest.RejectsSlotRangeBeyondSlotCount ............................................................................................................   Passed    0.01 sec
2026-10-05T15:35:44.0996452Z         Start  887: ServingStateTest.AuthorityToken
2026-10-05T15:35:44.1197563Z 135/274 Test  #887: ServingStateTest.AuthorityToken ....................................................................................................................................   Passed    0.02 sec
2026-10-05T15:35:44.1198787Z         Start  892: TopologyCacheTest.ContentIdenticalRepublishKeepsVersionAndSnapshot
2026-10-05T15:35:44.1300235Z 136/274 Test  #892: TopologyCacheTest.ContentIdenticalRepublishKeepsVersionAndSnapshot .................................................................................................   Passed    0.01 sec
2026-10-05T15:35:44.1302058Z         Start  897: TopologyCacheTest.CachedOwnersIsolateRequestCopiesAndOutliveWorkers
2026-10-05T15:35:44.1405784Z 137/274 Test  #897: TopologyCacheTest.CachedOwnersIsolateRequestCopiesAndOutliveWorkers ................................................................................................   Passed    0.01 sec
2026-10-05T15:35:44.1408061Z         Start  905: RedisConfigTest.ParsesClientBufferPercentAndAbsoluteLimits
2026-10-05T15:35:44.1468888Z 138/274 Test  #905: RedisConfigTest.ParsesClientBufferPercentAndAbsoluteLimits .........................................................................................................   Passed    0.01 sec
2026-10-05T15:35:44.1470202Z         Start  917: RedisConfigTest.ClusterModeRejectsStandalonePopulationSources
2026-10-05T15:35:44.1531031Z 139/274 Test  #917: RedisConfigTest.ClusterModeRejectsStandalonePopulationSources ......................................................................................................   Passed    0.01 sec
2026-10-05T15:35:44.1532997Z         Start  919: RedisConfigTest.RejectsLoadRdbWithReplicaOf
2026-10-05T15:35:44.1592501Z 140/274 Test  #919: RedisConfigTest.RejectsLoadRdbWithReplicaOf ........................................................................................................................   Passed    0.01 sec
2026-10-05T15:35:44.1593776Z         Start  921: RedisConfigTest.RejectsConflictingRedisPsyncSources
2026-10-05T15:35:44.1654593Z 141/274 Test  #921: RedisConfigTest.RejectsConflictingRedisPsyncSources ................................................................................................................   Passed    0.01 sec
2026-10-05T15:35:44.1657452Z         Start  928: RedisConfigTest.AppliesClusterDirectives
2026-10-05T15:35:44.1717817Z 142/274 Test  #928: RedisConfigTest.AppliesClusterDirectives ...........................................................................................................................   Passed    0.01 sec
2026-10-05T15:35:44.1720751Z         Start  934: RedisConfigTest.RequiresNodeIdAndMetaSeedWhenManaged
2026-10-05T15:35:44.1781362Z 143/274 Test  #934: RedisConfigTest.RequiresNodeIdAndMetaSeedWhenManaged ...............................................................................................................   Passed    0.01 sec
2026-10-05T15:35:44.1783137Z         Start  939: ControlProtocolFrameTest.EncodesNetworkOrderAndChecksCrcAndSequence
2026-10-05T15:35:44.1845897Z 144/274 Test  #939: ControlProtocolFrameTest.EncodesNetworkOrderAndChecksCrcAndSequence ................................................................................................   Passed    0.01 sec
2026-10-05T15:35:44.1848737Z         Start  944: ControlProtocolCodecTest.RejectsMalformedTypedCandidateAndRoleTag
2026-10-05T15:35:44.1909350Z 145/274 Test  #944: ControlProtocolCodecTest.RejectsMalformedTypedCandidateAndRoleTag ..................................................................................................   Passed    0.01 sec
2026-10-05T15:35:44.1912107Z         Start  948: ControlProtocolCodecTest.FailoverObservationValidationAndSingleFrameBudgetAreStrict
2026-10-05T15:35:44.1983672Z 146/274 Test  #948: ControlProtocolCodecTest.FailoverObservationValidationAndSingleFrameBudgetAreStrict ................................................................................   Passed    0.01 sec
2026-10-05T15:35:44.1985564Z         Start  959: ControlProtocolFullStateTest.RejectsZeroLeaseAndDerivesHeartbeatCadence
2026-10-05T15:35:44.2046151Z 147/274 Test  #959: ControlProtocolFullStateTest.RejectsZeroLeaseAndDerivesHeartbeatCadence ............................................................................................   Passed    0.01 sec
2026-10-05T15:35:44.2047376Z         Start  971: ControlProtocolIdentityTest.GeneratesCanonicalIndependentIdentities
2026-10-05T15:35:44.2109967Z 148/274 Test  #971: ControlProtocolIdentityTest.GeneratesCanonicalIndependentIdentities ................................................................................................   Passed    0.01 sec
2026-10-05T15:35:44.2111673Z         Start  972: ControlNodeStateTest.RemoteWorkDoesNotAdvanceLocalControl
2026-10-05T15:35:44.2171505Z 149/274 Test  #972: ControlNodeStateTest.RemoteWorkDoesNotAdvanceLocalControl ..........................................................................................................   Passed    0.01 sec
2026-10-05T15:35:44.2172829Z         Start  979: ControlSessionWriterTest.AuthorityOvertakesTransferBetweenBulkChunks
2026-10-05T15:35:44.2254642Z 150/274 Test  #979: ControlSessionWriterTest.AuthorityOvertakesTransferBetweenBulkChunks ...............................................................................................   Passed    0.01 sec
2026-10-05T15:35:44.2256277Z         Start  982: ControlSessionWriterTest.TerminalWriteErrorPoisonsQueuedAndFutureWork
2026-10-05T15:35:44.2336559Z 151/274 Test  #982: ControlSessionWriterTest.TerminalWriteErrorPoisonsQueuedAndFutureWork ..............................................................................................   Passed    0.01 sec
2026-10-05T15:35:44.2337756Z         Start  989: SpscRingTest.RefreshesCachedHeadAfterConsumerProgress
2026-10-05T15:35:44.2399690Z 152/274 Test  #989: SpscRingTest.RefreshesCachedHeadAfterConsumerProgress ..............................................................................................................   Passed    0.01 sec
2026-10-05T15:35:44.2400839Z         Start  993: CrossCoreActiveSenderTest.ConcurrentDrainReactivatesNonemptyLanes
2026-10-05T15:35:44.2801163Z 153/274 Test  #993: CrossCoreActiveSenderTest.ConcurrentDrainReactivatesNonemptyLanes ..................................................................................................   Passed    0.04 sec
2026-10-05T15:35:44.2802354Z         Start  995: DeviceAffinityTest.RejectsInsufficientQpairCapacity
2026-10-05T15:35:44.2866851Z 154/274 Test  #995: DeviceAffinityTest.RejectsInsufficientQpairCapacity ................................................................................................................   Passed    0.01 sec
2026-10-05T15:35:44.2868029Z         Start 1004: HashGroupEdits.SplitsAndOversizedValuesKeepOwnedStreamingPath
2026-10-05T15:35:44.2940931Z 155/274 Test #1004: HashGroupEdits.SplitsAndOversizedValuesKeepOwnedStreamingPath ......................................................................................................   Passed    0.01 sec
2026-10-05T15:35:44.2942088Z         Start 1009: GroupedHashTest.CompactReaderPreservesBinaryViewsAndCopiedPosition
2026-10-05T15:35:44.3003374Z 156/274 Test #1009: GroupedHashTest.CompactReaderPreservesBinaryViewsAndCopiedPosition .................................................................................................   Passed    0.01 sec
2026-10-05T15:35:44.3004534Z         Start 1017: GroupedHashTest.PointLookupRejectsCorruptionAfterMatch
2026-10-05T15:35:44.3066143Z 157/274 Test #1017: GroupedHashTest.PointLookupRejectsCorruptionAfterMatch .............................................................................................................   Passed    0.01 sec
2026-10-05T15:35:44.3067505Z         Start 1025: GroupedHashTest.MaximalIndividualValueLeavesRoomForGroupFraming
2026-10-05T15:35:44.3128048Z 158/274 Test #1025: GroupedHashTest.MaximalIndividualValueLeavesRoomForGroupFraming ....................................................................................................   Passed    0.01 sec
2026-10-05T15:35:44.3129645Z         Start 1032: GroupedHashTest.DurableRoutingDoesNotDependOnProcessLookupSeed
2026-10-05T15:35:44.3198179Z 159/274 Test #1032: GroupedHashTest.DurableRoutingDoesNotDependOnProcessLookupSeed .....................................................................................................   Passed    0.01 sec
2026-10-05T15:35:44.3199750Z         Start 1038: GroupedHashTest.RejectsCountsGapsOverlapsAndMalformedIdentities
2026-10-05T15:35:44.3263032Z 160/274 Test #1038: GroupedHashTest.RejectsCountsGapsOverlapsAndMalformedIdentities ....................................................................................................   Passed    0.01 sec
2026-10-05T15:35:44.3265671Z         Start 1039: GroupedHashTest.SingleFieldUpdateWritesOnlyItsGroup
2026-10-05T15:35:44.3370300Z 161/274 Test #1039: GroupedHashTest.SingleFieldUpdateWritesOnlyItsGroup ................................................................................................................   Passed    0.01 sec
2026-10-05T15:35:44.3372682Z         Start 1049: GroupedCommitDecisionTest.DurableDecisionCannotBeReversedByLateFailure
2026-10-05T15:35:44.3432226Z 162/274 Test #1049: GroupedCommitDecisionTest.DurableDecisionCannotBeReversedByLateFailure .............................................................................................   Passed    0.01 sec
2026-10-05T15:35:44.3433493Z         Start 1055: GroupedCollectionTest.StringAndStreamHaveDistinctDurableKinds
2026-10-05T15:35:44.3492474Z 163/274 Test #1055: GroupedCollectionTest.StringAndStreamHaveDistinctDurableKinds ......................................................................................................   Passed    0.01 sec
2026-10-05T15:35:44.3493592Z         Start 1062: GroupedCollectionTest.MemberScoresAreExactAndRejectMalformedValues
2026-10-05T15:35:44.3555360Z 164/274 Test #1062: GroupedCollectionTest.MemberScoresAreExactAndRejectMalformedValues .................................................................................................   Passed    0.01 sec
2026-10-05T15:35:44.3556728Z         Start 1072: GroupedCollectionTest.SameSizeListReplacementNeedsOnlyItsOwnPage
2026-10-05T15:35:44.3626101Z 165/274 Test #1072: GroupedCollectionTest.SameSizeListReplacementNeedsOnlyItsOwnPage ...................................................................................................   Passed    0.01 sec
2026-10-05T15:35:44.3628216Z         Start 1074: GroupedCollectionTest.SortedSetSpliceChecksBoundsAndRepositionsCompleteEntries
2026-10-05T15:35:44.3698727Z 166/274 Test #1074: GroupedCollectionTest.SortedSetSpliceChecksBoundsAndRepositionsCompleteEntries .....................................................................................   Passed    0.01 sec
2026-10-05T15:35:44.3699983Z         Start 1078: GroupedCollectionTest.EnvelopeOnlyDecodeAndDualDecisionRetirement
2026-10-05T15:35:44.3769723Z 167/274 Test #1078: GroupedCollectionTest.EnvelopeOnlyDecodeAndDualDecisionRetirement ..................................................................................................   Passed    0.01 sec
2026-10-05T15:35:44.3771293Z         Start 1079: GroupedCollectionTest.StreamRanksMatchCountsAcrossSparseUpdatesAndSnapshots
2026-10-05T15:35:48.9271523Z 168/274 Test #1079: GroupedCollectionTest.StreamRanksMatchCountsAcrossSparseUpdatesAndSnapshots ........................................................................................   Passed    4.55 sec
2026-10-05T15:35:48.9291376Z         Start 1093: GroupedSortedRewriteTest.NoopDeletionAndInvalidOrder
2026-10-05T15:35:48.9348309Z 169/274 Test #1093: GroupedSortedRewriteTest.NoopDeletionAndInvalidOrder ...............................................................................................................   Passed    0.01 sec
2026-10-05T15:35:48.9366919Z         Start 1100: OrderedCompactCodecTest.LargeSortedSetRoundTripsBeyondRecordLimit
2026-10-05T15:35:53.6995837Z 170/274 Test #1100: OrderedCompactCodecTest.LargeSortedSetRoundTripsBeyondRecordLimit ..................................................................................................   Passed    4.76 sec
2026-10-05T15:35:53.6997862Z         Start 1121: GroupedOrderedObjectTest.BothKindsRetainRetiredPhysicalRecordsAndRanks
2026-10-05T15:35:53.7080373Z 171/274 Test #1121: GroupedOrderedObjectTest.BothKindsRetainRetiredPhysicalRecordsAndRanks .............................................................................................   Passed    0.01 sec
2026-10-05T15:35:53.7085764Z         Start 1123: GroupedOrderedObjectTest.UpdatesSameCommandRevisionAndPreservesOldView
2026-10-05T15:35:53.7168134Z 172/274 Test #1123: GroupedOrderedObjectTest.UpdatesSameCommandRevisionAndPreservesOldView .............................................................................................   Passed    0.01 sec
2026-10-05T15:35:53.7169886Z         Start 1131: RecordPayloadCursorTest.RefusesUnconsumedAndOverlongOutput
2026-10-05T15:35:53.7231681Z 173/274 Test #1131: RecordPayloadCursorTest.RefusesUnconsumedAndOverlongOutput .........................................................................................................   Passed    0.01 sec
2026-10-05T15:35:53.7237895Z         Start 1136: GroupedObjectIndexTest.PartialConstructionFailureUnwindsGroupEntries
2026-10-05T15:35:54.1564818Z 174/274 Test #1136: GroupedObjectIndexTest.PartialConstructionFailureUnwindsGroupEntries ...............................................................................................   Passed    0.43 sec
2026-10-05T15:35:54.1566689Z         Start 1140: GroupedObjectIndexTest.ManifestReaderRetainsItsOwnMemoryCharge
2026-10-05T15:35:54.1697364Z 175/274 Test #1140: GroupedObjectIndexTest.ManifestReaderRetainsItsOwnMemoryCharge .....................................................................................................   Passed    0.01 sec
2026-10-05T15:35:54.1699433Z         Start 1156: GroupedObjectIndexTest.RejectsConflictingAllocationsBeforeCompactingLocations
2026-10-05T15:35:54.1786179Z 176/274 Test #1156: GroupedObjectIndexTest.RejectsConflictingAllocationsBeforeCompactingLocations ......................................................................................   Passed    0.01 sec
2026-10-05T15:35:54.1788256Z         Start 1160: GroupedObjectIndexTest.RootRelocationSharesAllMetadataAndRefreshesGroupGc
2026-10-05T15:35:54.1947147Z 177/274 Test #1160: GroupedObjectIndexTest.RootRelocationSharesAllMetadataAndRefreshesGroupGc ..........................................................................................   Passed    0.01 sec
2026-10-05T15:35:54.1949023Z         Start 1168: GroupedObjectIndexTest.CoordinateChangesPreserveSnapshotsAndTraversal
2026-10-05T15:35:54.3427602Z 178/274 Test #1168: GroupedObjectIndexTest.CoordinateChangesPreserveSnapshotsAndTraversal ..............................................................................................   Passed    0.15 sec
2026-10-05T15:35:54.3429449Z         Start 1169: GroupedObjectIndexTest.ExternalReplacementFoldsPendingInlineCoordinates
2026-10-05T15:35:54.3587396Z 179/274 Test #1169: GroupedObjectIndexTest.ExternalReplacementFoldsPendingInlineCoordinates ............................................................................................   Passed    0.02 sec
2026-10-05T15:35:54.3589203Z         Start 1174: GroupedMetadataArrayTest.AppendsPreservePinnedTailsAcrossTreeGrowth
2026-10-05T15:35:54.3795935Z 180/274 Test #1174: GroupedMetadataArrayTest.AppendsPreservePinnedTailsAcrossTreeGrowth ................................................................................................   Passed    0.02 sec
2026-10-05T15:35:54.3797903Z         Start 1184: LocalSharedPtrTest.ConstructorFailureDoesNotLeak
2026-10-05T15:35:54.3863552Z 181/274 Test #1184: LocalSharedPtrTest.ConstructorFailureDoesNotLeak ...................................................................................................................   Passed    0.01 sec
2026-10-05T15:35:54.3865201Z         Start 1187: LoggingTest.DefaultsToRotatingFileOnly
2026-10-05T15:35:54.3931827Z 182/274 Test #1187: LoggingTest.DefaultsToRotatingFileOnly .............................................................................................................................   Passed    0.01 sec
2026-10-05T15:35:54.3933496Z         Start 1194: LuaEvalTest.CatalogSwapKeepsSuspendedExecutionRuntimeAlive
2026-10-05T15:35:54.4005332Z 183/274 Test #1194: LuaEvalTest.CatalogSwapKeepsSuspendedExecutionRuntimeAlive .........................................................................................................   Passed    0.01 sec
2026-10-05T15:35:54.4007210Z         Start 1202: MemoryTest.RetainedChargeTransfersOwnershipWithoutGlobalNewHooks
2026-10-05T15:35:54.4073359Z 184/274 Test #1202: MemoryTest.RetainedChargeTransfersOwnershipWithoutGlobalNewHooks ...................................................................................................   Passed    0.01 sec
2026-10-05T15:35:54.4074470Z         Start 1208: MetaControlMapperTest.SourceIndexDoesNotBecomeTopologyEpoch
2026-10-05T15:35:54.4167844Z 185/274 Test #1208: MetaControlMapperTest.SourceIndexDoesNotBecomeTopologyEpoch ........................................................................................................   Passed    0.01 sec
2026-10-05T15:35:54.4170093Z         Start 1212: MetaControlMapperTest.AcceptsGrantlessGroupWithOwnerIntent
2026-10-05T15:35:54.4246599Z 186/274 Test #1212: MetaControlMapperTest.AcceptsGrantlessGroupWithOwnerIntent .........................................................................................................   Passed    0.01 sec
2026-10-05T15:35:54.4247853Z         Start 1216: MetaControlMapperTest.RejectsMalformedNodeHosts
2026-10-05T15:35:54.4348036Z 187/274 Test #1216: MetaControlMapperTest.RejectsMalformedNodeHosts ....................................................................................................................   Passed    0.01 sec
2026-10-05T15:35:54.4350396Z         Start 1224: MetaSessionRunResultTest.StopAfterSessionReturnStillPropagatesCleanupFailure
2026-10-05T15:35:54.4413331Z 188/274 Test #1224: MetaSessionRunResultTest.StopAfterSessionReturnStillPropagatesCleanupFailure .......................................................................................   Passed    0.01 sec
2026-10-05T15:35:54.4415971Z         Start 1228: MetaEndpointDirectoryTest.RejectsMissingOrMismatchedPrincipalBinding
2026-10-05T15:35:54.4475873Z 189/274 Test #1228: MetaEndpointDirectoryTest.RejectsMissingOrMismatchedPrincipalBinding ...............................................................................................   Passed    0.01 sec
2026-10-05T15:35:54.4477511Z         Start 1233: MetaCandidateProjectionTest.FencedHistoricalOwnerUsesAuthenticatedSelfOriginLineage
2026-10-05T15:35:54.4538841Z 190/274 Test #1233: MetaCandidateProjectionTest.FencedHistoricalOwnerUsesAuthenticatedSelfOriginLineage ................................................................................   Passed    0.01 sec
2026-10-05T15:35:54.4541137Z         Start 1235: MetaInboundTransferAbortTest.SupersededFullStateKeepsTheAuthenticatedSessionAndHeartbeat
2026-10-05T15:35:54.4601285Z 191/274 Test #1235: MetaInboundTransferAbortTest.SupersededFullStateKeepsTheAuthenticatedSessionAndHeartbeat ...........................................................................   Passed    0.01 sec
2026-10-05T15:35:54.4603527Z         Start 1246: MetaFailoverHeartbeatTest.ExactPreparingAndPreparedActionsBridgeHistoryRotationUntilCutover
2026-10-05T15:35:54.4663963Z 192/274 Test #1246: MetaFailoverHeartbeatTest.ExactPreparingAndPreparedActionsBridgeHistoryRotationUntilCutover ........................................................................   Passed    0.01 sec
2026-10-05T15:35:54.4666316Z         Start 1251: NodeControlInstallerTest.FullStateReconcilesChangedClusterControlAfterSourceCleanupOnly
2026-10-05T15:35:54.4798513Z 193/274 Test #1251: NodeControlInstallerTest.FullStateReconcilesChangedClusterControlAfterSourceCleanupOnly ............................................................................   Passed    0.01 sec
2026-10-05T15:35:54.4800345Z         Start 1254: NodeControlInstallerTest.ControlledPausePreservesFiniteLeaseAndRejectsOnlyMutations
2026-10-05T15:35:54.5004518Z 194/274 Test #1254: NodeControlInstallerTest.ControlledPausePreservesFiniteLeaseAndRejectsOnlyMutations ................................................................................   Passed    0.02 sec
2026-10-05T15:35:54.5006517Z         Start 1266: NodeControlInstallerTest.SteadyOwnerGrantSkipsPromotionAndEnablesFiniteExpirationFirst
2026-10-05T15:35:54.5105726Z 195/274 Test #1266: NodeControlInstallerTest.SteadyOwnerGrantSkipsPromotionAndEnablesFiniteExpirationFirst .............................................................................   Passed    0.01 sec
2026-10-05T15:35:54.5107517Z         Start 1270: NodeControlInstallerTest.SessionLossRevokesFiniteExpirationAuthorityAndTheWriteLease
2026-10-05T15:35:54.5201390Z 196/274 Test #1270: NodeControlInstallerTest.SessionLossRevokesFiniteExpirationAuthorityAndTheWriteLease ...............................................................................   Passed    0.01 sec
2026-10-05T15:35:54.5202854Z         Start 1272: NodeControlInstallerTest.ProjectionRefreshPreservesSharedLeaseCapability
2026-10-05T15:35:54.5320096Z 197/274 Test #1272: NodeControlInstallerTest.ProjectionRefreshPreservesSharedLeaseCapability ...........................................................................................   Passed    0.01 sec
2026-10-05T15:35:54.5321832Z         Start 1289: NodeControlInstallerTest.LeaseTimerExpiresExactLeaseButCannotRevokeItsRenewal
2026-10-05T15:35:56.4428398Z 198/274 Test #1289: NodeControlInstallerTest.LeaseTimerExpiresExactLeaseButCannotRevokeItsRenewal ......................................................................................   Passed    1.91 sec
2026-10-05T15:35:56.4430058Z         Start 1299: NodeControlInstallerTest.ExactFdsRefreshPreservesSourceExportsAndAuthorityChangeDrainsOldWork
2026-10-05T15:35:56.4612886Z 199/274 Test #1299: NodeControlInstallerTest.ExactFdsRefreshPreservesSourceExportsAndAuthorityChangeDrainsOldWork ......................................................................   Passed    0.02 sec
2026-10-05T15:35:56.4614807Z         Start 1302: NodeControlInstallerTest.SessionInvalidationClosesLeaseBeforeAsynchronousCleanup
2026-10-05T15:35:56.4703915Z 200/274 Test #1302: NodeControlInstallerTest.SessionInvalidationClosesLeaseBeforeAsynchronousCleanup ...................................................................................   Passed    0.01 sec
2026-10-05T15:35:56.4705245Z         Start 1307: NodeControlInstallerTest.ReplicaReadinessAndRebuildUseTargetMemberAssignment
2026-10-05T15:35:56.4996558Z 201/274 Test #1307: NodeControlInstallerTest.ReplicaReadinessAndRebuildUseTargetMemberAssignment .......................................................................................   Passed    0.03 sec
2026-10-05T15:35:56.4997657Z         Start 1318: RespParserTest.DoesNotEagerlyAllocateDeclaredArrayLength
2026-10-05T15:35:56.5061825Z 202/274 Test #1318: RespParserTest.DoesNotEagerlyAllocateDeclaredArrayLength ...........................................................................................................   Passed    0.01 sec
2026-10-05T15:35:56.5062847Z         Start 1320: RespParserTest.ReturnsPipelinedCommandsInWireOrder
2026-10-05T15:35:56.5126836Z 203/274 Test #1320: RespParserTest.ReturnsPipelinedCommandsInWireOrder .................................................................................................................   Passed    0.01 sec
2026-10-05T15:35:56.5127973Z         Start 1323: RespParserTest.AcceptsInlineCommandsQuotesAndEscapesIncrementally
2026-10-05T15:35:56.5191275Z 204/274 Test #1323: RespParserTest.AcceptsInlineCommandsQuotesAndEscapesIncrementally ..................................................................................................   Passed    0.01 sec
2026-10-05T15:35:56.5192401Z         Start 1327: ReplyBuilderTest.EncodesProtocolSpecificResp3Types
2026-10-05T15:35:56.5254845Z 205/274 Test #1327: ReplyBuilderTest.EncodesProtocolSpecificResp3Types .................................................................................................................   Passed    0.01 sec
2026-10-05T15:35:56.5256284Z         Start 1335: ScanHashMapTest.TaggedAddressSurvivesChainCompactionAndRejectsStaleSlots
2026-10-05T15:35:56.5371393Z 206/274 Test #1335: ScanHashMapTest.TaggedAddressSurvivesChainCompactionAndRejectsStaleSlots ...........................................................................................   Passed    0.01 sec
2026-10-05T15:35:56.5373289Z         Start 1347: ScanHashMapTest.SharedArenaReusesSlotsAndRejectsPageIdExhaustion
2026-10-05T15:35:56.5548613Z 207/274 Test #1347: ScanHashMapTest.SharedArenaReusesSlotsAndRejectsPageIdExhaustion ...................................................................................................   Passed    0.02 sec
2026-10-05T15:35:56.5550000Z         Start 1355: ScanHashMapTest.AmortizesAlignmentAcrossSixteenLogicalPages
2026-10-05T15:35:56.5664601Z 208/274 Test #1355: ScanHashMapTest.AmortizesAlignmentAcrossSixteenLogicalPages ........................................................................................................   Passed    0.01 sec
2026-10-05T15:35:56.5666676Z         Start 1356: ScanHashMapTest.RehashDefersOverflowAllocationWhenAdmissionIsFull
2026-10-05T15:35:56.5784575Z 209/274 Test #1356: ScanHashMapTest.RehashDefersOverflowAllocationWhenAdmissionIsFull ..................................................................................................   Passed    0.01 sec
2026-10-05T15:35:56.5786151Z         Start 1359: ScanHashMapTest.InlineShortKeyComparisonCoversEveryByte
2026-10-05T15:35:56.5896636Z 210/274 Test #1359: ScanHashMapTest.InlineShortKeyComparisonCoversEveryByte ............................................................................................................   Passed    0.01 sec
2026-10-05T15:35:56.5898962Z         Start 1362: ScanHashMapTest.ConstAndMutableLookupCrossBucketBoundaries
2026-10-05T15:35:56.6119833Z 211/274 Test #1362: ScanHashMapTest.ConstAndMutableLookupCrossBucketBoundaries .........................................................................................................   Passed    0.02 sec
2026-10-05T15:35:56.6121657Z         Start 1370: SourceAuthorizationLedgerTest.RevocationRejectsTheOldRevisionButAllowsANewerCompleteIdentity
2026-10-05T15:35:56.6184310Z 212/274 Test #1370: SourceAuthorizationLedgerTest.RevocationRejectsTheOldRevisionButAllowsANewerCompleteIdentity .......................................................................   Passed    0.01 sec
2026-10-05T15:35:56.6185839Z         Start 1374: SourceAuthorizationLedgerTest.AuthorizationIsBoundToTheExactDirectiveIdentity
2026-10-05T15:35:56.6251682Z 213/274 Test #1374: SourceAuthorizationLedgerTest.AuthorizationIsBoundToTheExactDirectiveIdentity ......................................................................................   Passed    0.01 sec
2026-10-05T15:35:56.6252837Z         Start 1383: CommandTableTest.ResolvesSortStoreDestination
2026-10-05T15:35:56.6322172Z 214/274 Test #1383: CommandTableTest.ResolvesSortStoreDestination ......................................................................................................................   Passed    0.01 sec
2026-10-05T15:35:56.6323254Z         Start 1394: CommandTableTest.ReplicationGateCandidatesAreClassified
2026-10-05T15:35:56.6386863Z 215/274 Test #1394: CommandTableTest.ReplicationGateCandidatesAreClassified ............................................................................................................   Passed    0.01 sec
2026-10-05T15:35:56.6388029Z         Start 1402: RdbTest.StreamEncoderSupportsRedisSevenCompatibilityHeader
2026-10-05T15:35:56.6452955Z 216/274 Test #1402: RdbTest.StreamEncoderSupportsRedisSevenCompatibilityHeader .........................................................................................................   Passed    0.01 sec
2026-10-05T15:35:56.6454536Z         Start 1409: RdbTest.DecodesLzfAcrossFileBuffersWithoutBorrowedInput
2026-10-05T15:35:57.2280891Z 217/274 Test #1409: RdbTest.DecodesLzfAcrossFileBuffersWithoutBorrowedInput ............................................................................................................   Passed    0.58 sec
2026-10-05T15:35:57.2282192Z         Start 1411: RdbTest.ReadsFileMetadataDatabasesAndExpirations
2026-10-05T15:35:57.2357446Z 218/274 Test #1411: RdbTest.ReadsFileMetadataDatabasesAndExpirations ...................................................................................................................   Passed    0.01 sec
2026-10-05T15:35:57.2358574Z         Start 1420: RdbTest.AcceptsAllRedisStreamEncodings
2026-10-05T15:35:57.2424734Z 219/274 Test #1420: RdbTest.AcceptsAllRedisStreamEncodings .............................................................................................................................   Passed    0.01 sec
2026-10-05T15:35:57.2426156Z         Start 1426: RdbCollectionTest.AggregateCountUsesRdb64BitLengthWithoutAllocation
2026-10-05T15:35:57.2490035Z 220/274 Test #1426: RdbCollectionTest.AggregateCountUsesRdb64BitLengthWithoutAllocation ................................................................................................   Passed    0.01 sec
2026-10-05T15:35:57.2491244Z         Start 1428: RdbCollectionImportTest.FourTypesConsumeAdmittedPagesAndRewind
2026-10-05T15:35:58.8129268Z 221/274 Test #1428: RdbCollectionImportTest.FourTypesConsumeAdmittedPagesAndRewind .....................................................................................................   Passed    1.56 sec
2026-10-05T15:35:58.8130695Z         Start 1438: RecordLocationTest.GroupedRepresentationSurvivesIndexAndExpiryChanges
2026-10-05T15:35:58.8245583Z 222/274 Test #1438: RecordLocationTest.GroupedRepresentationSurvivesIndexAndExpiryChanges ..............................................................................................   Passed    0.01 sec
2026-10-05T15:35:58.8247189Z         Start 1441: RecordLocationTest.RemoteMaterializationRejectsReusedBlockByEpoch
2026-10-05T15:35:58.8390131Z 223/274 Test #1441: RecordLocationTest.RemoteMaterializationRejectsReusedBlockByEpoch ..................................................................................................   Passed    0.01 sec
2026-10-05T15:35:58.8391886Z         Start 1449: ReplicationCommandTest.CapturePreparationOomPreservesEarlierEffects
2026-10-05T15:35:58.8456537Z 224/274 Test #1449: ReplicationCommandTest.CapturePreparationOomPreservesEarlierEffects ................................................................................................   Passed    0.01 sec
2026-10-05T15:35:58.8457864Z         Start 1451: ReplicationCommandTest.SetAlreadyCarriesFinalExpirationSemantics
2026-10-05T15:35:58.8521867Z 225/274 Test #1451: ReplicationCommandTest.SetAlreadyCarriesFinalExpirationSemantics ...................................................................................................   Passed    0.01 sec
2026-10-05T15:35:58.8523063Z         Start 1461: PopulationManifestTest.SupportsEmptyAndFullDesiredPopulations
2026-10-05T15:35:58.8673617Z 226/274 Test #1461: PopulationManifestTest.SupportsEmptyAndFullDesiredPopulations ......................................................................................................   Passed    0.01 sec
2026-10-05T15:35:58.8674751Z         Start 1472: ReplicationGroupTest.RejectsStaleIdentityAndAttemptReuse
2026-10-05T15:35:58.8828862Z 227/274 Test #1472: ReplicationGroupTest.RejectsStaleIdentityAndAttemptReuse ...........................................................................................................   Passed    0.02 sec
2026-10-05T15:35:58.8830012Z         Start 1475: ReplicationGroupTest.InvalidatePublishedProofRequiresFreshAttempt
2026-10-05T15:35:58.9112071Z 228/274 Test #1475: ReplicationGroupTest.InvalidatePublishedProofRequiresFreshAttempt ..................................................................................................   Passed    0.03 sec
2026-10-05T15:35:58.9113624Z         Start 1476: ReplicationGroupTest.RestartDropsProofAtEveryRebuildBoundary
2026-10-05T15:35:58.9401663Z 229/274 Test #1476: ReplicationGroupTest.RestartDropsProofAtEveryRebuildBoundary .......................................................................................................   Passed    0.03 sec
2026-10-05T15:35:58.9403055Z         Start 1482: ReplicationGroupTest.ConflictingFlowCutVectorCannotBeRewritten
2026-10-05T15:35:58.9557698Z 230/274 Test #1482: ReplicationGroupTest.ConflictingFlowCutVectorCannotBeRewritten .....................................................................................................   Passed    0.02 sec
2026-10-05T15:35:58.9559127Z         Start 1487: ReplicationHistoryTest.GapsAndHistoryChangesNeverAdvertiseInventedCoverage
2026-10-05T15:35:58.9628358Z 231/274 Test #1487: ReplicationHistoryTest.GapsAndHistoryChangesNeverAdvertiseInventedCoverage .........................................................................................   Passed    0.01 sec
2026-10-05T15:35:58.9629924Z         Start 1500: NativeReplayTest.SingleFlowCompletionDoesNotRequireOptionalRetention
2026-10-05T15:35:58.9701210Z 232/274 Test #1500: NativeReplayTest.SingleFlowCompletionDoesNotRequireOptionalRetention ...............................................................................................   Passed    0.01 sec
2026-10-05T15:35:58.9703417Z         Start 1504: NativeReparentTest.LaggingRequiresEveryParentSuffixAndNoDivergentComponent
2026-10-05T15:35:58.9767392Z 233/274 Test #1504: NativeReparentTest.LaggingRequiresEveryParentSuffixAndNoDivergentComponent .........................................................................................   Passed    0.01 sec
2026-10-05T15:35:58.9768596Z         Start 1506: ReplicaAppliedFrontierTest.AdvancesOnlyTheCompletedEvent
2026-10-05T15:35:58.9832597Z 234/274 Test #1506: ReplicaAppliedFrontierTest.AdvancesOnlyTheCompletedEvent ...........................................................................................................   Passed    0.01 sec
2026-10-05T15:35:58.9833742Z         Start 1514: ReplicaAppliedFrontierTest.PublicationSequenceNeverWraps
2026-10-05T15:35:58.9900838Z 235/274 Test #1514: ReplicaAppliedFrontierTest.PublicationSequenceNeverWraps ...........................................................................................................   Passed    0.01 sec
2026-10-05T15:35:58.9902574Z         Start 1515: FullSyncHandoffProgressTest.OutOfOrderAckDoesNotHideUnsentOrPendingPartitions
2026-10-05T15:35:58.9966560Z 236/274 Test #1515: FullSyncHandoffProgressTest.OutOfOrderAckDoesNotHideUnsentOrPendingPartitions ......................................................................................   Passed    0.01 sec
2026-10-05T15:35:58.9967632Z         Start 1523: TxBlockLeases.ExpiredWitnessFindsOtherLiveWriter
2026-10-05T15:35:59.0032147Z 237/274 Test #1523: TxBlockLeases.ExpiredWitnessFindsOtherLiveWriter ...................................................................................................................   Passed    0.01 sec
2026-10-05T15:35:59.0033386Z         Start 1527: StorageStateTest.PromotionBaseEqualityIncludesDurabilityFrontier
2026-10-05T15:35:59.0097480Z 238/274 Test #1527: StorageStateTest.PromotionBaseEqualityIncludesDurabilityFrontier ...................................................................................................   Passed    0.01 sec
2026-10-05T15:35:59.0098804Z         Start 1535: StorageFormatTest.GroupedRootsAllowStringsAndCollections
2026-10-05T15:35:59.0164576Z 239/274 Test #1535: StorageFormatTest.GroupedRootsAllowStringsAndCollections ...........................................................................................................   Passed    0.01 sec
2026-10-05T15:35:59.0166046Z         Start 1542: StorageFormatTest.EncodesMemoryReplicationFrames
2026-10-05T15:35:59.0231688Z 240/274 Test #1542: StorageFormatTest.EncodesMemoryReplicationFrames ...................................................................................................................   Passed    0.01 sec
2026-10-05T15:35:59.0233766Z         Start 1550: StorageExpirationAuthorityTest.WorkersOwnSeparateCachedControlBlocks
2026-10-05T15:35:59.0298269Z 241/274 Test #1550: StorageExpirationAuthorityTest.WorkersOwnSeparateCachedControlBlocks ...............................................................................................   Passed    0.01 sec
2026-10-05T15:35:59.0299375Z         Start 1552: StorageExpirationAuthorityTest.LegacyPermanentGrantIsIdempotent
2026-10-05T15:35:59.0363772Z 242/274 Test #1552: StorageExpirationAuthorityTest.LegacyPermanentGrantIsIdempotent ....................................................................................................   Passed    0.01 sec
2026-10-05T15:35:59.0364997Z         Start 1562: WorkerPlacementTest.ControlTimersSurviveNonYieldingDataOnSharedCpu
2026-10-05T15:35:59.3479182Z 243/274 Test #1562: WorkerPlacementTest.ControlTimersSurviveNonYieldingDataOnSharedCpu .................................................................................................   Passed    0.31 sec
2026-10-05T15:35:59.3480276Z         Start 1576: meta_integration.ctl_client
2026-10-05T15:36:03.7798560Z 244/274 Test #1576: meta_integration.ctl_client ........................................................................................................................................   Passed    4.43 sec
2026-10-05T15:36:03.7800316Z         Start 1579: meta_integration.admin_slow_reader
2026-10-05T15:36:12.4208650Z 245/274 Test #1579: meta_integration.admin_slow_reader .................................................................................................................................   Passed    8.64 sec
2026-10-05T15:36:12.4209794Z         Start 1587: meta_integration.gate_transport
2026-10-05T15:36:45.9533988Z 246/274 Test #1587: meta_integration.gate_transport ....................................................................................................................................   Passed   33.53 sec
2026-10-05T15:36:45.9535286Z         Start 1589: meta_integration.gate_observation_lifecycle
2026-10-05T15:36:49.3014989Z 247/274 Test #1589: meta_integration.gate_observation_lifecycle ........................................................................................................................   Passed    3.35 sec
2026-10-05T15:36:49.3016496Z         Start 1596: meta_integration.gate_heartbeat_cadence
2026-10-05T15:37:03.8618815Z 248/274 Test #1596: meta_integration.gate_heartbeat_cadence ............................................................................................................................   Passed   14.56 sec
2026-10-05T15:37:03.8619781Z         Start 1603: meta_integration.gate_managed_wait
2026-10-05T15:38:43.6459284Z 249/274 Test #1603: meta_integration.gate_managed_wait .................................................................................................................................   Passed   99.78 sec
2026-10-05T15:38:43.6460309Z         Start 1604: meta_integration.gate_managed_single_blocking
2026-10-05T15:40:12.5271718Z 250/274 Test #1604: meta_integration.gate_managed_single_blocking ......................................................................................................................   Passed   88.88 sec
2026-10-05T15:40:12.5273965Z         Start 1616: meta_integration.gate_managed_flush_reclaim
2026-10-05T15:40:48.0003287Z 251/274 Test #1616: meta_integration.gate_managed_flush_reclaim ........................................................................................................................   Passed   35.47 sec
2026-10-05T15:40:48.0004507Z         Start 1625: meta_integration.recovery_cluster_coverage-gap
2026-10-05T15:41:18.6124267Z 252/274 Test #1625: meta_integration.recovery_cluster_coverage-gap .....................................................................................................................   Passed   30.61 sec
2026-10-05T15:41:18.6125250Z         Start 1637: meta_integration.gate_failover_candidate_abort
2026-10-05T15:41:37.5998240Z 253/274 Test #1637: meta_integration.gate_failover_candidate_abort .....................................................................................................................   Passed   18.99 sec
2026-10-05T15:41:37.6000306Z         Start 1639: meta_integration.gate_failover_source_degrade_reselect
2026-10-05T15:42:43.2937829Z 254/274 Test #1639: meta_integration.gate_failover_source_degrade_reselect .............................................................................................................   Passed   65.69 sec
2026-10-05T15:42:43.2939642Z         Start 1642: meta_integration.gate_automatic_failover_owner_pause
2026-10-05T15:43:09.2363747Z 255/274 Test #1642: meta_integration.gate_automatic_failover_owner_pause ...............................................................................................................   Passed   25.94 sec
2026-10-05T15:43:09.2364867Z         Start 1650: meta_integration.gate_population_recovery_clean_owner
2026-10-05T15:43:44.9769305Z 256/274 Test #1650: meta_integration.gate_population_recovery_clean_owner ..............................................................................................................   Passed   35.74 sec
2026-10-05T15:43:44.9771500Z         Start 1662: meta_integration.single_population_recovery_incomplete_full
2026-10-05T15:44:16.4463461Z 257/274 Test #1662: meta_integration.single_population_recovery_incomplete_full ........................................................................................................   Passed   31.47 sec
2026-10-05T15:44:16.4465988Z         Start 1664: meta_integration.gate_population_recovery_promoted_follower
2026-10-05T15:44:51.9920434Z 258/274 Test #1664: meta_integration.gate_population_recovery_promoted_follower ........................................................................................................   Passed   35.55 sec
2026-10-05T15:44:51.9922501Z         Start 1666: meta_integration.sentinel_tls_mapped
2026-10-05T15:45:28.4295031Z 259/274 Test #1666: meta_integration.sentinel_tls_mapped ...............................................................................................................................   Passed   36.44 sec
2026-10-05T15:45:28.4297544Z         Start 1669: meta_integration.sentinel_tls_handshake
2026-10-05T15:45:32.8297352Z 260/274 Test #1669: meta_integration.sentinel_tls_handshake ............................................................................................................................   Passed    4.40 sec
2026-10-05T15:45:32.8298451Z         Start 1677: cluster_soak_reference_model
2026-10-05T15:45:33.8353820Z 261/274 Test #1677: cluster_soak_reference_model .......................................................................................................................................   Passed    1.01 sec
2026-10-05T15:45:33.8354833Z         Start 1683: meta_connector
2026-10-05T15:45:35.8531215Z 262/274 Test #1683: meta_connector .....................................................................................................................................................   Passed    2.02 sec
2026-10-05T15:45:35.8532304Z         Start 1686: lavik_native_replicaof_e2e
2026-10-05T15:45:40.7048974Z 263/274 Test #1686: lavik_native_replicaof_e2e .........................................................................................................................................   Passed    4.85 sec
2026-10-05T15:45:40.7049883Z         Start 1688: lavik_redis_export_shake_standalone
2026-10-05T15:45:54.0368617Z 264/274 Test #1688: lavik_redis_export_shake_standalone ................................................................................................................................   Passed   13.33 sec
2026-10-05T15:45:54.0369503Z         Start 1692: lavik_redis_export_ha_cluster
2026-10-05T15:48:54.7972833Z 265/274 Test #1692: lavik_redis_export_ha_cluster ......................................................................................................................................   Passed  180.76 sec
2026-10-05T15:48:54.7974469Z         Start 1695: lavik_redis_sync_reader_single-single
2026-10-05T15:49:17.1870468Z 266/274 Test #1695: lavik_redis_sync_reader_single-single ..............................................................................................................................   Passed   22.39 sec
2026-10-05T15:49:17.1871748Z         Start 1701: lavik_redis_sync_reader_single-full-connection
2026-10-05T15:49:32.8915907Z 267/274 Test #1701: lavik_redis_sync_reader_single-full-connection .....................................................................................................................   Passed   15.70 sec
2026-10-05T15:49:32.8916838Z         Start 1706: lavik_redis_sync_reader_cluster-full-tool
2026-10-05T15:49:47.9222839Z 268/274 Test #1706: lavik_redis_sync_reader_cluster-full-tool ..........................................................................................................................   Passed   15.03 sec
2026-10-05T15:49:47.9224917Z         Start 1715: lavik_redis_export_disk_full_e2e
2026-10-05T15:49:53.9792925Z 269/274 Test #1715: lavik_redis_export_disk_full_e2e ...................................................................................................................................   Passed    6.06 sec
2026-10-05T15:49:53.9793695Z         Start 1719: lavik_replication_log_e2e
2026-10-05T15:50:01.8800209Z 270/274 Test #1719: lavik_replication_log_e2e ..........................................................................................................................................   Passed    7.90 sec
2026-10-05T15:50:01.8802315Z         Start 1723: lavik_flushdb_reclaim_e2e
2026-10-05T15:50:30.6460118Z 271/274 Test #1723: lavik_flushdb_reclaim_e2e ..........................................................................................................................................   Passed   28.77 sec
2026-10-05T15:50:30.6461080Z         Start 1728: lavik_tomb_raider_multiworker
2026-10-05T15:50:32.3499418Z 272/274 Test #1728: lavik_tomb_raider_multiworker ......................................................................................................................................   Passed    1.70 sec
2026-10-05T15:50:32.3501417Z         Start 1740: lavik_grouped_ordered_write_e2e
2026-10-05T16:01:48.0176602Z 273/274 Test #1740: lavik_grouped_ordered_write_e2e ....................................................................................................................................***Failed  675.67 sec
2026-10-05T16:01:48.0177497Z [==========] Running 109 tests from 15 test suites.
2026-10-05T16:01:48.0177822Z [----------] Global test environment set-up.
2026-10-05T16:01:48.0178112Z [----------] 16 tests from GroupedStreamE2e
2026-10-05T16:01:48.0178457Z [ RUN      ] GroupedStreamE2e.SmallStreamKeepsCompactStorage
2026-10-05T16:01:48.0178894Z [       OK ] GroupedStreamE2e.SmallStreamKeepsCompactStorage (937 ms)
2026-10-05T16:01:48.0179446Z [ RUN      ] GroupedStreamE2e.ConcurrentDurabilityWaitersRecheckPartialFlushes
2026-10-05T16:01:48.0180046Z [       OK ] GroupedStreamE2e.ConcurrentDurabilityWaitersRecheckPartialFlushes (2045 ms)
2026-10-05T16:01:48.0180600Z [ RUN      ] GroupedStreamE2e.PromotesAtSharedSizeBoundaryAndRecovers
2026-10-05T16:01:48.0181119Z [       OK ] GroupedStreamE2e.PromotesAtSharedSizeBoundaryAndRecovers (2468 ms)
2026-10-05T16:01:48.0181640Z [ RUN      ] GroupedStreamE2e.AppendOnlyRewritesBoundedPagesAndRecovers
2026-10-05T16:01:48.0182166Z [       OK ] GroupedStreamE2e.AppendOnlyRewritesBoundedPagesAndRecovers (4116 ms)
2026-10-05T16:01:48.0182741Z [ RUN      ] GroupedStreamE2e.DeleteRoutesIdsAndPreservesPendingAndNodeBoundaries
2026-10-05T16:01:48.0183365Z [       OK ] GroupedStreamE2e.DeleteRoutesIdsAndPreservesPendingAndNodeBoundaries (1839 ms)
2026-10-05T16:01:48.0183980Z [ RUN      ] GroupedStreamE2e.EmptyStreamRetainsGroupsAndPendingAcrossRecovery
2026-10-05T16:01:48.0184580Z [       OK ] GroupedStreamE2e.EmptyStreamRetainsGroupsAndPendingAcrossRecovery (1743 ms)
2026-10-05T16:01:48.0185750Z [ RUN      ] GroupedStreamE2e.BinaryNamesLargeIdsAndApproximateNodes
2026-10-05T16:01:48.0186266Z [       OK ] GroupedStreamE2e.BinaryNamesLargeIdsAndApproximateNodes (924 ms)
2026-10-05T16:01:48.0186784Z [ RUN      ] GroupedStreamE2e.MultipleConsumersSparseAcksCopyAndRename
2026-10-05T16:01:48.0187309Z [       OK ] GroupedStreamE2e.MultipleConsumersSparseAcksCopyAndRename (2194 ms)
2026-10-05T16:01:48.0187848Z [ RUN      ] GroupedStreamE2e.FailedAppendCannotLeakIntoFollowingAckInExec
2026-10-05T16:01:48.0188401Z [       OK ] GroupedStreamE2e.FailedAppendCannotLeakIntoFollowingAckInExec (2766 ms)
2026-10-05T16:01:48.0188981Z [ RUN      ] GroupedStreamE2e.RewoundNoAckAndForceClaimPreserveUnloadedPending
2026-10-05T16:01:48.0189568Z [       OK ] GroupedStreamE2e.RewoundNoAckAndForceClaimPreserveUnloadedPending (785 ms)
2026-10-05T16:01:48.0190169Z [ RUN      ] GroupedStreamE2e.ExpirationDeletionAndFlushCannotResurrectOldGraphs
2026-10-05T16:01:48.0190784Z [       OK ] GroupedStreamE2e.ExpirationDeletionAndFlushCannotResurrectOldGraphs (2747 ms)
2026-10-05T16:01:48.0191396Z [ RUN      ] GroupedStreamE2e.AggregateAbove512MiBKeepsHotPathsAndRecoveryBounded
2026-10-05T16:01:48.0192023Z [       OK ] GroupedStreamE2e.AggregateAbove512MiBKeepsHotPathsAndRecoveryBounded (17526 ms)
2026-10-05T16:01:48.0192600Z [ RUN      ] GroupedStreamE2e.RangeRepliesPreserveMixedSizeBinaryRecords
2026-10-05T16:01:48.0193135Z [       OK ] GroupedStreamE2e.RangeRepliesPreserveMixedSizeBinaryRecords (1327 ms)
2026-10-05T16:01:48.0193672Z [ RUN      ] GroupedStreamE2e.ReadWindowsRespectCountAndJoinFailedStarts
2026-10-05T16:01:48.0194202Z [       OK ] GroupedStreamE2e.ReadWindowsRespectCountAndJoinFailedStarts (3552 ms)
2026-10-05T16:01:48.0194735Z [ RUN      ] GroupedStreamE2e.LargeRepliesKeepSnapshotsAndDeletedHistory
2026-10-05T16:01:48.0195269Z [       OK ] GroupedStreamE2e.LargeRepliesKeepSnapshotsAndDeletedHistory (13837 ms)
2026-10-05T16:01:48.0196735Z [ RUN      ] GroupedStreamE2e.LargeRdbRoundTripKeepsMessagesAndDeletedPendingBounded
2026-10-05T16:01:48.0197402Z [       OK ] GroupedStreamE2e.LargeRdbRoundTripKeepsMessagesAndDeletedPendingBounded (86488 ms)
2026-10-05T16:01:48.0197940Z [----------] 16 tests from GroupedStreamE2e (145302 ms total)
2026-10-05T16:01:48.0198476Z
2026-10-05T16:01:48.0198610Z [----------] 3 tests from GroupedListWriteE2e
2026-10-05T16:01:48.0199049Z [ RUN      ] GroupedListWriteE2e.RangeReadsFitReplyBudgetAndKeepRankOrder
2026-10-05T16:01:48.0199592Z [       OK ] GroupedListWriteE2e.RangeReadsFitReplyBudgetAndKeepRankOrder (3794 ms)
2026-10-05T16:01:48.0200108Z [ RUN      ] GroupedListWriteE2e.RangeReadFailureJoinsStartedPages
2026-10-05T16:01:48.0200581Z [       OK ] GroupedListWriteE2e.RangeReadFailureJoinsStartedPages (3307 ms)
2026-10-05T16:01:48.0201063Z [ RUN      ] GroupedListWriteE2e.SuspendedReadersReleaseWorkerState
2026-10-05T16:01:48.0201555Z [       OK ] GroupedListWriteE2e.SuspendedReadersReleaseWorkerState (1879 ms)
2026-10-05T16:01:48.0202013Z [----------] 3 tests from GroupedListWriteE2e (8981 ms total)
2026-10-05T16:01:48.0202244Z
2026-10-05T16:01:48.0202354Z [----------] 1 test from GroupedDemotionE2e
2026-10-05T16:01:48.0202782Z [ RUN      ] GroupedDemotionE2e.StringListSetSortedSetGeoAndStreamRecoverCompact
2026-10-05T16:01:48.0203398Z [       OK ] GroupedDemotionE2e.StringListSetSortedSetGeoAndStreamRecoverCompact (1779 ms)
2026-10-05T16:01:48.0203907Z [----------] 1 test from GroupedDemotionE2e (1779 ms total)
2026-10-05T16:01:48.0204130Z
2026-10-05T16:01:48.0204247Z [----------] 4 tests from GroupedStringWriteE2e
2026-10-05T16:01:48.0204659Z [ RUN      ] GroupedStringWriteE2e.FixedSegmentsPointWritesTtlAndRecovery
2026-10-05T16:01:48.0205202Z [       OK ] GroupedStringWriteE2e.FixedSegmentsPointWritesTtlAndRecovery (3338 ms)
2026-10-05T16:01:48.0205898Z [ RUN      ] GroupedStringWriteE2e.LongKeysPromoteAndRecover
2026-10-05T16:01:48.0206330Z [       OK ] GroupedStringWriteE2e.LongKeysPromoteAndRecover (2525 ms)
2026-10-05T16:01:48.0207056Z [ RUN      ] GroupedStringWriteE2e.TransactionsTransferAndRdbKeepStringSemantics
2026-10-05T16:01:48.0207674Z [       OK ] GroupedStringWriteE2e.TransactionsTransferAndRdbKeepStringSemantics (1673 ms)
2026-10-05T16:01:48.0208263Z [ RUN      ] GroupedStringWriteE2e.ExpirationRestoresBoundedDeviceCapacity
2026-10-05T16:01:48.0208820Z [       OK ] GroupedStringWriteE2e.ExpirationRestoresBoundedDeviceCapacity (4046 ms)
2026-10-05T16:01:48.0209310Z [----------] 4 tests from GroupedStringWriteE2e (11584 ms total)
2026-10-05T16:01:48.0209543Z
2026-10-05T16:01:48.0209647Z [----------] 7 tests from IndirectKeyE2e
2026-10-05T16:01:48.0210058Z [ RUN      ] IndirectKeyE2e.BoundarySharedSegmentsAndExtentRecoverAcrossWorkers
2026-10-05T16:01:48.0210654Z [       OK ] IndirectKeyE2e.BoundarySharedSegmentsAndExtentRecoverAcrossWorkers (6537 ms)
2026-10-05T16:01:48.0211230Z [ RUN      ] IndirectKeyE2e.RegistryGrowthAndRecoveryPreserveUuidIdentity
2026-10-05T16:01:48.0211779Z [       OK ] IndirectKeyE2e.RegistryGrowthAndRecoveryPreserveUuidIdentity (3860 ms)
2026-10-05T16:01:48.0212305Z [ RUN      ] IndirectKeyE2e.KeyLargerThanExternalGroupReadsAndMutates
2026-10-05T16:01:48.0212942Z [       OK ] IndirectKeyE2e.KeyLargerThanExternalGroupReadsAndMutates (7095 ms)
2026-10-05T16:01:48.0213499Z [ RUN      ] IndirectKeyE2e.RemoteGroupedReadsRespectParentKeyOwnership
2026-10-05T16:01:48.0214028Z [       OK ] IndirectKeyE2e.RemoteGroupedReadsRespectParentKeyOwnership (11905 ms)
2026-10-05T16:01:48.0214586Z [ RUN      ] IndirectKeyE2e.CollectionsTransactionsAndExpiryKeepOriginalNames
2026-10-05T16:01:48.0215167Z [       OK ] IndirectKeyE2e.CollectionsTransactionsAndExpiryKeepOriginalNames (1969 ms)
2026-10-05T16:01:48.0215944Z [ RUN      ] IndirectKeyE2e.DedicatedCleanerRelocatesLiveUuidAfterFlushDb
2026-10-05T16:01:48.0216496Z [       OK ] IndirectKeyE2e.DedicatedCleanerRelocatesLiveUuidAfterFlushDb (3980 ms)
2026-10-05T16:01:48.0216995Z [ RUN      ] IndirectKeyE2e.RepeatedFlushReclaimsLargeKeyExtents
2026-10-05T16:01:48.0217460Z [       OK ] IndirectKeyE2e.RepeatedFlushReclaimsLargeKeyExtents (9407 ms)
2026-10-05T16:01:48.0217880Z [----------] 7 tests from IndirectKeyE2e (44756 ms total)
2026-10-05T16:01:48.0218093Z
2026-10-05T16:01:48.0218213Z [----------] 12 tests from GroupedOrderedWriteE2e
2026-10-05T16:01:48.0218912Z [ RUN      ] GroupedOrderedWriteE2e.ListPointSetOnlyRewritesTargetAndNeighbours
2026-10-05T16:01:48.0219535Z [       OK ] GroupedOrderedWriteE2e.ListPointSetOnlyRewritesTargetAndNeighbours (2417 ms)
2026-10-05T16:01:48.0220123Z [ RUN      ] GroupedOrderedWriteE2e.ListReadIntervalsAcrossPagesAndRecovery
2026-10-05T16:01:48.0220682Z [       OK ] GroupedOrderedWriteE2e.ListReadIntervalsAcrossPagesAndRecovery (1489 ms)
2026-10-05T16:01:48.0223239Z [ RUN      ] GroupedOrderedWriteE2e.ListCommandSurfaceAndEmptyRecreation
2026-10-05T16:01:48.0223796Z [       OK ] GroupedOrderedWriteE2e.ListCommandSurfaceAndEmptyRecreation (1493 ms)
2026-10-05T16:01:48.0224394Z [ RUN      ] GroupedOrderedWriteE2e.LargeListItemUsesExtentsWithoutRewritingAllPages
2026-10-05T16:01:48.0225075Z [       OK ] GroupedOrderedWriteE2e.LargeListItemUsesExtentsWithoutRewritingAllPages (1977 ms)
2026-10-05T16:01:48.0225933Z [ RUN      ] GroupedOrderedWriteE2e.FailedListBatchCannotLeakIntoLaterExecCommand
2026-10-05T16:01:48.0226580Z [       OK ] GroupedOrderedWriteE2e.FailedListBatchCannotLeakIntoLaterExecCommand (2378 ms)
2026-10-05T16:01:48.0227282Z [ RUN      ] GroupedOrderedWriteE2e.SortedSetPointUpdateOnlyRewritesNearbyPages
2026-10-05T16:01:48.0227885Z [       OK ] GroupedOrderedWriteE2e.SortedSetPointUpdateOnlyRewritesNearbyPages (2427 ms)
2026-10-05T16:01:48.0228498Z [ RUN      ] GroupedOrderedWriteE2e.SortedSetCrossEndMovesDoNotRewriteMiddlePages
2026-10-05T16:01:48.0229122Z [       OK ] GroupedOrderedWriteE2e.SortedSetCrossEndMovesDoNotRewriteMiddlePages (3557 ms)
2026-10-05T16:01:48.0229757Z [ RUN      ] GroupedOrderedWriteE2e.ExpirationOnlyChangesRootsForAllCollectionTypes
2026-10-05T16:01:48.0230735Z [       OK ] GroupedOrderedWriteE2e.ExpirationOnlyChangesRootsForAllCollectionTypes (2653 ms)
2026-10-05T16:01:48.0231352Z [ RUN      ] GroupedOrderedWriteE2e.SortedSetRemovalPopAndStoreCommandSurface
2026-10-05T16:01:48.0231933Z [       OK ] GroupedOrderedWriteE2e.SortedSetRemovalPopAndStoreCommandSurface (1493 ms)
2026-10-05T16:01:48.0232516Z [ RUN      ] GroupedOrderedWriteE2e.LargeSortedSetMemberUsesExtents
2026-10-05T16:01:48.0233006Z [       OK ] GroupedOrderedWriteE2e.LargeSortedSetMemberUsesExtents (3005 ms)
2026-10-05T16:01:48.0233569Z [ RUN      ] GroupedOrderedWriteE2e.GeoUsesGroupedSortedSetAndStoreSurvivesRecovery
2026-10-05T16:01:48.0234216Z [       OK ] GroupedOrderedWriteE2e.GeoUsesGroupedSortedSetAndStoreSurvivesRecovery (1546 ms)
2026-10-05T16:01:48.0234870Z [ RUN      ] GroupedOrderedWriteE2e.FailedSortedSetBatchCannotLeakIntoLaterExecCommand
2026-10-05T16:01:48.0235647Z [       OK ] GroupedOrderedWriteE2e.FailedSortedSetBatchCannotLeakIntoLaterExecCommand (2382 ms)
2026-10-05T16:01:48.0236218Z [----------] 12 tests from GroupedOrderedWriteE2e (26824 ms total)
2026-10-05T16:01:48.0236459Z
2026-10-05T16:01:48.0236571Z [----------] 9 tests from GroupedRdbStreamE2e
2026-10-05T16:01:48.0237008Z [ RUN      ] GroupedRdbStreamE2e.FourTypesMultiPageLargeItemsAndMultipleWorkers
2026-10-05T16:01:48.0237619Z [       OK ] GroupedRdbStreamE2e.FourTypesMultiPageLargeItemsAndMultipleWorkers (7363 ms)
2026-10-05T16:01:48.0238182Z [ RUN      ] GroupedRdbStreamE2e.LaterPageFailurePreservesPreviousDump
2026-10-05T16:01:48.0238697Z [       OK ] GroupedRdbStreamE2e.LaterPageFailurePreservesPreviousDump (1997 ms)
2026-10-05T16:01:48.0239287Z [ RUN      ] GroupedRdbStreamE2e.PageAdmissionOomPreservesPreviousDumpAndReleasesPins
2026-10-05T16:01:48.0239960Z [       OK ] GroupedRdbStreamE2e.PageAdmissionOomPreservesPreviousDumpAndReleasesPins (4674 ms)
2026-10-05T16:01:48.0240640Z [ RUN      ] GroupedRdbStreamE2e.ConcurrentEndWaitsForAdmittedPageAndAllowsTheNextBackup
2026-10-05T16:01:48.0241342Z [       OK ] GroupedRdbStreamE2e.ConcurrentEndWaitsForAdmittedPageAndAllowsTheNextBackup (4474 ms)
2026-10-05T16:01:48.0241980Z [ RUN      ] GroupedRdbStreamE2e.RestoreStreamsFourTypesInsideAndOutsideExec
2026-10-05T16:01:48.0242554Z [       OK ] GroupedRdbStreamE2e.RestoreStreamsFourTypesInsideAndOutsideExec (4377 ms)
2026-10-05T16:01:48.0243346Z [ RUN      ] GroupedRdbStreamE2e.ZsetRestoreBatchesPreserveOrderAndRollback
2026-10-05T16:01:48.0243929Z [       OK ] GroupedRdbStreamE2e.ZsetRestoreBatchesPreserveOrderAndRollback (17488 ms)
2026-10-05T16:01:48.0244543Z [ RUN      ] GroupedRdbStreamE2e.StartupImportStreamsPagesAndSortsUnorderedZsetInput
2026-10-05T16:01:48.0245195Z [       OK ] GroupedRdbStreamE2e.StartupImportStreamsPagesAndSortsUnorderedZsetInput (2955 ms)
2026-10-05T16:01:48.0245962Z [ RUN      ] GroupedRdbStreamE2e.BackupStreamsFourTypesThenImportsAndRestarts
2026-10-05T16:01:48.0246553Z [       OK ] GroupedRdbStreamE2e.BackupStreamsFourTypesThenImportsAndRestarts (11395 ms)
2026-10-05T16:01:48.0247181Z [ RUN      ] GroupedRdbStreamE2e.LargeListOverOneGiBImportsAndExportsWithoutAggregate
2026-10-05T16:01:48.0247679Z ../tests/grouped/rdb_stream_e2e_test.cpp:710: Skipped
2026-10-05T16:01:48.0247990Z opt-in private 4 GiB image and >1 GiB RDB
2026-10-05T16:01:48.0248170Z
2026-10-05T16:01:48.0248500Z [  SKIPPED ] GroupedRdbStreamE2e.LargeListOverOneGiBImportsAndExportsWithoutAggregate (0 ms)
2026-10-05T16:01:48.0249049Z [----------] 9 tests from GroupedRdbStreamE2e (54728 ms total)
2026-10-05T16:01:48.0249276Z
2026-10-05T16:01:48.0249402Z [----------] 22 tests from GroupedSortedSetWriteE2e
2026-10-05T16:01:48.0249846Z [ RUN      ] GroupedSortedSetWriteE2e.TypedChangesDoNotRereadOrderedMemberDiff
2026-10-05T16:01:48.0250436Z [       OK ] GroupedSortedSetWriteE2e.TypedChangesDoNotRereadOrderedMemberDiff (2563 ms)
2026-10-05T16:01:48.0251084Z [ RUN      ] GroupedSortedSetWriteE2e.PointWritesReuseMemberLeafAndKeepBatchFailureAtomic
2026-10-05T16:01:48.0251789Z [       OK ] GroupedSortedSetWriteE2e.PointWritesReuseMemberLeafAndKeepBatchFailureAtomic (2475 ms)
2026-10-05T16:01:48.0252643Z [ RUN      ] GroupedSortedSetWriteE2e.AdjacentScoreMovesReusePagesAcrossRecovery
2026-10-05T16:01:48.0253257Z [       OK ] GroupedSortedSetWriteE2e.AdjacentScoreMovesReusePagesAcrossRecovery (2683 ms)
2026-10-05T16:01:48.0253894Z [ RUN      ] GroupedSortedSetWriteE2e.PlannerSkipsUnchangedNeighborButChecksNewLinks
2026-10-05T16:01:48.0254556Z [       OK ] GroupedSortedSetWriteE2e.PlannerSkipsUnchangedNeighborButChecksNewLinks (3190 ms)
2026-10-05T16:01:48.0255189Z [ RUN      ] GroupedSortedSetWriteE2e.BatchedMemberIndexChangesMatchOrderedPages
2026-10-05T16:01:48.0255937Z [       OK ] GroupedSortedSetWriteE2e.BatchedMemberIndexChangesMatchOrderedPages (1963 ms)
2026-10-05T16:01:48.0256564Z [ RUN      ] GroupedSortedSetWriteE2e.MemberScoresUsePrefixPagesWithoutOrderedReads
2026-10-05T16:01:48.0257208Z [       OK ] GroupedSortedSetWriteE2e.MemberScoresUsePrefixPagesWithoutOrderedReads (1788 ms)
2026-10-05T16:01:48.0257842Z [ RUN      ] GroupedSortedSetWriteE2e.ScoreBoundsSkipUnrelatedPagesAfterRecovery
2026-10-05T16:01:48.0258456Z [       OK ] GroupedSortedSetWriteE2e.ScoreBoundsSkipUnrelatedPagesAfterRecovery (1836 ms)
2026-10-05T16:01:48.0259097Z [ RUN      ] GroupedSortedSetWriteE2e.ScoreBoundsHandleLongTieRunsAndMixedBatchMoves
2026-10-05T16:01:48.0259754Z [       OK ] GroupedSortedSetWriteE2e.ScoreBoundsHandleLongTieRunsAndMixedBatchMoves (3110 ms)
2026-10-05T16:01:48.0260393Z [ RUN      ] GroupedSortedSetWriteE2e.ScoreBoundsRecoverAfterMultiExtentParentKey
2026-10-05T16:01:48.0261019Z [       OK ] GroupedSortedSetWriteE2e.ScoreBoundsRecoverAfterMultiExtentParentKey (9325 ms)
2026-10-05T16:01:48.0261627Z [ RUN      ] GroupedSortedSetWriteE2e.FailedMemberWriteCannotCommitOrderedHalf
2026-10-05T16:01:48.0262218Z [       OK ] GroupedSortedSetWriteE2e.FailedMemberWriteCannotCommitOrderedHalf (4359 ms)
2026-10-05T16:01:48.0262808Z [ RUN      ] GroupedSortedSetWriteE2e.PointFlagsDuplicatesScoresAndAtomicNan
2026-10-05T16:01:48.0263384Z [       OK ] GroupedSortedSetWriteE2e.PointFlagsDuplicatesScoresAndAtomicNan (645 ms)
2026-10-05T16:01:48.0263974Z [ RUN      ] GroupedSortedSetWriteE2e.PointScoreMovesRewriteOnlyEndpointPages
2026-10-05T16:01:48.0264559Z [       OK ] GroupedSortedSetWriteE2e.PointScoreMovesRewriteOnlyEndpointPages (2449 ms)
2026-10-05T16:01:48.0265399Z [ RUN      ] GroupedSortedSetWriteE2e.BoundedRangeAliasesRanksBoundsAndMixedScoreLex
2026-10-05T16:01:48.0266215Z [       OK ] GroupedSortedSetWriteE2e.BoundedRangeAliasesRanksBoundsAndMixedScoreLex (653 ms)
2026-10-05T16:01:48.0266872Z [ RUN      ] GroupedSortedSetWriteE2e.PageScanRepliesOwnBinaryMembersAcrossRecovery
2026-10-05T16:01:48.0267517Z [       OK ] GroupedSortedSetWriteE2e.PageScanRepliesOwnBinaryMembersAcrossRecovery (1729 ms)
2026-10-05T16:01:48.0268127Z [ RUN      ] GroupedSortedSetWriteE2e.ScanCursorsAndAllPopEntryPointsRecover
2026-10-05T16:01:48.0268707Z [       OK ] GroupedSortedSetWriteE2e.ScanCursorsAndAllPopEntryPointsRecover (1571 ms)
2026-10-05T16:01:48.0269270Z [ RUN      ] GroupedSortedSetWriteE2e.FullImageAndRandomReplyOomAreAtomic
2026-10-05T16:01:48.0269824Z [       OK ] GroupedSortedSetWriteE2e.FullImageAndRandomReplyOomAreAtomic (6166 ms)
2026-10-05T16:01:48.0270391Z [ RUN      ] GroupedSortedSetWriteE2e.RangeRemovalFitsSelectedPagesAndRecovers
2026-10-05T16:01:48.0270986Z [       OK ] GroupedSortedSetWriteE2e.RangeRemovalFitsSelectedPagesAndRecovers (6006 ms)
2026-10-05T16:01:48.0271621Z [ RUN      ] GroupedSortedSetWriteE2e.FailedRangeRemovalPreservesExecPrefixAndRecovery
2026-10-05T16:01:48.0272299Z [       OK ] GroupedSortedSetWriteE2e.FailedRangeRemovalPreservesExecPrefixAndRecovery (4042 ms)
2026-10-05T16:01:48.0272930Z [ RUN      ] GroupedSortedSetWriteE2e.RandomAndRangeRemovalPreserveSemantics
2026-10-05T16:01:48.0273592Z [       OK ] GroupedSortedSetWriteE2e.RandomAndRangeRemovalPreserveSemantics (658 ms)
2026-10-05T16:01:48.0274204Z [ RUN      ] GroupedSortedSetWriteE2e.GeoPointReadsPreserveRepliesAndExecVisibility
2026-10-05T16:01:48.0274851Z [       OK ] GroupedSortedSetWriteE2e.GeoPointReadsPreserveRepliesAndExecVisibility (1732 ms)
2026-10-05T16:01:48.0275807Z [ RUN      ] GroupedSortedSetWriteE2e.MultiKeyAggregateOomPreservesStoreAndExecPrefix
2026-10-05T16:01:48.0276486Z [       OK ] GroupedSortedSetWriteE2e.MultiKeyAggregateOomPreservesStoreAndExecPrefix (4074 ms)
2026-10-05T16:01:48.0277142Z [ RUN      ] GroupedSortedSetWriteE2e.AggregateAbove512MiBRemainsBoundedAndRecovers
2026-10-05T16:01:48.0277787Z [       OK ] GroupedSortedSetWriteE2e.AggregateAbove512MiBRemainsBoundedAndRecovers (90586 ms)
2026-10-05T16:01:48.0278333Z [----------] 22 tests from GroupedSortedSetWriteE2e (153615 ms total)
2026-10-05T16:01:48.0278582Z
2026-10-05T16:01:48.0278696Z [----------] 7 tests from GroupedTransferE2e
2026-10-05T16:01:48.0279137Z [ RUN      ] GroupedTransferE2e.FourTypesCopyRenameAcrossDatabasesAndWorkersRecover
2026-10-05T16:01:48.0279780Z [       OK ] GroupedTransferE2e.FourTypesCopyRenameAcrossDatabasesAndWorkersRecover (14449 ms)
2026-10-05T16:01:48.0280431Z [ RUN      ] GroupedTransferE2e.FailedExecCopyKeepsOldGraphAndCommitsLaterCommand
2026-10-05T16:01:48.0281056Z [       OK ] GroupedTransferE2e.FailedExecCopyKeepsOldGraphAndCommitsLaterCommand (3845 ms)
2026-10-05T16:01:48.0281692Z [ RUN      ] GroupedTransferE2e.FullImageScratchOomPreservesValuesAndMetadataReads
2026-10-05T16:01:48.0282329Z [       OK ] GroupedTransferE2e.FullImageScratchOomPreservesValuesAndMetadataReads (3158 ms)
2026-10-05T16:01:48.0282949Z [ RUN      ] GroupedTransferE2e.ScanUsesOneLeafAndSurvivesDeletingEarlierFields
2026-10-05T16:01:48.0283555Z [       OK ] GroupedTransferE2e.ScanUsesOneLeafAndSurvivesDeletingEarlierFields (4753 ms)
2026-10-05T16:01:48.0284160Z [ RUN      ] GroupedTransferE2e.ListSearchRetainsOnePageAndInsertOnlyItsInterval
2026-10-05T16:01:48.0284777Z [       OK ] GroupedTransferE2e.ListSearchRetainsOnePageAndInsertOnlyItsInterval (3641 ms)
2026-10-05T16:01:48.0285400Z [ RUN      ] GroupedTransferE2e.RandomFieldsAndSetPopDoNotMaterializeTheCollection
2026-10-05T16:01:48.0286144Z [       OK ] GroupedTransferE2e.RandomFieldsAndSetPopDoNotMaterializeTheCollection (5223 ms)
2026-10-05T16:01:48.0286759Z [ RUN      ] GroupedTransferE2e.SetMultiKeyOomLeavesDestinationAndHoldsIntact
2026-10-05T16:01:48.0287337Z [       OK ] GroupedTransferE2e.SetMultiKeyOomLeavesDestinationAndHoldsIntact (5909 ms)
2026-10-05T16:01:48.0288057Z [----------] 7 tests from GroupedTransferE2e (40981 ms total)
2026-10-05T16:01:48.0288296Z
2026-10-05T16:01:48.0288420Z [----------] 3 tests from GroupedRandomStreamE2e
2026-10-05T16:01:48.0288873Z [ RUN      ] GroupedRandomStreamE2e.FiniteRepliesAreByteExactAcrossBulkBoundaries
2026-10-05T16:01:48.0289514Z [       OK ] GroupedRandomStreamE2e.FiniteRepliesAreByteExactAcrossBulkBoundaries (891 ms)
2026-10-05T16:01:48.0290128Z [ RUN      ] GroupedRandomStreamE2e.DisconnectDuringLargeBulkReleasesStreamState
2026-10-05T16:01:48.0290744Z [       OK ] GroupedRandomStreamE2e.DisconnectDuringLargeBulkReleasesStreamState (1382 ms)
2026-10-05T16:01:48.0291376Z [ RUN      ] GroupedRandomStreamE2e.AdmissionFailureReturnsOneErrorWithoutArrayPrefix
2026-10-05T16:01:48.0292048Z [       OK ] GroupedRandomStreamE2e.AdmissionFailureReturnsOneErrorWithoutArrayPrefix (1767 ms)
2026-10-05T16:01:48.0292594Z [----------] 3 tests from GroupedRandomStreamE2e (4042 ms total)
2026-10-05T16:01:48.0292883Z
2026-10-05T16:01:48.0293044Z [----------] 6 tests from BatchWindows/GroupedStreamCrashE2e
2026-10-05T16:01:48.0293540Z [ RUN      ] BatchWindows/GroupedStreamCrashE2e.InterruptedAppendKeepsPreviousGraph/0
2026-10-05T16:01:48.0294183Z [       OK ] BatchWindows/GroupedStreamCrashE2e.InterruptedAppendKeepsPreviousGraph/0 (2471 ms)
2026-10-05T16:01:48.0294820Z [ RUN      ] BatchWindows/GroupedStreamCrashE2e.InterruptedAppendKeepsPreviousGraph/1
2026-10-05T16:01:48.0295595Z [       OK ] BatchWindows/GroupedStreamCrashE2e.InterruptedAppendKeepsPreviousGraph/1 (2434 ms)
2026-10-05T16:01:48.0296249Z [ RUN      ] BatchWindows/GroupedStreamCrashE2e.InterruptedAppendKeepsPreviousGraph/2
2026-10-05T16:01:48.0297070Z [       OK ] BatchWindows/GroupedStreamCrashE2e.InterruptedAppendKeepsPreviousGraph/2 (2447 ms)
2026-10-05T16:01:48.0297716Z [ RUN      ] BatchWindows/GroupedStreamCrashE2e.InterruptedTrimKeepsMessagesAndPending/0
2026-10-05T16:01:48.0298384Z [       OK ] BatchWindows/GroupedStreamCrashE2e.InterruptedTrimKeepsMessagesAndPending/0 (2455 ms)
2026-10-05T16:01:48.0299048Z [ RUN      ] BatchWindows/GroupedStreamCrashE2e.InterruptedTrimKeepsMessagesAndPending/1
2026-10-05T16:01:48.0299708Z [       OK ] BatchWindows/GroupedStreamCrashE2e.InterruptedTrimKeepsMessagesAndPending/1 (2443 ms)
2026-10-05T16:01:48.0300370Z [ RUN      ] BatchWindows/GroupedStreamCrashE2e.InterruptedTrimKeepsMessagesAndPending/2
2026-10-05T16:01:48.0301032Z [       OK ] BatchWindows/GroupedStreamCrashE2e.InterruptedTrimKeepsMessagesAndPending/2 (2442 ms)
2026-10-05T16:01:48.0301611Z [----------] 6 tests from BatchWindows/GroupedStreamCrashE2e (14696 ms total)
2026-10-05T16:01:48.0301884Z
2026-10-05T16:01:48.0302036Z [----------] 3 tests from BatchWindows/GroupedStringCrashE2e
2026-10-05T16:01:48.0302530Z [ RUN      ] BatchWindows/GroupedStringCrashE2e.PartialSegmentBatchKeepsPreviousRoot/0
2026-10-05T16:01:48.0303179Z [       OK ] BatchWindows/GroupedStringCrashE2e.PartialSegmentBatchKeepsPreviousRoot/0 (2128 ms)
2026-10-05T16:01:48.0303827Z [ RUN      ] BatchWindows/GroupedStringCrashE2e.PartialSegmentBatchKeepsPreviousRoot/1
2026-10-05T16:01:48.0304481Z [       OK ] BatchWindows/GroupedStringCrashE2e.PartialSegmentBatchKeepsPreviousRoot/1 (2122 ms)
2026-10-05T16:01:48.0305129Z [ RUN      ] BatchWindows/GroupedStringCrashE2e.PartialSegmentBatchKeepsPreviousRoot/2
2026-10-05T16:01:48.0305916Z [       OK ] BatchWindows/GroupedStringCrashE2e.PartialSegmentBatchKeepsPreviousRoot/2 (2107 ms)
2026-10-05T16:01:48.0306490Z [----------] 3 tests from BatchWindows/GroupedStringCrashE2e (6358 ms total)
2026-10-05T16:01:48.0306767Z
2026-10-05T16:01:48.0306928Z [----------] 8 tests from AllTypes/GroupedFullDiskExpirationE2e
2026-10-05T16:01:48.0307427Z [ RUN      ] AllTypes/GroupedFullDiskExpirationE2e.ReclaimsGraphAndRecovers/HashInline
2026-10-05T16:01:48.0308067Z [       OK ] AllTypes/GroupedFullDiskExpirationE2e.ReclaimsGraphAndRecovers/HashInline (12074 ms)
2026-10-05T16:01:48.0308909Z [ RUN      ] AllTypes/GroupedFullDiskExpirationE2e.ReclaimsGraphAndRecovers/HashIndirect
2026-10-05T16:01:48.0309586Z [       OK ] AllTypes/GroupedFullDiskExpirationE2e.ReclaimsGraphAndRecovers/HashIndirect (12985 ms)
2026-10-05T16:01:48.0310225Z [ RUN      ] AllTypes/GroupedFullDiskExpirationE2e.ReclaimsGraphAndRecovers/SetInline
2026-10-05T16:01:48.0310857Z [       OK ] AllTypes/GroupedFullDiskExpirationE2e.ReclaimsGraphAndRecovers/SetInline (12149 ms)
2026-10-05T16:01:48.0311489Z [ RUN      ] AllTypes/GroupedFullDiskExpirationE2e.ReclaimsGraphAndRecovers/SetIndirect
2026-10-05T16:01:48.0312139Z [       OK ] AllTypes/GroupedFullDiskExpirationE2e.ReclaimsGraphAndRecovers/SetIndirect (13072 ms)
2026-10-05T16:01:48.0312774Z [ RUN      ] AllTypes/GroupedFullDiskExpirationE2e.ReclaimsGraphAndRecovers/ListInline
2026-10-05T16:01:48.0313420Z [       OK ] AllTypes/GroupedFullDiskExpirationE2e.ReclaimsGraphAndRecovers/ListInline (12013 ms)
2026-10-05T16:01:48.0314061Z [ RUN      ] AllTypes/GroupedFullDiskExpirationE2e.ReclaimsGraphAndRecovers/ListIndirect
2026-10-05T16:01:48.0314553Z ../tests/grouped/ordered_write_e2e_test.cpp:1338: Failure
2026-10-05T16:01:48.0314848Z Failed
2026-10-05T16:01:48.0315141Z RESTORE: response timed out: Resource temporarily unavailable (errno=11)
2026-10-05T16:01:48.0315858Z [2026-10-05 16:00:08.798] [lavik] [info] I/O backends: network=kernel storage=uring rings=one-per-worker
2026-10-05T16:01:48.0316599Z [2026-10-05 16:00:08.798] [lavik] [info] mimalloc recovery_purge_delay=1000 online_purge_delay=60000 arena_eager_commit=1 allow_thp=0
2026-10-05T16:01:48.0319683Z [2026-10-05 16:00:08.798] [lavik] [info] lavik version=0.1.0-dev listening on 127.0.0.1:57753 tls_port=0 metrics_port=0 shards=1 maxclients=10000 maxclients_fd_reserve=256 pin_workers=false idle_timeout_ms=-1 busy_poll_us=20 foreground_budget_us=1000 background_budget_us=10 background_warrant_percent=1 spdk_max_completions_per_poll=8 spdk_foreground_pre_poll_us=5 registered_buffer_bytes=67108864 per worker storage_write_buffers=4 storage_read_buffer_bytes=1048576 replication_publish_queue_bytes=16777216 per worker max_memory=1073741824 maxmemory_clients=5% client_query_buffer_limit=1073741824 flush_max_ms=20 flush_size_bytes=131072 defrag_max_active_per_device=8 defrag_sleep_ms=0 defrag_record_sleep_us=0 defrag_paused=true shutdown_checkpoint=false replication_backlog_backpressure=true
2026-10-05T16:01:48.0322717Z [2026-10-05 16:00:08.798] [lavik] [info] memory limit=1073741824 (1.00G) initial_used=0 initial_rss=13549568
2026-10-05T16:01:48.0323717Z [2026-10-05 16:00:08.800] [lavik] [info] storage device id=0 path=/mnt/dev/lavik-grouped-write-iVSN1V capacity-bytes=142606336 data-blocks=16 foreground-blocks=8 defrag-reserve-blocks=8 data-bytes=134217728
2026-10-05T16:01:48.0324741Z [2026-10-05 16:00:08.800] [lavik] [info] storage capacity: data-blocks=16 foreground-blocks=8 defrag-reserve-blocks=8
2026-10-05T16:01:48.0325330Z [2026-10-05 16:00:08.800] [lavik] [info] storage direct-I/O alignment=4096 bytes
2026-10-05T16:01:48.0325891Z [2026-10-05 16:00:08.800] [lavik] [info] storage flush submission size=131072 bytes
2026-10-05T16:01:48.0326412Z [2026-10-05 16:00:09.159] [lavik] [info] storage device id=0 foreground-weight=8 home-workers=1
2026-10-05T16:01:48.0326966Z [2026-10-05 16:00:09.160] [lavik] [info] runtime workers=2 data_shards=1 control_worker=1 cpus=
2026-10-05T16:01:48.0327757Z [2026-10-05 16:00:09.163] [lavik] [info] runtime cycle-counter=cntvct_el0 frequency-source=cntfrq_el0 frequency=1000000000 Hz (1000.000 MHz) ticks-per-us=1000.000
2026-10-05T16:01:48.0328665Z [2026-10-05 16:00:09.347] [lavik] [info] storage recovery: blocks=0/0 (100.0%) swept=16/16 records=0 rate=0 blocks/s 0.00M records/s eta=0.0s
2026-10-05T16:01:48.0329386Z [2026-10-05 16:00:09.364] [lavik] [info] mimalloc recovery collection complete; online purge_delay=60000
2026-10-05T16:01:48.0329928Z [2026-10-05 16:00:09.364] [lavik] [info] worker[0] direct-IO storage initialized
2026-10-05T16:01:48.0330202Z
2026-10-05T16:01:48.0330339Z TEST DIAGNOSTICS full-disk RESTORE failed pid=15101
2026-10-05T16:01:48.0330858Z restore_index=1 key_count=3 key_bytes=32768 elapsed_ms=55206
2026-10-05T16:01:48.0331180Z "/proc/15101/task/15101/wchan":
2026-10-05T16:01:48.0331430Z poll_schedule_timeout.constprop.0
2026-10-05T16:01:48.0331677Z "/proc/15101/task/15101/stack":
2026-10-05T16:01:48.0331823Z
2026-10-05T16:01:48.0331911Z "/proc/15101/task/15101/status":
2026-10-05T16:01:48.0332133Z Name:	lavik
2026-10-05T16:01:48.0332302Z Umask:	0022
2026-10-05T16:01:48.0332479Z State:	S (sleeping)
2026-10-05T16:01:48.0332668Z Tgid:	15101
2026-10-05T16:01:48.0332830Z Ngid:	0
2026-10-05T16:01:48.0332997Z Pid:	15101
2026-10-05T16:01:48.0333166Z PPid:	13571
2026-10-05T16:01:48.0333343Z TracerPid:	0
2026-10-05T16:01:48.0333530Z Uid:	1001	1001	1001	1001
2026-10-05T16:01:48.0333742Z Gid:	1001	1001	1001	1001
2026-10-05T16:01:48.0333943Z FDSize:	256
2026-10-05T16:01:48.0334132Z Groups:	4 100 118 999 1001
2026-10-05T16:01:48.0334338Z NStgid:	15101
2026-10-05T16:01:48.0334516Z NSpid:	15101
2026-10-05T16:01:48.0334695Z NSpgid:	1895
2026-10-05T16:01:48.0334874Z NSsid:	1895
2026-10-05T16:01:48.0335048Z Kthread:	0
2026-10-05T16:01:48.0335218Z VmPeak:	 1331652 kB
2026-10-05T16:01:48.0335409Z VmSize:	 1266116 kB
2026-10-05T16:01:48.0335790Z VmLck:	       0 kB
2026-10-05T16:01:48.0335983Z VmPin:	   64764 kB
2026-10-05T16:01:48.0336171Z VmHWM:	  227840 kB
2026-10-05T16:01:48.0336355Z VmRSS:	  227840 kB
2026-10-05T16:01:48.0336540Z RssAnon:	  203004 kB
2026-10-05T16:01:48.0336740Z RssFile:	   24836 kB
2026-10-05T16:01:48.0336932Z RssShmem:	       0 kB
2026-10-05T16:01:48.0337127Z VmData:	 1090176 kB
2026-10-05T16:01:48.0337319Z VmStk:	     136 kB
2026-10-05T16:01:48.0337500Z VmExe:	   41664 kB
2026-10-05T16:01:48.0337683Z VmLib:	    2372 kB
2026-10-05T16:01:48.0338168Z VmPTE:	     672 kB
2026-10-05T16:01:48.0338356Z VmSwap:	       0 kB
2026-10-05T16:01:48.0338562Z HugetlbPages:	       0 kB
2026-10-05T16:01:48.0338774Z CoreDumping:	0
2026-10-05T16:01:48.0338957Z THP_enabled:	0
2026-10-05T16:01:48.0339155Z untag_mask:	0xffffffffffffff
2026-10-05T16:01:48.0339372Z Threads:	4
2026-10-05T16:01:48.0339544Z SigQ:	0/63642
2026-10-05T16:01:48.0339729Z SigPnd:	0000000000000000
2026-10-05T16:01:48.0339935Z ShdPnd:	0000000000000000
2026-10-05T16:01:48.0340143Z SigBlk:	0000000000000000
2026-10-05T16:01:48.0340349Z SigIgn:	0000000000001000
2026-10-05T16:01:48.0340555Z SigCgt:	0000000100004002
2026-10-05T16:01:48.0340761Z CapInh:	0000000000000000
2026-10-05T16:01:48.0340969Z CapPrm:	0000000000000000
2026-10-05T16:01:48.0341179Z CapEff:	0000000000000000
2026-10-05T16:01:48.0341392Z CapBnd:	000001ffffffffff
2026-10-05T16:01:48.0341603Z CapAmb:	0000000000000000
2026-10-05T16:01:48.0341808Z NoNewPrivs:	0
2026-10-05T16:01:48.0341990Z Seccomp:	0
2026-10-05T16:01:48.0342164Z Seccomp_filters:	0
2026-10-05T16:01:48.0342402Z Speculation_Store_Bypass:	thread vulnerable
2026-10-05T16:01:48.0342693Z SpeculationIndirectBranch:	unknown
2026-10-05T16:01:48.0342937Z Cpus_allowed:	f
2026-10-05T16:01:48.0343132Z Cpus_allowed_list:	0-3
2026-10-05T16:01:48.0343348Z Mems_allowed:	00000000,00000001
2026-10-05T16:01:48.0343575Z Mems_allowed_list:	0
2026-10-05T16:01:48.0343793Z voluntary_ctxt_switches:	3
2026-10-05T16:01:48.0344027Z nonvoluntary_ctxt_switches:	5
2026-10-05T16:01:48.0344181Z
2026-10-05T16:01:48.0344274Z "/proc/15101/task/15102/wchan":
2026-10-05T16:01:48.0344494Z io_cqring_wait
2026-10-05T16:01:48.0344686Z "/proc/15101/task/15102/stack":
2026-10-05T16:01:48.0344833Z
2026-10-05T16:01:48.0344925Z "/proc/15101/task/15102/status":
2026-10-05T16:01:48.0345145Z Name:	lavik
2026-10-05T16:01:48.0345312Z Umask:	0022
2026-10-05T16:01:48.0345719Z State:	S (sleeping)
2026-10-05T16:01:48.0345922Z Tgid:	15101
2026-10-05T16:01:48.0346090Z Ngid:	0
2026-10-05T16:01:48.0346251Z Pid:	15102
2026-10-05T16:01:48.0346425Z PPid:	13571
2026-10-05T16:01:48.0346600Z TracerPid:	0
2026-10-05T16:01:48.0346785Z Uid:	1001	1001	1001	1001
2026-10-05T16:01:48.0346986Z Gid:	1001	1001	1001	1001
2026-10-05T16:01:48.0347186Z FDSize:	256
2026-10-05T16:01:48.0347364Z Groups:	4 100 118 999 1001
2026-10-05T16:01:48.0347573Z NStgid:	15101
2026-10-05T16:01:48.0348013Z NSpid:	15102
2026-10-05T16:01:48.0348210Z NSpgid:	1895
2026-10-05T16:01:48.0348386Z NSsid:	1895
2026-10-05T16:01:48.0348548Z Kthread:	0
2026-10-05T16:01:48.0348715Z VmPeak:	 1331652 kB
2026-10-05T16:01:48.0348910Z VmSize:	 1266116 kB
2026-10-05T16:01:48.0349096Z VmLck:	       0 kB
2026-10-05T16:01:48.0349281Z VmPin:	   64764 kB
2026-10-05T16:01:48.0349470Z VmHWM:	  227840 kB
2026-10-05T16:01:48.0349653Z VmRSS:	  227840 kB
2026-10-05T16:01:48.0349842Z RssAnon:	  203004 kB
2026-10-05T16:01:48.0350057Z RssFile:	   24836 kB
2026-10-05T16:01:48.0350255Z RssShmem:	       0 kB
2026-10-05T16:01:48.0350455Z VmData:	 1090176 kB
2026-10-05T16:01:48.0350639Z VmStk:	     136 kB
2026-10-05T16:01:48.0350831Z VmExe:	   41664 kB
2026-10-05T16:01:48.0351019Z VmLib:	    2372 kB
2026-10-05T16:01:48.0351203Z VmPTE:	     672 kB
2026-10-05T16:01:48.0351386Z VmSwap:	       0 kB
2026-10-05T16:01:48.0351589Z HugetlbPages:	       0 kB
2026-10-05T16:01:48.0351797Z CoreDumping:	0
2026-10-05T16:01:48.0351987Z THP_enabled:	0
2026-10-05T16:01:48.0352184Z untag_mask:	0xffffffffffffff
2026-10-05T16:01:48.0352402Z Threads:	4
2026-10-05T16:01:48.0352573Z SigQ:	0/63642
2026-10-05T16:01:48.0352758Z SigPnd:	0000000000000000
2026-10-05T16:01:48.0352970Z ShdPnd:	0000000000000000
2026-10-05T16:01:48.0353183Z SigBlk:	0000000000000000
2026-10-05T16:01:48.0353387Z SigIgn:	0000000000001000
2026-10-05T16:01:48.0353594Z SigCgt:	0000000100004002
2026-10-05T16:01:48.0353798Z CapInh:	0000000000000000
2026-10-05T16:01:48.0354008Z CapPrm:	0000000000000000
2026-10-05T16:01:48.0354220Z CapEff:	0000000000000000
2026-10-05T16:01:48.0354429Z CapBnd:	000001ffffffffff
2026-10-05T16:01:48.0354638Z CapAmb:	0000000000000000
2026-10-05T16:01:48.0355069Z NoNewPrivs:	0
2026-10-05T16:01:48.0355248Z Seccomp:	0
2026-10-05T16:01:48.0355418Z Seccomp_filters:	0
2026-10-05T16:01:48.0355843Z Speculation_Store_Bypass:	thread vulnerable
2026-10-05T16:01:48.0356136Z SpeculationIndirectBranch:	unknown
2026-10-05T16:01:48.0356381Z Cpus_allowed:	f
2026-10-05T16:01:48.0356577Z Cpus_allowed_list:	0-3
2026-10-05T16:01:48.0356786Z Mems_allowed:	00000000,00000001
2026-10-05T16:01:48.0357014Z Mems_allowed_list:	0
2026-10-05T16:01:48.0357226Z voluntary_ctxt_switches:	9158
2026-10-05T16:01:48.0357463Z nonvoluntary_ctxt_switches:	7
2026-10-05T16:01:48.0357614Z
2026-10-05T16:01:48.0357704Z "/proc/15101/task/15103/wchan":
2026-10-05T16:01:48.0357919Z io_cqring_wait
2026-10-05T16:01:48.0358115Z "/proc/15101/task/15103/stack":
2026-10-05T16:01:48.0358259Z
2026-10-05T16:01:48.0358353Z "/proc/15101/task/15103/status":
2026-10-05T16:01:48.0358573Z Name:	lavik
2026-10-05T16:01:48.0358749Z Umask:	0022
2026-10-05T16:01:48.0358924Z State:	S (sleeping)
2026-10-05T16:01:48.0359122Z Tgid:	15101
2026-10-05T16:01:48.0359285Z Ngid:	0
2026-10-05T16:01:48.0359447Z Pid:	15103
2026-10-05T16:01:48.0359621Z PPid:	13571
2026-10-05T16:01:48.0359795Z TracerPid:	0
2026-10-05T16:01:48.0359974Z Uid:	1001	1001	1001	1001
2026-10-05T16:01:48.0360180Z Gid:	1001	1001	1001	1001
2026-10-05T16:01:48.0360375Z FDSize:	256
2026-10-05T16:01:48.0360561Z Groups:	4 100 118 999 1001
2026-10-05T16:01:48.0360773Z NStgid:	15101
2026-10-05T16:01:48.0360949Z NSpid:	15103
2026-10-05T16:01:48.0361124Z NSpgid:	1895
2026-10-05T16:01:48.0361298Z NSsid:	1895
2026-10-05T16:01:48.0361465Z Kthread:	0
2026-10-05T16:01:48.0361646Z VmPeak:	 1331652 kB
2026-10-05T16:01:48.0361837Z VmSize:	 1266116 kB
2026-10-05T16:01:48.0362022Z VmLck:	       0 kB
2026-10-05T16:01:48.0362213Z VmPin:	   64764 kB
2026-10-05T16:01:48.0362405Z VmHWM:	  227840 kB
2026-10-05T16:01:48.0362590Z VmRSS:	  227840 kB
2026-10-05T16:01:48.0362781Z RssAnon:	  203004 kB
2026-10-05T16:01:48.0362974Z RssFile:	   24836 kB
2026-10-05T16:01:48.0363173Z RssShmem:	       0 kB
2026-10-05T16:01:48.0363381Z VmData:	 1090176 kB
2026-10-05T16:01:48.0363566Z VmStk:	     136 kB
2026-10-05T16:01:48.0363757Z VmExe:	   41664 kB
2026-10-05T16:01:48.0363941Z VmLib:	    2372 kB
2026-10-05T16:01:48.0364132Z VmPTE:	     672 kB
2026-10-05T16:01:48.0364323Z VmSwap:	       0 kB
2026-10-05T16:01:48.0364808Z HugetlbPages:	       0 kB
2026-10-05T16:01:48.0365047Z CoreDumping:	0
2026-10-05T16:01:48.0365230Z THP_enabled:	0
2026-10-05T16:01:48.0365584Z untag_mask:	0xffffffffffffff
2026-10-05T16:01:48.0365821Z Threads:	4
2026-10-05T16:01:48.0365990Z SigQ:	0/63642
2026-10-05T16:01:48.0366171Z SigPnd:	0000000000000000
2026-10-05T16:01:48.0366380Z ShdPnd:	0000000000000000
2026-10-05T16:01:48.0366586Z SigBlk:	0000000000000000
2026-10-05T16:01:48.0366790Z SigIgn:	0000000000001000
2026-10-05T16:01:48.0366995Z SigCgt:	0000000100004002
2026-10-05T16:01:48.0367197Z CapInh:	0000000000000000
2026-10-05T16:01:48.0367403Z CapPrm:	0000000000000000
2026-10-05T16:01:48.0367604Z CapEff:	0000000000000000
2026-10-05T16:01:48.0367820Z CapBnd:	000001ffffffffff
2026-10-05T16:01:48.0368030Z CapAmb:	0000000000000000
2026-10-05T16:01:48.0368229Z NoNewPrivs:	0
2026-10-05T16:01:48.0368403Z Seccomp:	0
2026-10-05T16:01:48.0368582Z Seccomp_filters:	0
2026-10-05T16:01:48.0368809Z Speculation_Store_Bypass:	thread vulnerable
2026-10-05T16:01:48.0369111Z SpeculationIndirectBranch:	unknown
2026-10-05T16:01:48.0369357Z Cpus_allowed:	f
2026-10-05T16:01:48.0369549Z Cpus_allowed_list:	0-3
2026-10-05T16:01:48.0369763Z Mems_allowed:	00000000,00000001
2026-10-05T16:01:48.0369990Z Mems_allowed_list:	0
2026-10-05T16:01:48.0370197Z voluntary_ctxt_switches:	5
2026-10-05T16:01:48.0370433Z nonvoluntary_ctxt_switches:	0
2026-10-05T16:01:48.0370582Z
2026-10-05T16:01:48.0370673Z "/proc/15101/task/15104/wchan":
2026-10-05T16:01:48.0370892Z io_wq_worker
2026-10-05T16:01:48.0371078Z "/proc/15101/task/15104/stack":
2026-10-05T16:01:48.0371228Z
2026-10-05T16:01:48.0371317Z "/proc/15101/task/15104/status":
2026-10-05T16:01:48.0371549Z Name:	iou-wrk-15102
2026-10-05T16:01:48.0372013Z Umask:	0022
2026-10-05T16:01:48.0372187Z State:	S (sleeping)
2026-10-05T16:01:48.0372374Z Tgid:	15101
2026-10-05T16:01:48.0372534Z Ngid:	0
2026-10-05T16:01:48.0372696Z Pid:	15104
2026-10-05T16:01:48.0372863Z PPid:	13571
2026-10-05T16:01:48.0373148Z TracerPid:	0
2026-10-05T16:01:48.0373400Z Uid:	1001	1001	1001	1001
2026-10-05T16:01:48.0373603Z Gid:	1001	1001	1001	1001
2026-10-05T16:01:48.0373888Z FDSize:	256
2026-10-05T16:01:48.0374066Z Groups:	4 100 118 999 1001
2026-10-05T16:01:48.0374274Z NStgid:	15101
2026-10-05T16:01:48.0374455Z NSpid:	15104
2026-10-05T16:01:48.0374628Z NSpgid:	1895
2026-10-05T16:01:48.0374803Z NSsid:	1895
2026-10-05T16:01:48.0374970Z Kthread:	0
2026-10-05T16:01:48.0375143Z VmPeak:	 1331652 kB
2026-10-05T16:01:48.0375336Z VmSize:	 1266116 kB
2026-10-05T16:01:48.0375694Z VmLck:	       0 kB
2026-10-05T16:01:48.0375889Z VmPin:	   64764 kB
2026-10-05T16:01:48.0376077Z VmHWM:	  227840 kB
2026-10-05T16:01:48.0376262Z VmRSS:	  227840 kB
2026-10-05T16:01:48.0376461Z RssAnon:	  203004 kB
2026-10-05T16:01:48.0376662Z RssFile:	   24836 kB
2026-10-05T16:01:48.0376858Z RssShmem:	       0 kB
2026-10-05T16:01:48.0377060Z VmData:	 1090176 kB
2026-10-05T16:01:48.0377248Z VmStk:	     136 kB
2026-10-05T16:01:48.0377435Z VmExe:	   41664 kB
2026-10-05T16:01:48.0377625Z VmLib:	    2372 kB
2026-10-05T16:01:48.0377816Z VmPTE:	     672 kB
2026-10-05T16:01:48.0378002Z VmSwap:	       0 kB
2026-10-05T16:01:48.0378204Z HugetlbPages:	       0 kB
2026-10-05T16:01:48.0378416Z CoreDumping:	0
2026-10-05T16:01:48.0378601Z THP_enabled:	0
2026-10-05T16:01:48.0378797Z untag_mask:	0xffffffffffffff
2026-10-05T16:01:48.0379014Z Threads:	4
2026-10-05T16:01:48.0379186Z SigQ:	0/63642
2026-10-05T16:01:48.0379370Z SigPnd:	0000000000000000
2026-10-05T16:01:48.0379577Z ShdPnd:	0000000000000000
2026-10-05T16:01:48.0379793Z SigBlk:	fffffffffffbfeff
2026-10-05T16:01:48.0380006Z SigIgn:	0000000000001000
2026-10-05T16:01:48.0380214Z SigCgt:	0000000100004002
2026-10-05T16:01:48.0380428Z CapInh:	0000000000000000
2026-10-05T16:01:48.0380643Z CapPrm:	0000000000000000
2026-10-05T16:01:48.0380854Z CapEff:	0000000000000000
2026-10-05T16:01:48.0381062Z CapBnd:	000001ffffffffff
2026-10-05T16:01:48.0381270Z CapAmb:	0000000000000000
2026-10-05T16:01:48.0381481Z NoNewPrivs:	0
2026-10-05T16:01:48.0381679Z Seccomp:	0
2026-10-05T16:01:48.0382128Z Seccomp_filters:	0
2026-10-05T16:01:48.0382379Z Speculation_Store_Bypass:	thread vulnerable
2026-10-05T16:01:48.0382667Z SpeculationIndirectBranch:	unknown
2026-10-05T16:01:48.0382911Z Cpus_allowed:	f
2026-10-05T16:01:48.0383100Z Cpus_allowed_list:	0-3
2026-10-05T16:01:48.0383310Z Mems_allowed:	00000000,00000001
2026-10-05T16:01:48.0383537Z Mems_allowed_list:	0
2026-10-05T16:01:48.0383744Z voluntary_ctxt_switches:	126
2026-10-05T16:01:48.0383978Z nonvoluntary_ctxt_switches:	0
2026-10-05T16:01:48.0384131Z
2026-10-05T16:01:48.0384135Z
2026-10-05T16:01:48.0384139Z
2026-10-05T16:01:48.0384636Z [  FAILED  ] AllTypes/GroupedFullDiskExpirationE2e.ReclaimsGraphAndRecovers/ListIndirect, where GetParam() = (1-byte object <02>, true) (56971 ms)
2026-10-05T16:01:48.0385678Z [ RUN      ] AllTypes/GroupedFullDiskExpirationE2e.ReclaimsGraphAndRecovers/SortedSetInline
2026-10-05T16:01:48.0386374Z [       OK ] AllTypes/GroupedFullDiskExpirationE2e.ReclaimsGraphAndRecovers/SortedSetInline (12029 ms)
2026-10-05T16:01:48.0387063Z [ RUN      ] AllTypes/GroupedFullDiskExpirationE2e.ReclaimsGraphAndRecovers/SortedSetIndirect
2026-10-05T16:01:48.0387768Z [       OK ] AllTypes/GroupedFullDiskExpirationE2e.ReclaimsGraphAndRecovers/SortedSetIndirect (13013 ms)
2026-10-05T16:01:48.0388386Z [----------] 8 tests from AllTypes/GroupedFullDiskExpirationE2e (144309 ms total)
2026-10-05T16:01:48.0388682Z
2026-10-05T16:01:48.0388843Z [----------] 4 tests from BatchWindows/GroupedSortedSetCrashE2e
2026-10-05T16:01:48.0389396Z [ RUN      ] BatchWindows/GroupedSortedSetCrashE2e.InterruptedSortedSetBatchKeepsPreviousValue/0
2026-10-05T16:01:48.0390149Z [       OK ] BatchWindows/GroupedSortedSetCrashE2e.InterruptedSortedSetBatchKeepsPreviousValue/0 (2118 ms)
2026-10-05T16:01:48.0391156Z [ RUN      ] BatchWindows/GroupedSortedSetCrashE2e.InterruptedSortedSetBatchKeepsPreviousValue/1
2026-10-05T16:01:48.0391906Z [       OK ] BatchWindows/GroupedSortedSetCrashE2e.InterruptedSortedSetBatchKeepsPreviousValue/1 (2121 ms)
2026-10-05T16:01:48.0392658Z [ RUN      ] BatchWindows/GroupedSortedSetCrashE2e.InterruptedSortedSetBatchKeepsPreviousValue/2
2026-10-05T16:01:48.0393403Z [       OK ] BatchWindows/GroupedSortedSetCrashE2e.InterruptedSortedSetBatchKeepsPreviousValue/2 (2115 ms)
2026-10-05T16:01:48.0394149Z [ RUN      ] BatchWindows/GroupedSortedSetCrashE2e.InterruptedSortedSetBatchKeepsPreviousValue/3
2026-10-05T16:01:48.0394894Z [       OK ] BatchWindows/GroupedSortedSetCrashE2e.InterruptedSortedSetBatchKeepsPreviousValue/3 (2719 ms)
2026-10-05T16:01:48.0395649Z [----------] 4 tests from BatchWindows/GroupedSortedSetCrashE2e (9073 ms total)
2026-10-05T16:01:48.0395941Z
2026-10-05T16:01:48.0396086Z [----------] 4 tests from BatchWindows/GroupedListCrashE2e
2026-10-05T16:01:48.0396627Z [ RUN      ] BatchWindows/GroupedListCrashE2e.InterruptedListBatchRestoresCompletePreviousValue/0
2026-10-05T16:01:48.0397387Z [       OK ] BatchWindows/GroupedListCrashE2e.InterruptedListBatchRestoresCompletePreviousValue/0 (2107 ms)
2026-10-05T16:01:48.0398142Z [ RUN      ] BatchWindows/GroupedListCrashE2e.InterruptedListBatchRestoresCompletePreviousValue/1
2026-10-05T16:01:48.0398899Z [       OK ] BatchWindows/GroupedListCrashE2e.InterruptedListBatchRestoresCompletePreviousValue/1 (2100 ms)
2026-10-05T16:01:48.0399648Z [ RUN      ] BatchWindows/GroupedListCrashE2e.InterruptedListBatchRestoresCompletePreviousValue/2
2026-10-05T16:01:48.0400401Z [       OK ] BatchWindows/GroupedListCrashE2e.InterruptedListBatchRestoresCompletePreviousValue/2 (2117 ms)
2026-10-05T16:01:48.0401166Z [ RUN      ] BatchWindows/GroupedListCrashE2e.InterruptedListBatchRestoresCompletePreviousValue/3
2026-10-05T16:01:48.0401921Z [       OK ] BatchWindows/GroupedListCrashE2e.InterruptedListBatchRestoresCompletePreviousValue/3 (2303 ms)
2026-10-05T16:01:48.0402551Z [----------] 4 tests from BatchWindows/GroupedListCrashE2e (8628 ms total)
2026-10-05T16:01:48.0402817Z
2026-10-05T16:01:48.0402936Z [----------] Global test environment tear-down
2026-10-05T16:01:48.0403464Z [==========] 109 tests from 15 test suites ran. (675663 ms total)
2026-10-05T16:01:48.0403787Z [  PASSED  ] 107 tests.
2026-10-05T16:01:48.0404006Z [  SKIPPED ] 1 test, listed below:
2026-10-05T16:01:48.0404455Z [  SKIPPED ] GroupedRdbStreamE2e.LargeListOverOneGiBImportsAndExportsWithoutAggregate
2026-10-05T16:01:48.0404915Z [  FAILED  ] 1 test, listed below:
2026-10-05T16:01:48.0405657Z [  FAILED  ] AllTypes/GroupedFullDiskExpirationE2e.ReclaimsGraphAndRecovers/ListIndirect, where GetParam() = (1-byte object <02>, true)
2026-10-05T16:01:48.0406188Z
2026-10-05T16:01:48.0406271Z  1 FAILED TEST
2026-10-05T16:01:48.0406382Z
2026-10-05T16:01:48.0406566Z         Start 1744: bycorf_connect_timer_check
2026-10-05T16:01:53.7280262Z 274/274 Test #1744: bycorf_connect_timer_check .........................................................................................................................................   Passed    5.71 sec
2026-10-05T16:01:53.7292978Z
2026-10-05T16:01:53.7293141Z 99% tests passed, 1 tests failed out of 274
2026-10-05T16:01:53.7296125Z
2026-10-05T16:01:53.7296244Z Label Time Summary:
2026-10-05T16:01:53.7296522Z automatic-failover     =  25.94 sec*proc (1 test)
2026-10-05T16:01:53.7296857Z cluster-integration    =   0.10 sec*proc (1 test)
2026-10-05T16:01:53.7297183Z cluster-model          =   0.47 sec*proc (6 tests)
2026-10-05T16:01:53.7297504Z cluster-soak           =   1.01 sec*proc (1 test)
2026-10-05T16:01:53.7297810Z failover               = 213.38 sec*proc (6 tests)
2026-10-05T16:01:53.7298111Z io_uring               =   5.71 sec*proc (1 test)
2026-10-05T16:01:53.7298420Z large-codec            =   4.76 sec*proc (1 test)
2026-10-05T16:01:53.7298729Z meta                   =  18.97 sec*proc (122 tests)
2026-10-05T16:01:53.7299448Z meta-integration       = 626.60 sec*proc (20 tests)
2026-10-05T16:01:53.7299764Z net                    =   5.71 sec*proc (1 test)
2026-10-05T16:01:53.7300077Z population-recovery    = 102.75 sec*proc (3 tests)
2026-10-05T16:01:53.7300403Z redis-import           =  53.12 sec*proc (3 tests)
2026-10-05T16:01:53.7300718Z runtime                =   5.71 sec*proc (1 test)
2026-10-05T16:01:53.7301027Z sentinel-client        =  40.84 sec*proc (2 tests)
2026-10-05T16:01:53.7301229Z
2026-10-05T16:01:53.7301325Z Total Test time (real) = 1589.36 sec
2026-10-05T16:01:53.7301491Z
2026-10-05T16:01:53.7301581Z The following tests FAILED:
2026-10-05T16:01:53.7301860Z 	1740 - lavik_grouped_ordered_write_e2e (Failed)
2026-10-05T16:01:53.7347370Z Errors while running CTest
2026-10-05T16:01:53.7362311Z FAIL: ctest
2026-10-05T16:01:53.7453492Z ##[error]Process completed with exit code 1.
2026-10-05T16:01:53.7533884Z ##[group]Run actions/upload-artifact@v7
2026-10-05T16:01:53.7534173Z with:
2026-10-05T16:01:53.7534376Z   name: test-results-arm64-0
2026-10-05T16:01:53.7535402Z   path: build_ci/test-results/
build_ci/Testing/Temporary/
build_ci/meta-integration/**/*.log
build_ci/meta-integration/**/*.json
/mnt/dev/lavik-*.log
/mnt/dev/cluster_client_*/**/*.log
/tmp/lavik-*/**/*.log
/tmp/cluster_create_*/**/*.log
/tmp/cluster_client_*/**/*.log
/tmp/meta_*/**/*.log
/tmp/lavik-*.log

2026-10-05T16:01:53.7536725Z   if-no-files-found: ignore
2026-10-05T16:01:53.7536941Z   retention-days: 7
2026-10-05T16:01:53.7537136Z   compression-level: 6
2026-10-05T16:01:53.7537339Z   overwrite: false
2026-10-05T16:01:53.7537536Z   include-hidden-files: false
2026-10-05T16:01:53.7537760Z   archive: true
2026-10-05T16:01:53.7537937Z env:
2026-10-05T16:01:53.7538210Z   PYTHONPATH: /home/runner/work/lavik/lavik/build_ci/test_tools/redis_py
2026-10-05T16:01:53.7538560Z   GOTOOLCHAIN: local
2026-10-05T16:01:53.7538793Z ##[endgroup]
2026-10-05T16:01:53.9807665Z Multiple search paths detected. Calculating the least common ancestor of all paths
2026-10-05T16:01:53.9808913Z The least common ancestor is /. This will be the root directory of the artifact
2026-10-05T16:01:53.9809354Z With the provided path, there will be 9 files uploaded
2026-10-05T16:01:53.9809807Z Artifact name is valid!
2026-10-05T16:01:53.9810034Z Root directory input is valid!
2026-10-05T16:01:54.1861231Z Uploading artifact: test-results-arm64-0.zip
2026-10-05T16:01:54.1895790Z Beginning upload of artifact content to blob storage
2026-10-05T16:01:54.2678339Z Uploaded bytes 147085
2026-10-05T16:01:54.2775866Z Finished uploading artifact content to blob storage!
2026-10-05T16:01:54.2784387Z SHA256 digest of uploaded artifact is c1cbe5d7fd4cd9dc0fac0248531fe9e1eddb8e33671ed010c4e9d9b95ab349ba
2026-10-05T16:01:54.2785307Z Finalizing artifact upload
2026-10-05T16:01:54.5400834Z Artifact test-results-arm64-0 successfully finalized. Artifact ID 11356044547
2026-10-05T16:01:54.5401614Z Artifact test-results-arm64-0 has been successfully uploaded! Final size is 147085 bytes. Artifact ID is 11356044547
2026-10-05T16:01:54.5404854Z Artifact download URL: https://github.com/eloqdata/lavik/actions/runs/37332687744/artifacts/11356044547
2026-10-05T16:01:54.5581499Z Post job cleanup.
2026-10-05T16:01:54.6289658Z [command]/usr/bin/git version
2026-10-05T16:01:54.6336800Z git version 2.55.0
2026-10-05T16:01:54.6378122Z Temporarily overriding HOME='/home/runner/work/_temp/dcebf9e1-4351-4dfe-8280-388ebaeb1913' before making global git config changes
2026-10-05T16:01:54.6378903Z Adding repository directory to the temporary git global config as a safe directory
2026-10-05T16:01:54.6379484Z [command]/usr/bin/git config --global --add safe.directory /home/runner/work/lavik/lavik
2026-10-05T16:01:54.6397239Z Removing SSH command configuration
2026-10-05T16:01:54.6403961Z [command]/usr/bin/git config --local --name-only --get-regexp core\.sshCommand
2026-10-05T16:01:54.6434283Z [command]/usr/bin/git submodule foreach --recursive sh -c "git config --local --name-only --get-regexp 'core\.sshCommand' && git config --local --unset-all 'core.sshCommand' || :"
2026-10-05T16:01:54.6625999Z Removing HTTP extra header
2026-10-05T16:01:54.6631463Z [command]/usr/bin/git config --local --name-only --get-regexp http\.https\:\/\/github\.com\/\.extraheader
2026-10-05T16:01:54.6668315Z [command]/usr/bin/git submodule foreach --recursive sh -c "git config --local --name-only --get-regexp 'http\.https\:\/\/github\.com\/\.extraheader' && git config --local --unset-all 'http.https://github.com/.extraheader' || :"
2026-10-05T16:01:54.6863646Z Removing includeIf entries pointing to credentials config files
2026-10-05T16:01:54.6871778Z [command]/usr/bin/git config --local --name-only --get-regexp ^includeIf\.gitdir:
2026-10-05T16:01:54.6906235Z [command]/usr/bin/git submodule foreach --recursive git config --local --show-origin --name-only --get-regexp remote.origin.url
2026-10-05T16:01:54.7234645Z Cleaning up orphan processes
