2026-10-05T16:21:53.0136802Z Current runner version: '2.337.0'
2026-10-05T16:21:53.0182437Z ##[group]Runner Image Provisioner
2026-10-05T16:21:53.0183456Z Hosted Compute Agent
2026-10-05T16:21:53.0184127Z Version: 20260901.588
2026-10-05T16:21:53.0184791Z Commit: f88ec8081b781fac6c440065ac7ff9e710ce3d0b
2026-10-05T16:21:53.0185482Z Build Date: 2026-09-01T19:56:44Z
2026-10-05T16:21:53.0186256Z Worker ID: {6b2ef579-f1e3-42dc-9224-780f455c024d}
2026-10-05T16:21:53.0187356Z Azure Region: westus3
2026-10-05T16:21:53.0188013Z ##[endgroup]
2026-10-05T16:21:53.0189740Z ##[group]Operating System
2026-10-05T16:21:53.0190383Z Ubuntu
2026-10-05T16:21:53.0191027Z 24.04.5
2026-10-05T16:21:53.0191627Z LTS
2026-10-05T16:21:53.0192165Z ##[endgroup]
2026-10-05T16:21:53.0192721Z ##[group]Runner Image
2026-10-05T16:21:53.0193320Z Image: ubuntu-24.04-arm
2026-10-05T16:21:53.0194047Z Version: 20260927.135.1
2026-10-05T16:21:53.0195415Z Included Software: https://github.com/actions/runner-images/blob/ubuntu24-arm64/20260927.135/images/ubuntu/Ubuntu2404-Arm64-Readme.md
2026-10-05T16:21:53.0197337Z Image Release: https://github.com/actions/runner-images/releases/tag/ubuntu24-arm64%2F20260927.135
2026-10-05T16:21:53.0198314Z ##[endgroup]
2026-10-05T16:21:53.0199511Z ##[group]GITHUB_TOKEN Permissions
2026-10-05T16:21:53.0202158Z Contents: read
2026-10-05T16:21:53.0202895Z Metadata: read
2026-10-05T16:21:53.0203457Z ##[endgroup]
2026-10-05T16:21:53.0205829Z Secret source: Actions
2026-10-05T16:21:53.0207297Z Cache mode: write
2026-10-05T16:21:53.0208062Z Prepare workflow directory
2026-10-05T16:21:53.0774148Z Prepare all required actions
2026-10-05T16:21:53.0823664Z Getting action download info
2026-10-05T16:21:53.4338976Z Download action repository 'actions/checkout@v7' (SHA:3d3c42e5aac5ba805825da76410c181273ba90b1)
2026-10-05T16:21:53.5063662Z Download action repository 'actions/setup-go@b7ad1dad31e06c5925ef5d2fc7ad053ef454303e' (SHA:b7ad1dad31e06c5925ef5d2fc7ad053ef454303e)
2026-10-05T16:21:54.2736257Z Download action repository 'actions/download-artifact@3e5f45b2cfb9172054b4087a40e8e0b5a5461e7c' (SHA:3e5f45b2cfb9172054b4087a40e8e0b5a5461e7c)
2026-10-05T16:21:55.0052366Z Download action repository 'actions/upload-artifact@v7' (SHA:043fb46d1a93c77aae656e7c1c64a875d1fc6a0a)
2026-10-05T16:21:55.1941708Z Complete job name: Test shard (arm64, 1)
2026-10-05T16:21:55.2780889Z ##[group]Run actions/checkout@v7
2026-10-05T16:21:55.2782177Z with:
2026-10-05T16:21:55.2782842Z   persist-credentials: false
2026-10-05T16:21:55.2783623Z   repository: eloqdata/lavik
2026-10-05T16:21:55.2790747Z   token: ***
2026-10-05T16:21:55.2791386Z   ssh-strict: true
2026-10-05T16:21:55.2792038Z   ssh-user: git
2026-10-05T16:21:55.2792655Z   clean: true
2026-10-05T16:21:55.2793318Z   sparse-checkout-cone-mode: true
2026-10-05T16:21:55.2794091Z   fetch-depth: 1
2026-10-05T16:21:55.2794735Z   fetch-tags: false
2026-10-05T16:21:55.2795396Z   show-progress: true
2026-10-05T16:21:55.2796076Z   lfs: false
2026-10-05T16:21:55.2796867Z   submodules: false
2026-10-05T16:21:55.2797563Z   set-safe-directory: true
2026-10-05T16:21:55.2798369Z   allow-unsafe-pr-checkout: false
2026-10-05T16:21:55.2799636Z env:
2026-10-05T16:21:55.2800521Z   PYTHONPATH: /home/runner/work/lavik/lavik/build_ci/test_tools/redis_py
2026-10-05T16:21:55.2801593Z ##[endgroup]
2026-10-05T16:21:55.3631331Z Syncing repository: eloqdata/lavik
2026-10-05T16:21:55.3633856Z ##[group]Getting Git version info
2026-10-05T16:21:55.3635066Z Working directory is '/home/runner/work/lavik/lavik'
2026-10-05T16:21:55.3637022Z [command]/usr/bin/git version
2026-10-05T16:21:55.3682155Z git version 2.55.0
2026-10-05T16:21:55.3699464Z ##[endgroup]
2026-10-05T16:21:55.3707217Z Temporarily overriding HOME='/home/runner/work/_temp/11b06a68-2d4d-41e6-899c-27eed2294ca3' before making global git config changes
2026-10-05T16:21:55.3709638Z Adding repository directory to the temporary git global config as a safe directory
2026-10-05T16:21:55.3711555Z [command]/usr/bin/git config --global --add safe.directory /home/runner/work/lavik/lavik
2026-10-05T16:21:55.3736261Z Deleting the contents of '/home/runner/work/lavik/lavik'
2026-10-05T16:21:55.3740305Z ##[group]Determining repository object format
2026-10-05T16:21:55.3742047Z ##[endgroup]
2026-10-05T16:21:55.3743855Z ##[group]Initializing the repository
2026-10-05T16:21:55.3745675Z [command]/usr/bin/git init /home/runner/work/lavik/lavik
2026-10-05T16:21:55.3805903Z hint: Using 'master' as the name for the initial branch. This default branch name
2026-10-05T16:21:55.3807946Z hint: will change to "main" in Git 3.0. To configure the initial branch name
2026-10-05T16:21:55.3809847Z hint: to use in all of your new repositories, which will suppress this warning,
2026-10-05T16:21:55.3811540Z hint: call:
2026-10-05T16:21:55.3812840Z hint:
2026-10-05T16:21:55.3813940Z hint: 	git config --global init.defaultBranch <name>
2026-10-05T16:21:55.3814981Z hint:
2026-10-05T16:21:55.3818336Z hint: Names commonly chosen instead of 'master' are 'main', 'trunk' and
2026-10-05T16:21:55.3819934Z hint: 'development'. The just-created branch can be renamed via this command:
2026-10-05T16:21:55.3821312Z hint:
2026-10-05T16:21:55.3822023Z hint: 	git branch -m <name>
2026-10-05T16:21:55.3822858Z hint:
2026-10-05T16:21:55.3823913Z hint: Disable this message with "git config set advice.defaultBranchName false"
2026-10-05T16:21:55.3825491Z Initialized empty Git repository in /home/runner/work/lavik/lavik/.git/
2026-10-05T16:21:55.3828257Z [command]/usr/bin/git remote add origin https://github.com/eloqdata/lavik
2026-10-05T16:21:55.3863846Z ##[endgroup]
2026-10-05T16:21:55.3865452Z ##[group]Disabling automatic garbage collection
2026-10-05T16:21:55.3868087Z [command]/usr/bin/git config --local gc.auto 0
2026-10-05T16:21:55.3896799Z ##[endgroup]
2026-10-05T16:21:55.3898762Z ##[group]Setting up auth
2026-10-05T16:21:55.3899936Z Removing SSH command configuration
2026-10-05T16:21:55.3901931Z [command]/usr/bin/git config --local --name-only --get-regexp core\.sshCommand
2026-10-05T16:21:55.3931035Z [command]/usr/bin/git submodule foreach --recursive sh -c "git config --local --name-only --get-regexp 'core\.sshCommand' && git config --local --unset-all 'core.sshCommand' || :"
2026-10-05T16:21:55.4160917Z Removing HTTP extra header
2026-10-05T16:21:55.4165052Z [command]/usr/bin/git config --local --name-only --get-regexp http\.https\:\/\/github\.com\/\.extraheader
2026-10-05T16:21:55.4190051Z [command]/usr/bin/git submodule foreach --recursive sh -c "git config --local --name-only --get-regexp 'http\.https\:\/\/github\.com\/\.extraheader' && git config --local --unset-all 'http.https://github.com/.extraheader' || :"
2026-10-05T16:21:55.4355348Z Removing includeIf entries pointing to credentials config files
2026-10-05T16:21:55.4363285Z [command]/usr/bin/git config --local --name-only --get-regexp ^includeIf\.gitdir:
2026-10-05T16:21:55.4392273Z [command]/usr/bin/git submodule foreach --recursive git config --local --show-origin --name-only --get-regexp remote.origin.url
2026-10-05T16:21:55.4568412Z [command]/usr/bin/git config --file /home/runner/work/_temp/git-credentials-4380a409-3c27-4ac6-be80-7ef42cbfbe85.config http.https://github.com/.extraheader AUTHORIZATION: basic ***
2026-10-05T16:21:55.4601590Z [command]/usr/bin/git config --local includeIf.gitdir:/home/runner/work/lavik/lavik/.git.path /home/runner/work/_temp/git-credentials-4380a409-3c27-4ac6-be80-7ef42cbfbe85.config
2026-10-05T16:21:55.4629714Z [command]/usr/bin/git config --local includeIf.gitdir:/home/runner/work/lavik/lavik/.git/worktrees/*.path /home/runner/work/_temp/git-credentials-4380a409-3c27-4ac6-be80-7ef42cbfbe85.config
2026-10-05T16:21:55.4659829Z [command]/usr/bin/git config --local includeIf.gitdir:/github/workspace/.git.path /github/runner_temp/git-credentials-4380a409-3c27-4ac6-be80-7ef42cbfbe85.config
2026-10-05T16:21:55.4688353Z [command]/usr/bin/git config --local includeIf.gitdir:/github/workspace/.git/worktrees/*.path /github/runner_temp/git-credentials-4380a409-3c27-4ac6-be80-7ef42cbfbe85.config
2026-10-05T16:21:55.4714799Z ##[endgroup]
2026-10-05T16:21:55.4716097Z ##[group]Fetching the repository
2026-10-05T16:21:55.4719585Z [command]/usr/bin/git -c protocol.version=2 fetch --no-tags --prune --no-recurse-submodules --depth=1 origin +7d24948c39f4d9bebccc86df4ab1c1ed51572d35:refs/remotes/pull/275/merge
2026-10-05T16:21:56.7516838Z From https://github.com/eloqdata/lavik
2026-10-05T16:21:56.7517471Z  * [new ref]         7d24948c39f4d9bebccc86df4ab1c1ed51572d35 -> pull/275/merge
2026-10-05T16:21:56.7520788Z ##[endgroup]
2026-10-05T16:21:56.7521350Z ##[group]Determining the checkout info
2026-10-05T16:21:56.7522186Z ##[endgroup]
2026-10-05T16:21:56.7526118Z [command]/usr/bin/git sparse-checkout disable
2026-10-05T16:21:56.7567565Z [command]/usr/bin/git config --local --unset-all extensions.worktreeConfig
2026-10-05T16:21:56.7589731Z ##[group]Checking out the ref
2026-10-05T16:21:56.7592030Z [command]/usr/bin/git checkout --progress --force refs/remotes/pull/275/merge
2026-10-05T16:21:56.8741244Z Note: switching to 'refs/remotes/pull/275/merge'.
2026-10-05T16:21:56.8741616Z
2026-10-05T16:21:56.8741967Z You are in 'detached HEAD' state. You can look around, make experimental
2026-10-05T16:21:56.8742533Z changes and commit them, and you can discard any commits you make in this
2026-10-05T16:21:56.8743149Z state without impacting any branches by switching back to a branch.
2026-10-05T16:21:56.8743490Z
2026-10-05T16:21:56.8743751Z If you want to create a new branch to retain commits you create, you may
2026-10-05T16:21:56.8744375Z do so (now or later) by using -c with the switch command. Example:
2026-10-05T16:21:56.8744680Z
2026-10-05T16:21:56.8744875Z   git switch -c <new-branch-name>
2026-10-05T16:21:56.8745084Z
2026-10-05T16:21:56.8745264Z Or undo this operation with:
2026-10-05T16:21:56.8745442Z
2026-10-05T16:21:56.8745694Z   git switch -
2026-10-05T16:21:56.8745919Z
2026-10-05T16:21:56.8746183Z Turn off this advice by setting config variable advice.detachedHead to false
2026-10-05T16:21:56.8747187Z
2026-10-05T16:21:56.8747750Z HEAD is now at 7d24948 Merge c7c3aa28b701f67d2fb4c4f134830e7cee79aa82 into 5a3903d9b3c0632e3b34e827b779d9daa58455c2
2026-10-05T16:21:56.8749674Z ##[endgroup]
2026-10-05T16:21:56.8781704Z [command]/usr/bin/git log -1 --format=%H
2026-10-05T16:21:56.8804817Z 7d24948c39f4d9bebccc86df4ab1c1ed51572d35
2026-10-05T16:21:56.8817791Z ##[group]Removing auth
2026-10-05T16:21:56.8824057Z Removing SSH command configuration
2026-10-05T16:21:56.8824705Z [command]/usr/bin/git config --local --name-only --get-regexp core\.sshCommand
2026-10-05T16:21:56.8844243Z [command]/usr/bin/git submodule foreach --recursive sh -c "git config --local --name-only --get-regexp 'core\.sshCommand' && git config --local --unset-all 'core.sshCommand' || :"
2026-10-05T16:21:56.9012081Z Removing HTTP extra header
2026-10-05T16:21:56.9014394Z [command]/usr/bin/git config --local --name-only --get-regexp http\.https\:\/\/github\.com\/\.extraheader
2026-10-05T16:21:56.9044244Z [command]/usr/bin/git submodule foreach --recursive sh -c "git config --local --name-only --get-regexp 'http\.https\:\/\/github\.com\/\.extraheader' && git config --local --unset-all 'http.https://github.com/.extraheader' || :"
2026-10-05T16:21:56.9214068Z Removing includeIf entries pointing to credentials config files
2026-10-05T16:21:56.9215377Z [command]/usr/bin/git config --local --name-only --get-regexp ^includeIf\.gitdir:
2026-10-05T16:21:56.9236968Z includeif.gitdir:/home/runner/work/lavik/lavik/.git.path
2026-10-05T16:21:56.9237766Z includeif.gitdir:/home/runner/work/lavik/lavik/.git/worktrees/*.path
2026-10-05T16:21:56.9238687Z includeif.gitdir:/github/workspace/.git.path
2026-10-05T16:21:56.9239662Z includeif.gitdir:/github/workspace/.git/worktrees/*.path
2026-10-05T16:21:56.9243021Z [command]/usr/bin/git config --local --get-all includeif.gitdir:/home/runner/work/lavik/lavik/.git.path
2026-10-05T16:21:56.9263956Z /home/runner/work/_temp/git-credentials-4380a409-3c27-4ac6-be80-7ef42cbfbe85.config
2026-10-05T16:21:56.9273516Z [command]/usr/bin/git config --local --unset includeif.gitdir:/home/runner/work/lavik/lavik/.git.path \/home\/runner\/work\/_temp\/git\-credentials\-4380a409\-3c27\-4ac6\-be80\-7ef42cbfbe85\.config
2026-10-05T16:21:56.9302473Z [command]/usr/bin/git config --local --get-all includeif.gitdir:/home/runner/work/lavik/lavik/.git/worktrees/*.path
2026-10-05T16:21:56.9322871Z /home/runner/work/_temp/git-credentials-4380a409-3c27-4ac6-be80-7ef42cbfbe85.config
2026-10-05T16:21:56.9329848Z [command]/usr/bin/git config --local --unset includeif.gitdir:/home/runner/work/lavik/lavik/.git/worktrees/*.path \/home\/runner\/work\/_temp\/git\-credentials\-4380a409\-3c27\-4ac6\-be80\-7ef42cbfbe85\.config
2026-10-05T16:21:56.9357637Z [command]/usr/bin/git config --local --get-all includeif.gitdir:/github/workspace/.git.path
2026-10-05T16:21:56.9380134Z /github/runner_temp/git-credentials-4380a409-3c27-4ac6-be80-7ef42cbfbe85.config
2026-10-05T16:21:56.9388271Z [command]/usr/bin/git config --local --unset includeif.gitdir:/github/workspace/.git.path \/github\/runner_temp\/git\-credentials\-4380a409\-3c27\-4ac6\-be80\-7ef42cbfbe85\.config
2026-10-05T16:21:56.9414424Z [command]/usr/bin/git config --local --get-all includeif.gitdir:/github/workspace/.git/worktrees/*.path
2026-10-05T16:21:56.9441520Z /github/runner_temp/git-credentials-4380a409-3c27-4ac6-be80-7ef42cbfbe85.config
2026-10-05T16:21:56.9456379Z [command]/usr/bin/git config --local --unset includeif.gitdir:/github/workspace/.git/worktrees/*.path \/github\/runner_temp\/git\-credentials\-4380a409\-3c27\-4ac6\-be80\-7ef42cbfbe85\.config
2026-10-05T16:21:56.9497738Z [command]/usr/bin/git submodule foreach --recursive git config --local --show-origin --name-only --get-regexp remote.origin.url
2026-10-05T16:21:56.9661980Z Removing credentials config '/home/runner/work/_temp/git-credentials-4380a409-3c27-4ac6-be80-7ef42cbfbe85.config'
2026-10-05T16:21:56.9669027Z ##[endgroup]
2026-10-05T16:21:56.9890990Z ##[group]Run actions/setup-go@b7ad1dad31e06c5925ef5d2fc7ad053ef454303e
2026-10-05T16:21:56.9891532Z with:
2026-10-05T16:21:56.9891810Z   go-version-file: raft/go.mod
2026-10-05T16:21:56.9892601Z   cache-dependency-path: raft/go.sum
tests/meta_integration/cluster_client_go/go.sum
tests/meta_integration/sentinel_client_go/go.sum

2026-10-05T16:21:56.9893286Z   check-latest: false
2026-10-05T16:21:56.9896226Z   token: ***
2026-10-05T16:21:56.9896873Z   cache: true
2026-10-05T16:21:56.9897138Z env:
2026-10-05T16:21:56.9897639Z   PYTHONPATH: /home/runner/work/lavik/lavik/build_ci/test_tools/redis_py
2026-10-05T16:21:56.9898096Z ##[endgroup]
2026-10-05T16:21:57.0811997Z Setup go version spec 1.26.8
2026-10-05T16:21:57.0825079Z Found in cache @ /opt/hostedtoolcache/go/1.26.8/arm64
2026-10-05T16:21:57.0826088Z Added go to the path
2026-10-05T16:21:57.0829011Z Successfully set up Go version 1.26.8
2026-10-05T16:21:57.6550129Z [command]/opt/hostedtoolcache/go/1.26.8/arm64/bin/go env GOMODCACHE
2026-10-05T16:21:57.6580491Z [command]/opt/hostedtoolcache/go/1.26.8/arm64/bin/go env GOCACHE
2026-10-05T16:21:57.6605181Z /home/runner/go/pkg/mod
2026-10-05T16:21:57.6618538Z /home/runner/.cache/go-build
2026-10-05T16:21:57.8802608Z Cache hit for: setup-go-Linux-arm64-ubuntu24-arm64-go-1.26.8-52a31333fdbe81b448a90130b1fe6ac14c2f243aba4a731c327db2137c0da2d4
2026-10-05T16:21:59.1102003Z Received 33554432 of 162327702 (20.7%), 32.0 MBs/sec
2026-10-05T16:22:00.1108698Z Received 145550486 of 162327702 (89.7%), 69.4 MBs/sec
2026-10-05T16:22:00.1815331Z Received 162327702 of 162327702 (100.0%), 74.7 MBs/sec
2026-10-05T16:22:00.1816378Z Cache Size: ~155 MB (162327702 B)
2026-10-05T16:22:00.1896263Z [command]/usr/bin/tar -xf /home/runner/work/_temp/63cea088-df58-4852-9ee4-fb1bf04bc062/cache.tzst -P -C /home/runner/work/lavik/lavik --use-compress-program unzstd
2026-10-05T16:22:00.8496691Z Cache restored successfully
2026-10-05T16:22:00.8550281Z Cache restored from key: setup-go-Linux-arm64-ubuntu24-arm64-go-1.26.8-52a31333fdbe81b448a90130b1fe6ac14c2f243aba4a731c327db2137c0da2d4
2026-10-05T16:22:00.8574721Z go version go1.26.8 linux/arm64
2026-10-05T16:22:00.8574979Z
2026-10-05T16:22:00.8575510Z ##[group]go env
2026-10-05T16:22:00.8840576Z AR='ar'
2026-10-05T16:22:00.8841166Z CC='gcc'
2026-10-05T16:22:00.8841455Z CGO_CFLAGS='-O2 -g'
2026-10-05T16:22:00.8841792Z CGO_CPPFLAGS=''
2026-10-05T16:22:00.8842159Z CGO_CXXFLAGS='-O2 -g'
2026-10-05T16:22:00.8842461Z CGO_ENABLED='1'
2026-10-05T16:22:00.8842798Z CGO_FFLAGS='-O2 -g'
2026-10-05T16:22:00.8843077Z CGO_LDFLAGS='-O2 -g'
2026-10-05T16:22:00.8843362Z CXX='g++'
2026-10-05T16:22:00.8843706Z GCCGO='gccgo'
2026-10-05T16:22:00.8844037Z GO111MODULE=''
2026-10-05T16:22:00.8844365Z GOARCH='arm64'
2026-10-05T16:22:00.8844634Z GOARM64='v8.0'
2026-10-05T16:22:00.8844903Z GOAUTH='netrc'
2026-10-05T16:22:00.8845273Z GOBIN=''
2026-10-05T16:22:00.8845544Z GOCACHE='/home/runner/.cache/go-build'
2026-10-05T16:22:00.8846019Z GOCACHEPROG=''
2026-10-05T16:22:00.8846327Z GODEBUG=''
2026-10-05T16:22:00.8846851Z GOENV='/home/runner/.config/go/env'
2026-10-05T16:22:00.8847296Z GOEXE=''
2026-10-05T16:22:00.8847597Z GOEXPERIMENT=''
2026-10-05T16:22:00.8847934Z GOFIPS140='off'
2026-10-05T16:22:00.8848224Z GOFLAGS=''
2026-10-05T16:22:00.8848911Z GOGCCFLAGS='-fPIC -pthread -Wl,--no-gc-sections -fmessage-length=0 -ffile-prefix-map=/tmp/go-build741255975=/tmp/go-build -gno-record-gcc-switches'
2026-10-05T16:22:00.8849729Z GOHOSTARCH='arm64'
2026-10-05T16:22:00.8849987Z GOHOSTOS='linux'
2026-10-05T16:22:00.8850370Z GOINSECURE=''
2026-10-05T16:22:00.8850679Z GOMOD='/dev/null'
2026-10-05T16:22:00.8850932Z GOMODCACHE='/home/runner/go/pkg/mod'
2026-10-05T16:22:00.8851326Z GONOPROXY=''
2026-10-05T16:22:00.8851572Z GONOSUMDB=''
2026-10-05T16:22:00.8851896Z GOOS='linux'
2026-10-05T16:22:00.8852168Z GOPATH='/home/runner/go'
2026-10-05T16:22:00.8852421Z GOPRIVATE=''
2026-10-05T16:22:00.8852815Z GOPROXY='https://proxy.golang.org,direct'
2026-10-05T16:22:00.8853211Z GOROOT='/opt/hostedtoolcache/go/1.26.8/arm64'
2026-10-05T16:22:00.8854033Z GOSUMDB='sum.golang.org'
2026-10-05T16:22:00.8854357Z GOTELEMETRY='local'
2026-10-05T16:22:00.8854785Z GOTELEMETRYDIR='/home/runner/.config/go/telemetry'
2026-10-05T16:22:00.8855264Z GOTMPDIR=''
2026-10-05T16:22:00.8855533Z GOTOOLCHAIN='local'
2026-10-05T16:22:00.8856009Z GOTOOLDIR='/opt/hostedtoolcache/go/1.26.8/arm64/pkg/tool/linux_arm64'
2026-10-05T16:22:00.8856424Z GOVCS=''
2026-10-05T16:22:00.8856987Z GOVERSION='go1.26.8'
2026-10-05T16:22:00.8857271Z GOWORK=''
2026-10-05T16:22:00.8857531Z PKG_CONFIG='pkg-config'
2026-10-05T16:22:00.8857792Z
2026-10-05T16:22:00.8858155Z ##[endgroup]
2026-10-05T16:22:00.8980872Z ##[group]Run sudo apt-get update
2026-10-05T16:22:00.8981350Z [36;1msudo apt-get update[0m
2026-10-05T16:22:00.8981907Z [36;1msudo apt-get install -y --no-install-recommends \[0m
2026-10-05T16:22:00.8982382Z [36;1m  build-essential clang-18 cmake openssl python3 tcl zstd[0m
2026-10-05T16:22:00.9060395Z shell: /usr/bin/bash --noprofile --norc -e -o pipefail {0}
2026-10-05T16:22:00.9060781Z env:
2026-10-05T16:22:00.9061289Z   PYTHONPATH: /home/runner/work/lavik/lavik/build_ci/test_tools/redis_py
2026-10-05T16:22:00.9061714Z   GOTOOLCHAIN: local
2026-10-05T16:22:00.9062020Z ##[endgroup]
2026-10-05T16:22:00.9825628Z Get:1 https://packages.microsoft.com/ubuntu/24.04/prod noble InRelease [3600 B]
2026-10-05T16:22:01.0338530Z Get:2 https://packages.microsoft.com/ubuntu/24.04/prod noble/main armhf Packages [12.6 kB]
2026-10-05T16:22:01.0430771Z Get:3 https://packages.microsoft.com/ubuntu/24.04/prod noble/main amd64 Packages [511 kB]
2026-10-05T16:22:01.0530941Z Get:4 https://packages.microsoft.com/ubuntu/24.04/prod noble/main arm64 Packages [458 kB]
2026-10-05T16:22:01.4077303Z Hit:5 http://ports.ubuntu.com/ubuntu-ports noble InRelease
2026-10-05T16:22:01.5632505Z Get:6 http://ports.ubuntu.com/ubuntu-ports noble-updates InRelease [126 kB]
2026-10-05T16:22:02.2323786Z Get:7 http://ports.ubuntu.com/ubuntu-ports noble-backports InRelease [126 kB]
2026-10-05T16:22:02.5508100Z Get:8 http://ports.ubuntu.com/ubuntu-ports noble-security InRelease [126 kB]
2026-10-05T16:22:02.7644934Z Get:9 http://ports.ubuntu.com/ubuntu-ports noble-updates/main arm64 Packages [1424 kB]
2026-10-05T16:22:03.4899900Z Get:10 http://ports.ubuntu.com/ubuntu-ports noble-updates/main Translation-en [304 kB]
2026-10-05T16:22:03.6777711Z Get:11 http://ports.ubuntu.com/ubuntu-ports noble-updates/main arm64 Components [178 kB]
2026-10-05T16:22:03.8514263Z Get:12 http://ports.ubuntu.com/ubuntu-ports noble-updates/universe arm64 Packages [1736 kB]
2026-10-05T16:22:04.2445720Z Get:13 http://ports.ubuntu.com/ubuntu-ports noble-updates/universe Translation-en [341 kB]
2026-10-05T16:22:04.4180799Z Get:14 http://ports.ubuntu.com/ubuntu-ports noble-updates/universe arm64 Components [387 kB]
2026-10-05T16:22:04.5939867Z Get:15 http://ports.ubuntu.com/ubuntu-ports noble-updates/restricted arm64 Packages [2571 kB]
2026-10-05T16:22:04.9405355Z Get:16 http://ports.ubuntu.com/ubuntu-ports noble-updates/restricted Translation-en [394 kB]
2026-10-05T16:22:05.1062696Z Get:17 http://ports.ubuntu.com/ubuntu-ports noble-backports/main arm64 Components [3568 B]
2026-10-05T16:22:05.2619768Z Get:18 http://ports.ubuntu.com/ubuntu-ports noble-backports/universe arm64 Components [12.6 kB]
2026-10-05T16:22:05.6135546Z Get:19 http://ports.ubuntu.com/ubuntu-ports noble-security/main arm64 Packages [1134 kB]
2026-10-05T16:22:05.8008239Z Get:20 http://ports.ubuntu.com/ubuntu-ports noble-security/main Translation-en [221 kB]
2026-10-05T16:22:05.9614903Z Get:21 http://ports.ubuntu.com/ubuntu-ports noble-security/main arm64 Components [43.3 kB]
2026-10-05T16:22:06.1173753Z Get:22 http://ports.ubuntu.com/ubuntu-ports noble-security/universe arm64 Packages [1286 kB]
2026-10-05T16:22:06.3084108Z Get:23 http://ports.ubuntu.com/ubuntu-ports noble-security/universe Translation-en [244 kB]
2026-10-05T16:22:06.4700417Z Get:24 http://ports.ubuntu.com/ubuntu-ports noble-security/universe arm64 Components [76.3 kB]
2026-10-05T16:22:06.6271198Z Get:25 http://ports.ubuntu.com/ubuntu-ports noble-security/restricted arm64 Packages [2371 kB]
2026-10-05T16:22:06.8489769Z Get:26 http://ports.ubuntu.com/ubuntu-ports noble-security/restricted Translation-en [361 kB]
2026-10-05T16:22:09.9944820Z Fetched 14.5 MB in 6s (2429 kB/s)
2026-10-05T16:22:10.8587553Z Reading package lists...
2026-10-05T16:22:10.8858837Z Reading package lists...
2026-10-05T16:22:11.0654403Z Building dependency tree...
2026-10-05T16:22:11.0660598Z Reading state information...
2026-10-05T16:22:11.2738839Z clang-18 is already the newest version (1:18.1.3-1ubuntu1).
2026-10-05T16:22:11.2739850Z python3 is already the newest version (3.12.3-0ubuntu2.1).
2026-10-05T16:22:11.2740443Z tcl is already the newest version (8.6.14build1).
2026-10-05T16:22:11.2740807Z tcl set to manually installed.
2026-10-05T16:22:11.2741259Z zstd is already the newest version (1.5.5+dfsg2-2build1.1).
2026-10-05T16:22:11.2741652Z zstd set to manually installed.
2026-10-05T16:22:11.2741976Z The following additional packages will be installed:
2026-10-05T16:22:11.2744145Z   cmake-data libjsoncpp25 librhash0 libssl-dev libssl3t64
2026-10-05T16:22:11.2752239Z Suggested packages:
2026-10-05T16:22:11.2752739Z   cmake-doc cmake-format elpa-cmake-mode ninja-build libssl-doc
2026-10-05T16:22:11.2927120Z The following NEW packages will be installed:
2026-10-05T16:22:11.2934840Z   build-essential cmake cmake-data libjsoncpp25 librhash0
2026-10-05T16:22:11.2942799Z The following packages will be upgraded:
2026-10-05T16:22:11.2945911Z   libssl-dev libssl3t64 openssl
2026-10-05T16:22:11.5652381Z 3 upgraded, 5 newly installed, 0 to remove and 24 not upgraded.
2026-10-05T16:22:11.5652890Z Need to get 17.9 MB of archives.
2026-10-05T16:22:11.5653472Z After this operation, 45.0 MB of additional disk space will be used.
2026-10-05T16:22:11.5654163Z Get:1 http://ports.ubuntu.com/ubuntu-ports noble-updates/main arm64 libssl-dev arm64 3.0.13-0ubuntu3.16 [2379 kB]
2026-10-05T16:22:12.2822153Z Get:2 http://ports.ubuntu.com/ubuntu-ports noble-updates/main arm64 libssl3t64 arm64 3.0.13-0ubuntu3.16 [1838 kB]
2026-10-05T16:22:12.4250042Z Get:3 http://ports.ubuntu.com/ubuntu-ports noble-updates/main arm64 openssl arm64 3.0.13-0ubuntu3.16 [985 kB]
2026-10-05T16:22:12.5041527Z Get:4 http://ports.ubuntu.com/ubuntu-ports noble/main arm64 build-essential arm64 12.10ubuntu1 [4932 B]
2026-10-05T16:22:12.5677815Z Get:5 http://ports.ubuntu.com/ubuntu-ports noble/main arm64 libjsoncpp25 arm64 1.9.5-6build1 [78.2 kB]
2026-10-05T16:22:12.6317794Z Get:6 http://ports.ubuntu.com/ubuntu-ports noble/main arm64 librhash0 arm64 1.4.3-3build1 [126 kB]
2026-10-05T16:22:12.6969735Z Get:7 http://ports.ubuntu.com/ubuntu-ports noble/main arm64 cmake-data all 3.28.3-1build7 [2155 kB]
2026-10-05T16:22:12.7959098Z Get:8 http://ports.ubuntu.com/ubuntu-ports noble/main arm64 cmake arm64 3.28.3-1build7 [10.3 MB]
2026-10-05T16:22:13.1823958Z Fetched 17.9 MB in 2s (10.8 MB/s)
2026-10-05T16:22:13.2147407Z (Reading database ...
2026-10-05T16:22:13.2148179Z (Reading database ... 5%
2026-10-05T16:22:13.2149099Z (Reading database ... 10%
2026-10-05T16:22:13.2149536Z (Reading database ... 15%
2026-10-05T16:22:13.2149809Z (Reading database ... 20%
2026-10-05T16:22:13.2150062Z (Reading database ... 25%
2026-10-05T16:22:13.2150444Z (Reading database ... 30%
2026-10-05T16:22:13.2150694Z (Reading database ... 35%
2026-10-05T16:22:13.2150975Z (Reading database ... 40%
2026-10-05T16:22:13.2151239Z (Reading database ... 45%
2026-10-05T16:22:13.2151495Z (Reading database ... 50%
2026-10-05T16:22:13.2226951Z (Reading database ... 55%
2026-10-05T16:22:13.4218180Z (Reading database ... 60%
2026-10-05T16:22:13.5643986Z (Reading database ... 65%
2026-10-05T16:22:13.7699219Z (Reading database ... 70%
2026-10-05T16:22:13.8685189Z (Reading database ... 75%
2026-10-05T16:22:13.9610931Z (Reading database ... 80%
2026-10-05T16:22:14.1176188Z (Reading database ... 85%
2026-10-05T16:22:14.2644217Z (Reading database ... 90%
2026-10-05T16:22:14.3734338Z (Reading database ... 95%
2026-10-05T16:22:14.3734862Z (Reading database ... 100%
2026-10-05T16:22:14.3735277Z (Reading database ... 201617 files and directories currently installed.)
2026-10-05T16:22:14.3770718Z Preparing to unpack .../libssl-dev_3.0.13-0ubuntu3.16_arm64.deb ...
2026-10-05T16:22:14.3854262Z Unpacking libssl-dev:arm64 (3.0.13-0ubuntu3.16) over (3.0.13-0ubuntu3.15) ...
2026-10-05T16:22:14.4969369Z Preparing to unpack .../libssl3t64_3.0.13-0ubuntu3.16_arm64.deb ...
2026-10-05T16:22:14.4994850Z Unpacking libssl3t64:arm64 (3.0.13-0ubuntu3.16) over (3.0.13-0ubuntu3.15) ...
2026-10-05T16:22:14.5642001Z Setting up libssl3t64:arm64 (3.0.13-0ubuntu3.16) ...
2026-10-05T16:22:14.5903219Z (Reading database ...
2026-10-05T16:22:14.5903612Z (Reading database ... 5%
2026-10-05T16:22:14.5904007Z (Reading database ... 10%
2026-10-05T16:22:14.5904332Z (Reading database ... 15%
2026-10-05T16:22:14.5904591Z (Reading database ... 20%
2026-10-05T16:22:14.5904890Z (Reading database ... 25%
2026-10-05T16:22:14.5905135Z (Reading database ... 30%
2026-10-05T16:22:14.5905407Z (Reading database ... 35%
2026-10-05T16:22:14.5905711Z (Reading database ... 40%
2026-10-05T16:22:14.5905954Z (Reading database ... 45%
2026-10-05T16:22:14.5906237Z (Reading database ... 50%
2026-10-05T16:22:14.5918437Z (Reading database ... 55%
2026-10-05T16:22:14.6002433Z (Reading database ... 60%
2026-10-05T16:22:14.6021083Z (Reading database ... 65%
2026-10-05T16:22:14.6033308Z (Reading database ... 70%
2026-10-05T16:22:14.6059885Z (Reading database ... 75%
2026-10-05T16:22:14.6076851Z (Reading database ... 80%
2026-10-05T16:22:14.6096626Z (Reading database ... 85%
2026-10-05T16:22:14.6249084Z (Reading database ... 90%
2026-10-05T16:22:14.6389397Z (Reading database ... 95%
2026-10-05T16:22:14.6389764Z (Reading database ... 100%
2026-10-05T16:22:14.6390279Z (Reading database ... 201617 files and directories currently installed.)
2026-10-05T16:22:14.6415674Z Preparing to unpack .../0-openssl_3.0.13-0ubuntu3.16_arm64.deb ...
2026-10-05T16:22:14.6826920Z Unpacking openssl (3.0.13-0ubuntu3.16) over (3.0.13-0ubuntu3.15) ...
2026-10-05T16:22:15.1523815Z Selecting previously unselected package build-essential.
2026-10-05T16:22:15.1694684Z Preparing to unpack .../1-build-essential_12.10ubuntu1_arm64.deb ...
2026-10-05T16:22:15.1767057Z Unpacking build-essential (12.10ubuntu1) ...
2026-10-05T16:22:15.2564332Z Selecting previously unselected package libjsoncpp25:arm64.
2026-10-05T16:22:15.2699212Z Preparing to unpack .../2-libjsoncpp25_1.9.5-6build1_arm64.deb ...
2026-10-05T16:22:15.2787360Z Unpacking libjsoncpp25:arm64 (1.9.5-6build1) ...
2026-10-05T16:22:15.7153120Z Selecting previously unselected package librhash0:arm64.
2026-10-05T16:22:15.7290812Z Preparing to unpack .../3-librhash0_1.4.3-3build1_arm64.deb ...
2026-10-05T16:22:15.7549892Z Unpacking librhash0:arm64 (1.4.3-3build1) ...
2026-10-05T16:22:15.8753905Z Selecting previously unselected package cmake-data.
2026-10-05T16:22:15.8922386Z Preparing to unpack .../4-cmake-data_3.28.3-1build7_all.deb ...
2026-10-05T16:22:15.9088885Z Unpacking cmake-data (3.28.3-1build7) ...
2026-10-05T16:22:19.3261053Z Selecting previously unselected package cmake.
2026-10-05T16:22:19.3451381Z Preparing to unpack .../5-cmake_3.28.3-1build7_arm64.deb ...
2026-10-05T16:22:19.3459992Z Unpacking cmake (3.28.3-1build7) ...
2026-10-05T16:22:19.5221015Z Setting up libssl-dev:arm64 (3.0.13-0ubuntu3.16) ...
2026-10-05T16:22:19.5239900Z Setting up libjsoncpp25:arm64 (1.9.5-6build1) ...
2026-10-05T16:22:19.5255631Z Setting up librhash0:arm64 (1.4.3-3build1) ...
2026-10-05T16:22:19.5271028Z Setting up build-essential (12.10ubuntu1) ...
2026-10-05T16:22:19.5286449Z Setting up cmake-data (3.28.3-1build7) ...
2026-10-05T16:22:19.5336885Z Setting up openssl (3.0.13-0ubuntu3.16) ...
2026-10-05T16:22:19.5366790Z Setting up cmake (3.28.3-1build7) ...
2026-10-05T16:22:19.5386430Z Processing triggers for man-db (2.12.0-4build2) ...
2026-10-05T16:22:19.5404231Z Not building database; man-db/auto-update is not 'true'.
2026-10-05T16:22:19.5415161Z Processing triggers for libc-bin (2.39-0ubuntu8.9) ...
2026-10-05T16:22:21.5732323Z
2026-10-05T16:22:21.5732912Z Running kernel seems to be up-to-date.
2026-10-05T16:22:21.5733344Z
2026-10-05T16:22:21.5733496Z Restarting services...
2026-10-05T16:22:21.6068898Z  /etc/needrestart/restart.d/systemd-manager
2026-10-05T16:22:21.8180493Z  systemctl restart packagekit.service php8.3-fpm.service systemd-journald.service systemd-networkd.service systemd-resolved.service systemd-udevd.service udisks2.service
2026-10-05T16:22:21.9128532Z
2026-10-05T16:22:21.9142403Z Service restarts being deferred:
2026-10-05T16:22:21.9142884Z  systemctl restart hosted-compute-agent.service
2026-10-05T16:22:21.9143556Z  systemctl restart systemd-logind.service
2026-10-05T16:22:21.9144008Z  systemctl restart walinuxagent.service
2026-10-05T16:22:21.9144211Z
2026-10-05T16:22:21.9144360Z No containers need to be restarted.
2026-10-05T16:22:21.9144543Z
2026-10-05T16:22:21.9144703Z User sessions running outdated binaries:
2026-10-05T16:22:21.9145058Z  runner @ user manager service: systemd[1319]
2026-10-05T16:22:21.9287534Z
2026-10-05T16:22:21.9293963Z No VM guests are running outdated hypervisor (qemu) binaries on this host.
2026-10-05T16:22:22.8134037Z ##[group]Run actions/download-artifact@3e5f45b2cfb9172054b4087a40e8e0b5a5461e7c
2026-10-05T16:22:22.8134675Z with:
2026-10-05T16:22:22.8134909Z   name: ci-build-arm64
2026-10-05T16:22:22.8135189Z   path: /home/runner/work/_temp/ci-build
2026-10-05T16:22:22.8135523Z   merge-multiple: false
2026-10-05T16:22:22.8135795Z   repository: eloqdata/lavik
2026-10-05T16:22:22.8136082Z   run-id: 37339320997
2026-10-05T16:22:22.8136317Z   skip-decompress: false
2026-10-05T16:22:22.8136747Z   digest-mismatch: error
2026-10-05T16:22:22.8137049Z env:
2026-10-05T16:22:22.8137393Z   PYTHONPATH: /home/runner/work/lavik/lavik/build_ci/test_tools/redis_py
2026-10-05T16:22:22.8137832Z   GOTOOLCHAIN: local
2026-10-05T16:22:22.8138058Z ##[endgroup]
2026-10-05T16:22:22.9197502Z Downloading single artifact
2026-10-05T16:22:23.1615331Z Preparing to download the following artifacts:
2026-10-05T16:22:23.1616204Z - ci-build-arm64 (ID: 11358320435, Size: 701865873, Expected Digest: sha256:178fe2ca6728fd1acb750b182394871d1d4b34bd0da2d53afa9f56bc933a4022)
2026-10-05T16:22:23.6149104Z Redirecting to blob download url: https://productionresultssa5.blob.core.windows.net/actions-results/07fdc584-1b97-84a4-a2d2-7c7ba884225d/workflow-job-run-ef5d6b8d-a1ce-585b-8271-2e35afb5591a/artifacts/7bb5f06eea2576c73442d51f5183ca756bff64318b614cf43b2784045c2b3a2c.zip
2026-10-05T16:22:23.6150847Z Starting download of artifact to: /home/runner/work/_temp/ci-build
2026-10-05T16:22:23.8317687Z (node:3054) [DEP0005] DeprecationWarning: Buffer() is deprecated due to security and usability issues. Please use the Buffer.alloc(), Buffer.allocUnsafe(), or Buffer.from() methods instead.
2026-10-05T16:22:23.8318827Z (Use `node --trace-deprecation ...` to show where the warning was created)
2026-10-05T16:22:37.7952702Z SHA256 digest of downloaded artifact is 178fe2ca6728fd1acb750b182394871d1d4b34bd0da2d53afa9f56bc933a4022
2026-10-05T16:22:37.7953391Z Artifact download completed successfully.
2026-10-05T16:22:37.7953760Z Total of 1 artifact(s) downloaded
2026-10-05T16:22:37.7958987Z Download artifact has finished successfully
2026-10-05T16:22:37.8063524Z ##[group]Run tar --zstd -xf "$RUNNER_TEMP/ci-build/ci-build.tar.zst"
2026-10-05T16:22:37.8064302Z [36;1mtar --zstd -xf "$RUNNER_TEMP/ci-build/ci-build.tar.zst"[0m
2026-10-05T16:22:37.8064756Z [36;1mpython3 scripts/ci_build_bundle.py validate build_ci[0m
2026-10-05T16:22:37.8065314Z [36;1mecho "$GITHUB_WORKSPACE/build_ci/test_tools/redis" >> "$GITHUB_PATH"[0m
2026-10-05T16:22:37.8065850Z [36;1mecho "$GITHUB_WORKSPACE/build_ci/test_tools/redis-shake" >> "$GITHUB_PATH"[0m
2026-10-05T16:22:37.8101482Z shell: /usr/bin/bash --noprofile --norc -e -o pipefail {0}
2026-10-05T16:22:37.8101861Z env:
2026-10-05T16:22:37.8102312Z   PYTHONPATH: /home/runner/work/lavik/lavik/build_ci/test_tools/redis_py
2026-10-05T16:22:37.8102711Z   GOTOOLCHAIN: local
2026-10-05T16:22:37.8103007Z ##[endgroup]
2026-10-05T16:22:43.8360205Z Validated /home/runner/work/lavik/lavik/build_ci: 1746 CTest cases
2026-10-05T16:22:43.8457768Z ##[group]Run sudo sysctl -w kernel.io_uring_disabled=0
2026-10-05T16:22:43.8458308Z [36;1msudo sysctl -w kernel.io_uring_disabled=0[0m
2026-10-05T16:22:43.8458839Z [36;1msudo install -d -o "$(id -u)" -g "$(id -g)" /mnt/dev[0m
2026-10-05T16:22:43.8493818Z shell: /usr/bin/bash --noprofile --norc -e -o pipefail {0}
2026-10-05T16:22:43.8494194Z env:
2026-10-05T16:22:43.8494590Z   PYTHONPATH: /home/runner/work/lavik/lavik/build_ci/test_tools/redis_py
2026-10-05T16:22:43.8494992Z   GOTOOLCHAIN: local
2026-10-05T16:22:43.8495232Z ##[endgroup]
2026-10-05T16:22:43.9043776Z kernel.io_uring_disabled = 0
2026-10-05T16:22:44.3224951Z ##[group]Run sudo prlimit --pid "$$" --memlock=unlimited
2026-10-05T16:22:44.3225610Z [36;1msudo prlimit --pid "$$" --memlock=unlimited[0m
2026-10-05T16:22:44.3226087Z [36;1m# Each shard has an isolated VM and remains serial internally, so[0m
2026-10-05T16:22:44.3226970Z [36;1m# fixed ports, large fixtures, and timing-sensitive faults cannot race.[0m
2026-10-05T16:22:44.3227494Z [36;1mscratch_image=$(mktemp "$RUNNER_TEMP/lavik-ci-gate.XXXXXX")[0m
2026-10-05T16:22:44.3227885Z [36;1mscratch_device=[0m
2026-10-05T16:22:44.3228218Z [36;1mcleanup() {[0m
2026-10-05T16:22:44.3228486Z [36;1m  if [[ -n "$scratch_device" ]]; then[0m
2026-10-05T16:22:44.3228979Z [36;1m    sudo losetup --detach "$scratch_device"[0m
2026-10-05T16:22:44.3229423Z [36;1m  fi[0m
2026-10-05T16:22:44.3229720Z [36;1m  rm -f -- "$scratch_image"[0m
2026-10-05T16:22:44.3230053Z [36;1m}[0m
2026-10-05T16:22:44.3230272Z [36;1mtrap cleanup EXIT[0m
2026-10-05T16:22:44.3230669Z [36;1mtruncate -s 16M "$scratch_image"[0m
2026-10-05T16:22:44.3231145Z [36;1mscratch_device=$(sudo losetup --find --show "$scratch_image")[0m
2026-10-05T16:22:44.3231697Z [36;1mexport LAVIK_CLUSTER_HARDWARE_OPT_IN=1[0m
2026-10-05T16:22:44.3232245Z [36;1mexport LAVIK_CLUSTER_SCRATCH_DEVICE="$scratch_device"[0m
2026-10-05T16:22:44.3232877Z [36;1m./scripts/run_ci_tests.sh build_ci --shard-index "$SHARD_INDEX" --shard-count 6[0m
2026-10-05T16:22:44.3265772Z shell: /usr/bin/bash --noprofile --norc -e -o pipefail {0}
2026-10-05T16:22:44.3266439Z env:
2026-10-05T16:22:44.3266959Z   PYTHONPATH: /home/runner/work/lavik/lavik/build_ci/test_tools/redis_py
2026-10-05T16:22:44.3267365Z   GOTOOLCHAIN: local
2026-10-05T16:22:44.3267687Z   SHARD_INDEX: 1
2026-10-05T16:22:44.3267906Z ##[endgroup]
2026-10-05T16:22:45.4076375Z Discovered 1746 CTest cases and 4 external suites; inventory fd69d883759a7cc6e54b88cb124bff9a05a5bb5c7a7809761ee0ceed6ba0418f
2026-10-05T16:22:45.4077432Z Shard 0/6: 274 items, estimated 30.0 minutes
2026-10-05T16:22:45.4077810Z Shard 1/6: 301 items, estimated 30.0 minutes
2026-10-05T16:22:45.4078217Z Shard 2/6: 276 items, estimated 30.0 minutes
2026-10-05T16:22:45.4078543Z Shard 3/6: 276 items, estimated 30.0 minutes
2026-10-05T16:22:45.4078951Z Shard 4/6: 324 items, estimated 30.0 minutes
2026-10-05T16:22:45.4079278Z Shard 5/6: 299 items, estimated 30.0 minutes
2026-10-05T16:22:45.4079808Z Selected shard 1; full manifest: /home/runner/work/lavik/lavik/build_ci/test-results/shard-1-of-6/plan.json
2026-10-05T16:22:45.4143596Z Internal ctest changing into directory: /home/runner/work/lavik/lavik/build_ci
2026-10-05T16:22:45.4145119Z Test project /home/runner/work/lavik/lavik/build_ci
2026-10-05T16:22:45.4560918Z         Start    1: cluster_model.ManualClockTest.MovesOnlyForward
2026-10-05T16:22:45.4580529Z   1/300 Test    #1: cluster_model.ManualClockTest.MovesOnlyForward ..........................................................................................................   Passed    0.00 sec
2026-10-05T16:22:45.4581761Z         Start    4: cluster_model.ControlPlaneReferenceMachineTest.ReplaysIdempotentlyAndRejectsForks
2026-10-05T16:22:45.4599516Z   2/300 Test    #4: cluster_model.ControlPlaneReferenceMachineTest.ReplaysIdempotentlyAndRejectsForks .......................................................................   Passed    0.00 sec
2026-10-05T16:22:45.4600788Z         Start    9: cluster_model.ScenarioRunnerTest.SameSeedProducesByteIdenticalTrace
2026-10-05T16:22:45.4622616Z   3/300 Test    #9: cluster_model.ScenarioRunnerTest.SameSeedProducesByteIdenticalTrace .....................................................................................   Passed    0.00 sec
2026-10-05T16:22:45.4623751Z         Start   22: cluster_model.ClusterInvariantTest.RejectsEveryIncompleteReadinessProof
2026-10-05T16:22:45.4642414Z   4/300 Test   #22: cluster_model.ClusterInvariantTest.RejectsEveryIncompleteReadinessProof .................................................................................   Passed    0.00 sec
2026-10-05T16:22:45.4643784Z         Start   25: cluster_model.ClusterInvariantTest.AcceptsQuiescentFailedStoppedPopulation
2026-10-05T16:22:45.4661609Z   5/300 Test   #25: cluster_model.ClusterInvariantTest.AcceptsQuiescentFailedStoppedPopulation ..............................................................................   Passed    0.00 sec
2026-10-05T16:22:45.4663260Z         Start   36: cluster_model.RequiredFaults/CounterexampleTest.GeneratesReplaysAndMinimizesStableFinding/(1-byte object <06>, "function.catalog-durable-before-ack")
2026-10-05T16:22:45.4683163Z   6/300 Test   #36: cluster_model.RequiredFaults/CounterexampleTest.GeneratesReplaysAndMinimizesStableFinding/(1-byte object <06>, "function.catalog-durable-before-ack") ...   Passed    0.00 sec
2026-10-05T16:22:45.4684413Z         Start   41: cluster_status.ClusterCreateManifestTest.RequiresExplicitClientServiceMode
2026-10-05T16:22:45.4716852Z   7/300 Test   #41: cluster_status.ClusterCreateManifestTest.RequiresExplicitClientServiceMode ..............................................................................   Passed    0.00 sec
2026-10-05T16:22:45.4718055Z         Start   47: cluster_status.ClusterCreateManifestTest.InputOrderCannotChangeNormalizedWire
2026-10-05T16:22:45.4747834Z   8/300 Test   #47: cluster_status.ClusterCreateManifestTest.InputOrderCannotChangeNormalizedWire ...........................................................................   Passed    0.00 sec
2026-10-05T16:22:45.4749100Z         Start   49: cluster_status.ClusterCreateManifestTest.RejectsDuplicateMetaIdentityAndEndpoints
2026-10-05T16:22:45.4777132Z   9/300 Test   #49: cluster_status.ClusterCreateManifestTest.RejectsDuplicateMetaIdentityAndEndpoints .......................................................................   Passed    0.00 sec
2026-10-05T16:22:45.4778519Z         Start   58: cluster_status.ClusterCreateProtocolTest.RejectsOldPersistedIntentFormat
2026-10-05T16:22:45.4798007Z  10/300 Test   #58: cluster_status.ClusterCreateProtocolTest.RejectsOldPersistedIntentFormat ................................................................................   Passed    0.00 sec
2026-10-05T16:22:45.4800878Z         Start   64: cluster_status.ClusterCreateOperatorTest.DoesNotWaitForRuntimeReadiness
2026-10-05T16:22:45.4838258Z  11/300 Test   #64: cluster_status.ClusterCreateOperatorTest.DoesNotWaitForRuntimeReadiness .................................................................................   Passed    0.00 sec
2026-10-05T16:22:45.4839471Z         Start   73: cluster_status.MetaClusterStatusWireTest.RejectsInconsistentLeaderIdentity
2026-10-05T16:22:45.4859643Z  12/300 Test   #73: cluster_status.MetaClusterStatusWireTest.RejectsInconsistentLeaderIdentity ..............................................................................   Passed    0.00 sec
2026-10-05T16:22:45.4860963Z         Start   76: cluster_status.MetaClusterStatusOperatorTest.RejectsPartialTlsEvenForUnixLeader
2026-10-05T16:22:45.4881787Z  13/300 Test   #76: cluster_status.MetaClusterStatusOperatorTest.RejectsPartialTlsEvenForUnixLeader .........................................................................   Passed    0.00 sec
2026-10-05T16:22:45.4882974Z         Start   84: cluster_status.MetaClusterStatusRenderTest.JsonUsesStableArraysAndStringU64
2026-10-05T16:22:45.4903076Z  14/300 Test   #84: cluster_status.MetaClusterStatusRenderTest.JsonUsesStableArraysAndStringU64 .............................................................................   Passed    0.00 sec
2026-10-05T16:22:45.4904358Z         Start   91: cluster_status.MetaFailoverOperatorTest.DistinguishesDefinitelyNotSentFromUncertain
2026-10-05T16:22:45.4926532Z  15/300 Test   #91: cluster_status.MetaFailoverOperatorTest.DistinguishesDefinitelyNotSentFromUncertain .....................................................................   Passed    0.00 sec
2026-10-05T16:22:45.4934609Z         Start   95: meta_signal.MetaShutdownSignals.UsesReceivingThreadsAlternateStack
2026-10-05T16:22:45.4947881Z  16/300 Test   #95: meta_signal.MetaShutdownSignals.UsesReceivingThreadsAlternateStack ......................................................................................   Passed    0.00 sec
2026-10-05T16:22:45.4949589Z         Start  103: meta.MetaAutomaticFailoverStateMachineTest.ServiceableInputDiscardsSuspectTime
2026-10-05T16:22:45.5099076Z  17/300 Test  #103: meta.MetaAutomaticFailoverStateMachineTest.ServiceableInputDiscardsSuspectTime ..........................................................................   Passed    0.01 sec
2026-10-05T16:22:45.5100418Z         Start  109: meta.MetaAutomaticFailoverStateMachineTest.GroupsAdvanceIndependentlyAndStorageIsBounded
2026-10-05T16:22:45.5162830Z  18/300 Test  #109: meta.MetaAutomaticFailoverStateMachineTest.GroupsAdvanceIndependentlyAndStorageIsBounded ................................................................   Passed    0.01 sec
2026-10-05T16:22:45.5164489Z         Start  115: meta.MetaAutomaticFailoverDiagnosticsRegistryTest.InvalidPublicationFailsClosedWithoutChangingTheLastValidCut
2026-10-05T16:22:45.5222236Z  19/300 Test  #115: meta.MetaAutomaticFailoverDiagnosticsRegistryTest.InvalidPublicationFailsClosedWithoutChangingTheLastValidCut ...........................................   Passed    0.01 sec
2026-10-05T16:22:45.5226141Z         Start  119: meta.MetaAutomaticFailoverReconcilerTest.ControlledExecutorBoundsGroupsAndJoinsDuringDemotion
2026-10-05T16:22:47.2311877Z  20/300 Test  #119: meta.MetaAutomaticFailoverReconcilerTest.ControlledExecutorBoundsGroupsAndJoinsDuringDemotion ...........................................................   Passed    1.71 sec
2026-10-05T16:22:47.2315690Z         Start  122: meta.MetaAutomaticFailoverReconcilerTest.InstallAtSameAppliedIndexRefreshesDetectorPolicy
2026-10-05T16:22:47.7791097Z  21/300 Test  #122: meta.MetaAutomaticFailoverReconcilerTest.InstallAtSameAppliedIndexRefreshesDetectorPolicy ...............................................................   Passed    0.55 sec
2026-10-05T16:22:47.7792767Z         Start  135: meta.MetaAutomaticFailoverReconcilerTest.RepeatedCausalConfirmationCannotKeepOwnerServiceableForever
2026-10-05T16:22:48.4773086Z  22/300 Test  #135: meta.MetaAutomaticFailoverReconcilerTest.RepeatedCausalConfirmationCannotKeepOwnerServiceableForever ....................................................   Passed    0.70 sec
2026-10-05T16:22:48.4774763Z         Start  138: meta.MetaAutomaticFailoverReconcilerTimeoutTest.UncertainRetryBackoffStartsAfterProposalReturns
2026-10-05T16:22:49.5798477Z  23/300 Test  #138: meta.MetaAutomaticFailoverReconcilerTimeoutTest.UncertainRetryBackoffStartsAfterProposalReturns .........................................................   Passed    1.10 sec
2026-10-05T16:22:49.5799869Z         Start  147: meta.ClusterCreateV1RecoveryTest.CommitsOneSlotMapAndSparsePopulationPerGroup
2026-10-05T16:22:50.2275608Z  24/300 Test  #147: meta.ClusterCreateV1RecoveryTest.CommitsOneSlotMapAndSparsePopulationPerGroup ...........................................................................   Passed    0.65 sec
2026-10-05T16:22:50.2277297Z         Start  157: meta.ClusterCreateV1RecoveryTest.PrimaryRestartFencesOnlyItsGroupAndAbortsRoot
2026-10-05T16:22:51.3233157Z  25/300 Test  #157: meta.ClusterCreateV1RecoveryTest.PrimaryRestartFencesOnlyItsGroupAndAbortsRoot ..........................................................................   Passed    1.10 sec
2026-10-05T16:22:51.3234701Z         Start  160: meta.ClusterCreateV1RecoveryTest.SourceRestartBeforeAuthorizationFencesItsGroupAndAbortsRoot
2026-10-05T16:22:52.5061467Z  26/300 Test  #160: meta.ClusterCreateV1RecoveryTest.SourceRestartBeforeAuthorizationFencesItsGroupAndAbortsRoot ............................................................   Passed    1.18 sec
2026-10-05T16:22:52.5062995Z         Start  167: meta.ClusterCreateV1RecoveryTest.LaterGroupFailureDoesNotRollbackCompletedGroup
2026-10-05T16:22:54.1491660Z  27/300 Test  #167: meta.ClusterCreateV1RecoveryTest.LaterGroupFailureDoesNotRollbackCompletedGroup .........................................................................   Passed    1.64 sec
2026-10-05T16:22:54.1492934Z         Start  168: meta.ClusterCreateTlsRecoveryTest.RecoversRegistrationAndProjectsTlsPorts
2026-10-05T16:22:54.8439337Z  28/300 Test  #168: meta.ClusterCreateTlsRecoveryTest.RecoversRegistrationAndProjectsTlsPorts ...............................................................................   Passed    0.69 sec
2026-10-05T16:22:54.8440732Z         Start  171: meta.MembershipRecoveryTest.TaggedSentinelRetirementRecoversEveryCheckpoint
2026-10-05T16:22:54.9087929Z  29/300 Test  #171: meta.MembershipRecoveryTest.TaggedSentinelRetirementRecoversEveryCheckpoint .............................................................................   Passed    0.06 sec
2026-10-05T16:22:54.9089256Z         Start  172: meta.MembershipRecoveryTest.InitialConfigBindingsResumeInIdOrderWithoutMembershipOperation
2026-10-05T16:22:54.9267823Z  30/300 Test  #172: meta.MembershipRecoveryTest.InitialConfigBindingsResumeInIdOrderWithoutMembershipOperation ..............................................................   Passed    0.02 sec
2026-10-05T16:22:54.9269194Z         Start  176: meta.MembershipRecoveryTest.CaptureOwnsSelectedBindingsAndRetriesOperationChange
2026-10-05T16:22:54.9719939Z  31/300 Test  #176: meta.MembershipRecoveryTest.CaptureOwnsSelectedBindingsAndRetriesOperationChange ........................................................................   Passed    0.04 sec
2026-10-05T16:22:54.9721184Z         Start  185: meta.MetaCoordinatorComponentTest.ObservationSubscriptionOwnsInitialCut
2026-10-05T16:22:54.9845253Z  32/300 Test  #185: meta.MetaCoordinatorComponentTest.ObservationSubscriptionOwnsInitialCut .................................................................................   Passed    0.01 sec
2026-10-05T16:22:54.9846689Z         Start  189: meta.MetaCoordinatorComponentTest.SubscriptionTripleIsAtomicAndOrdered
2026-10-05T16:22:55.0511904Z  33/300 Test  #189: meta.MetaCoordinatorComponentTest.SubscriptionTripleIsAtomicAndOrdered ..................................................................................   Passed    0.07 sec
2026-10-05T16:22:55.0513498Z         Start  201: meta.MetaCoordinatorServerTest.FailSafeGateAllowsEffectivePreBeginControlledAbortOnlyOnce
2026-10-05T16:22:55.2851428Z  34/300 Test  #201: meta.MetaCoordinatorServerTest.FailSafeGateAllowsEffectivePreBeginControlledAbortOnlyOnce ...............................................................   Passed    0.23 sec
2026-10-05T16:22:55.2852750Z         Start  208: meta.MetaCoordinatorServerTest.HooksKeepOneOwnedCutAcrossAnInterveningCommit
2026-10-05T16:22:55.4578958Z  35/300 Test  #208: meta.MetaCoordinatorServerTest.HooksKeepOneOwnedCutAcrossAnInterveningCommit ............................................................................   Passed    0.17 sec
2026-10-05T16:22:55.4580179Z         Start  210: meta.MetaCoordinatorServerTest.UncertainOutcomeDemotionIsReconcilable
2026-10-05T16:22:55.7012416Z  36/300 Test  #210: meta.MetaCoordinatorServerTest.UncertainOutcomeDemotionIsReconcilable ...................................................................................   Passed    0.24 sec
2026-10-05T16:22:55.7013629Z         Start  214: meta.MetaCandidatePlanTest.SelectsUniqueGreatestAndNeverChoosesDominated
2026-10-05T16:22:55.7076570Z  37/300 Test  #214: meta.MetaCandidatePlanTest.SelectsUniqueGreatestAndNeverChoosesDominated ................................................................................   Passed    0.01 sec
2026-10-05T16:22:55.7077768Z         Start  226: meta.MetaControlProjector.MissingAuthorityLeasePolicyFailsClosed
2026-10-05T16:22:55.7163698Z  38/300 Test  #226: meta.MetaControlProjector.MissingAuthorityLeasePolicyFailsClosed ........................................................................................   Passed    0.01 sec
2026-10-05T16:22:55.7165420Z         Start  236: meta.MetaControlProjector.RoutesSourceActionsToSourceWithoutRebindingTheRebuildTarget
2026-10-05T16:22:55.7332624Z  39/300 Test  #236: meta.MetaControlProjector.RoutesSourceActionsToSourceWithoutRebindingTheRebuildTarget ...................................................................   Passed    0.02 sec
2026-10-05T16:22:55.7334267Z         Start  237: meta.MetaControlProjector.ClusterCreateRebuildWaitsForCommittedSourceAuthorization
2026-10-05T16:22:55.7708671Z  40/300 Test  #237: meta.MetaControlProjector.ClusterCreateRebuildWaitsForCommittedSourceAuthorization ......................................................................   Passed    0.04 sec
2026-10-05T16:22:55.7710055Z         Start  241: meta.MetaDirectiveResultQueueTest.BoundsRetainedCapacityAndReturnsBudget
2026-10-05T16:22:55.7769958Z  41/300 Test  #241: meta.MetaDirectiveResultQueueTest.BoundsRetainedCapacityAndReturnsBudget ................................................................................   Passed    0.01 sec
2026-10-05T16:22:55.7771420Z         Start  244: meta.MetaDataControlRuntimeStatusTest.EligibilityRecoversWithinTheSameLeadershipGeneration
2026-10-05T16:22:55.7831436Z  42/300 Test  #244: meta.MetaDataControlRuntimeStatusTest.EligibilityRecoversWithinTheSameLeadershipGeneration ..............................................................   Passed    0.01 sec
2026-10-05T16:22:55.7832897Z         Start  249: meta.MetaTransferBoundaryTest.EquivalentCommitIsProjectedOnceUntilTheHighWaterAdvances
2026-10-05T16:22:55.7890987Z  43/300 Test  #249: meta.MetaTransferBoundaryTest.EquivalentCommitIsProjectedOnceUntilTheHighWaterAdvances ..................................................................   Passed    0.01 sec
2026-10-05T16:22:55.7892780Z         Start  259: meta.MetaDataControlLeaseTest.MetaLeaderSuspendAccumulatesAndExtendsAnActiveQuarantine
2026-10-05T16:22:55.7952446Z  44/300 Test  #259: meta.MetaDataControlLeaseTest.MetaLeaderSuspendAccumulatesAndExtendsAnActiveQuarantine ..................................................................   Passed    0.01 sec
2026-10-05T16:22:55.7953611Z         Start  261: meta.MetaDataControlLeaseTest.StaleProjectionIsOutOfDate
2026-10-05T16:22:55.8013170Z  45/300 Test  #261: meta.MetaDataControlLeaseTest.StaleProjectionIsOutOfDate ................................................................................................   Passed    0.01 sec
2026-10-05T16:22:55.8014442Z         Start  267: meta.MetaDataControlHandshakeLimitTest.LeaderReleasesPermitOnlyAfterClaimingOneNodeSlot
2026-10-05T16:22:55.8076740Z  46/300 Test  #267: meta.MetaDataControlHandshakeLimitTest.LeaderReleasesPermitOnlyAfterClaimingOneNodeSlot .................................................................   Passed    0.01 sec
2026-10-05T16:22:55.8078195Z         Start  271: meta.MetaDataControlOptionsTest.EstablishedReadTimeoutCoversLongResolvedLeaseCadenceWithoutWrapping
2026-10-05T16:22:55.8138657Z  47/300 Test  #271: meta.MetaDataControlOptionsTest.EstablishedReadTimeoutCoversLongResolvedLeaseCadenceWithoutWrapping .....................................................   Passed    0.01 sec
2026-10-05T16:22:55.8140154Z         Start  274: meta.MetaDataControlDirectoryTest.MalformedEndpointIsRejectedBeforeCommitAndPriorStateStillProjects
2026-10-05T16:22:55.8224437Z  48/300 Test  #274: meta.MetaDataControlDirectoryTest.MalformedEndpointIsRejectedBeforeCommitAndPriorStateStillProjects .....................................................   Passed    0.01 sec
2026-10-05T16:22:55.8225933Z         Start  283: meta.MetaHeartbeatObservationTest.ReporterHistoryIsIndependentAndRoleReplacementClearsCandidate
2026-10-05T16:22:55.8286100Z  49/300 Test  #283: meta.MetaHeartbeatObservationTest.ReporterHistoryIsIndependentAndRoleReplacementClearsCandidate .........................................................   Passed    0.01 sec
2026-10-05T16:22:55.8287650Z         Start  286: meta.MetaHeartbeatObservationTest.BridgesActionObservationWithoutRequiringCandidateRolePayload
2026-10-05T16:22:55.8348940Z  50/300 Test  #286: meta.MetaHeartbeatObservationTest.BridgesActionObservationWithoutRequiringCandidateRolePayload ..........................................................   Passed    0.01 sec
2026-10-05T16:22:55.8350605Z         Start  293: meta.MetaFailoverTransitionApply.ActiveTransitionRejectsNewControlledRequestButPreservesSubmitReplay
2026-10-05T16:22:55.8430186Z  51/300 Test  #293: meta.MetaFailoverTransitionApply.ActiveTransitionRejectsNewControlledRequestButPreservesSubmitReplay ....................................................   Passed    0.01 sec
2026-10-05T16:22:55.8431821Z         Start  295: meta.MetaFailoverTransitionApply.AutomaticBeginRejectsOperationOnlyReplayHalfWithoutRepair
2026-10-05T16:22:55.8512684Z  52/300 Test  #295: meta.MetaFailoverTransitionApply.AutomaticBeginRejectsOperationOnlyReplayHalfWithoutRepair ..............................................................   Passed    0.01 sec
2026-10-05T16:22:55.8514099Z         Start  296: meta.MetaFailoverTransitionApply.ManualBeginCannotPreemptControlledRequest
2026-10-05T16:22:55.8597972Z  53/300 Test  #296: meta.MetaFailoverTransitionApply.ManualBeginCannotPreemptControlledRequest ..............................................................................   Passed    0.01 sec
2026-10-05T16:22:55.8599445Z         Start  302: meta.MetaFailoverTransitionApply.BeginUncontrolledRejectsTransitionWithoutFencing
2026-10-05T16:22:55.8682723Z  54/300 Test  #302: meta.MetaFailoverTransitionApply.BeginUncontrolledRejectsTransitionWithoutFencing .......................................................................   Passed    0.01 sec
2026-10-05T16:22:55.8685486Z         Start  310: meta.MetaFailoverTransitionW2.UncontrolledCandidateClearRequiresAnInstalledCandidate
2026-10-05T16:22:55.8769117Z  55/300 Test  #310: meta.MetaFailoverTransitionW2.UncontrolledCandidateClearRequiresAnInstalledCandidate ....................................................................   Passed    0.01 sec
2026-10-05T16:22:55.8770471Z         Start  314: meta.MetaFailoverTransitionW2.ControlledDegradeCanRetainOnlyTheExactLosslessAuthorizedAction
2026-10-05T16:22:55.8855948Z  56/300 Test  #314: meta.MetaFailoverTransitionW2.ControlledDegradeCanRetainOnlyTheExactLosslessAuthorizedAction ............................................................   Passed    0.01 sec
2026-10-05T16:22:55.8858745Z         Start  327: meta.MetaFailoverObservationStore.CommitAndLeadershipChangesInvalidateSoftFacts
2026-10-05T16:22:55.8917855Z  57/300 Test  #327: meta.MetaFailoverObservationStore.CommitAndLeadershipChangesInvalidateSoftFacts .........................................................................   Passed    0.01 sec
2026-10-05T16:22:55.8919363Z         Start  333: meta.MetaFailoverReconcilerPlannerTest.RecoveryStartsAfterExclusionAndPrepareWaitsForDrain
2026-10-05T16:22:55.9198893Z  58/300 Test  #333: meta.MetaFailoverReconcilerPlannerTest.RecoveryStartsAfterExclusionAndPrepareWaitsForDrain ..............................................................   Passed    0.03 sec
2026-10-05T16:22:55.9200351Z         Start  336: meta.MetaFailoverReconcilerPlannerTest.CandidateReconnectBeforeControlledActionDoesNotPoisonNewAction
2026-10-05T16:22:55.9367680Z  59/300 Test  #336: meta.MetaFailoverReconcilerPlannerTest.CandidateReconnectBeforeControlledActionDoesNotPoisonNewAction ...................................................   Passed    0.02 sec
2026-10-05T16:22:55.9369313Z         Start  339: meta.MetaFailoverReconcilerPlannerTest.ControlledCandidateNewBootAbortsWithoutWaitingForDisconnectGrace
2026-10-05T16:22:55.9537056Z  60/300 Test  #339: meta.MetaFailoverReconcilerPlannerTest.ControlledCandidateNewBootAbortsWithoutWaitingForDisconnectGrace .................................................   Passed    0.02 sec
2026-10-05T16:22:55.9538757Z         Start  351: meta.MetaFailoverReconcilerPlannerTest.ControlledSourceNewBootDegradesWithoutWaitingForDisconnectGrace
2026-10-05T16:22:55.9705830Z  61/300 Test  #351: meta.MetaFailoverReconcilerPlannerTest.ControlledSourceNewBootDegradesWithoutWaitingForDisconnectGrace ..................................................   Passed    0.02 sec
2026-10-05T16:22:55.9707834Z         Start  357: meta.MetaFailoverReconcilerPlannerTest.UncontrolledCandidateNewBootClearsActionWithoutWaitingForOldBoot
2026-10-05T16:22:55.9820832Z  62/300 Test  #357: meta.MetaFailoverReconcilerPlannerTest.UncontrolledCandidateNewBootClearsActionWithoutWaitingForOldBoot .................................................   Passed    0.01 sec
2026-10-05T16:22:55.9822343Z         Start  369: meta.MetaFailoverOperationIntentCodecTest.RejectsInvalidLocallyConstructedRequest
2026-10-05T16:22:55.9880642Z  63/300 Test  #369: meta.MetaFailoverOperationIntentCodecTest.RejectsInvalidLocallyConstructedRequest .......................................................................   Passed    0.01 sec
2026-10-05T16:22:55.9881935Z         Start  373: meta.MetaFailoverValidationTest.OperatorRecoveryRequiresNoOtherEligibleCandidate
2026-10-05T16:22:55.9991413Z  64/300 Test  #373: meta.MetaFailoverValidationTest.OperatorRecoveryRequiresNoOtherEligibleCandidate ........................................................................   Passed    0.01 sec
2026-10-05T16:22:55.9992972Z         Start  377: meta.MetaFailoverValidationTest.RejectsUncontrolledCandidateSetWhenSelectionIsWithdrawnAfterPlanning
2026-10-05T16:22:56.0152103Z  65/300 Test  #377: meta.MetaFailoverValidationTest.RejectsUncontrolledCandidateSetWhenSelectionIsWithdrawnAfterPlanning ....................................................   Passed    0.02 sec
2026-10-05T16:22:56.0153625Z         Start  385: meta.MetaFailoverValidationTest.RejectsControlledCommitWhenPreparedObservationIsWithdrawnAfterPlanning
2026-10-05T16:22:56.0432177Z  66/300 Test  #385: meta.MetaFailoverValidationTest.RejectsControlledCommitWhenPreparedObservationIsWithdrawnAfterPlanning ..................................................   Passed    0.03 sec
2026-10-05T16:22:56.0433535Z         Start  390: meta.MetaAuditStore.ReplaySameIndexSameContentIsNoOp
2026-10-05T16:22:56.0494567Z  67/300 Test  #390: meta.MetaAuditStore.ReplaySameIndexSameContentIsNoOp ....................................................................................................   Passed    0.01 sec
2026-10-05T16:22:56.0495783Z         Start  402: meta.MetaAuditStore.CopiesRetainIndependentWindowsAcrossRotationAndPruning
2026-10-05T16:22:56.0605219Z  68/300 Test  #402: meta.MetaAuditStore.CopiesRetainIndependentWindowsAcrossRotationAndPruning ..............................................................................   Passed    0.01 sec
2026-10-05T16:22:56.0606748Z         Start  406: meta.MetaAuditStore.MoveAndCopyAssignmentPreserveWindowAndMetadata
2026-10-05T16:22:56.0674879Z  69/300 Test  #406: meta.MetaAuditStore.MoveAndCopyAssignmentPreserveWindowAndMetadata ......................................................................................   Passed    0.01 sec
2026-10-05T16:22:56.0676174Z         Start  413: meta.MetaOperationStore.TerminalReceiptRejectsConflictAndPruneMeansNoLongerTracked
2026-10-05T16:22:56.0737896Z  70/300 Test  #413: meta.MetaOperationStore.TerminalReceiptRejectsConflictAndPruneMeansNoLongerTracked ......................................................................   Passed    0.01 sec
2026-10-05T16:22:56.0739247Z         Start  417: meta.MetaOperationStore.CompleteIsTerminalAndReplayIdempotent
2026-10-05T16:22:56.0798032Z  71/300 Test  #417: meta.MetaOperationStore.CompleteIsTerminalAndReplayIdempotent ...........................................................................................   Passed    0.01 sec
2026-10-05T16:22:56.0799196Z         Start  424: meta.MetaOperationStore.LiveRecordBoundFailsSafe
2026-10-05T16:22:56.0860685Z  72/300 Test  #424: meta.MetaOperationStore.LiveRecordBoundFailsSafe ........................................................................................................   Passed    0.01 sec
2026-10-05T16:22:56.0862111Z         Start  432: meta.MetaTopologyAuthority.ActivationActionIdentityIsInstalledPreservedAndCleared
2026-10-05T16:22:56.0945166Z  73/300 Test  #432: meta.MetaTopologyAuthority.ActivationActionIdentityIsInstalledPreservedAndCleared .......................................................................   Passed    0.01 sec
2026-10-05T16:22:56.0946252Z         Start  442: meta.MetaModelEncoding.OptionalRoundTrip
2026-10-05T16:22:56.1006028Z  74/300 Test  #442: meta.MetaModelEncoding.OptionalRoundTrip ................................................................................................................   Passed    0.01 sec
2026-10-05T16:22:56.1007175Z         Start  444: meta.MetaModelEncoding.TruncatedStringBodyFails
2026-10-05T16:22:56.1069016Z  75/300 Test  #444: meta.MetaModelEncoding.TruncatedStringBodyFails .........................................................................................................   Passed    0.01 sec
2026-10-05T16:22:56.1070090Z         Start  453: meta.MetaModelEncoding.FailureClassesAreDistinguishable
2026-10-05T16:22:56.1131876Z  76/300 Test  #453: meta.MetaModelEncoding.FailureClassesAreDistinguishable .................................................................................................   Passed    0.01 sec
2026-10-05T16:22:56.1133359Z         Start  471: meta.MetaModelCommands.FenceGroupRoundTrip
2026-10-05T16:22:56.1195087Z  77/300 Test  #471: meta.MetaModelCommands.FenceGroupRoundTrip ..............................................................................................................   Passed    0.01 sec
2026-10-05T16:22:56.1196150Z         Start  473: meta.MetaModelCommands.TypedFailoverCommandsRoundTrip
2026-10-05T16:22:56.1261266Z  78/300 Test  #473: meta.MetaModelCommands.TypedFailoverCommandsRoundTrip ...................................................................................................   Passed    0.01 sec
2026-10-05T16:22:56.1262779Z         Start  480: meta.MetaModelCommands.ArchiveOperationsRoundTrip
2026-10-05T16:22:56.1322857Z  79/300 Test  #480: meta.MetaModelCommands.ArchiveOperationsRoundTrip .......................................................................................................   Passed    0.01 sec
2026-10-05T16:22:56.1323949Z         Start  483: meta.MetaModelCommands.SetAuditPolicyRoundTrips
2026-10-05T16:22:56.1386692Z  80/300 Test  #483: meta.MetaModelCommands.SetAuditPolicyRoundTrips .........................................................................................................   Passed    0.01 sec
2026-10-05T16:22:56.1387838Z         Start  486: meta.MetaModelCommands.EncodeRejectsOverCapListsAndFields
2026-10-05T16:22:56.1448320Z  81/300 Test  #486: meta.MetaModelCommands.EncodeRejectsOverCapListsAndFields ...............................................................................................   Passed    0.01 sec
2026-10-05T16:22:56.1449482Z         Start  490: meta.MetaModelCommands.DecodeRejectsCorruptEnumAndBool
2026-10-05T16:22:56.1512322Z  82/300 Test  #490: meta.MetaModelCommands.DecodeRejectsCorruptEnumAndBool ..................................................................................................   Passed    0.01 sec
2026-10-05T16:22:56.1513386Z         Start  500: meta.MetaStateApply.MetaStoresDeserializeRejectsCorruption
2026-10-05T16:22:56.1583757Z  83/300 Test  #500: meta.MetaStateApply.MetaStoresDeserializeRejectsCorruption ..............................................................................................   Passed    0.01 sec
2026-10-05T16:22:56.1584954Z         Start  502: meta.MetaStateApply.OverCapActorContextRejectedBeforeDispatch
2026-10-05T16:22:56.1651538Z  84/300 Test  #502: meta.MetaStateApply.OverCapActorContextRejectedBeforeDispatch ...........................................................................................   Passed    0.01 sec
2026-10-05T16:22:56.1652809Z         Start  504: meta.MetaStateApply.AssignNodeToOtherGroupRejectedByOneNodeOneGroup
2026-10-05T16:22:56.1723028Z  85/300 Test  #504: meta.MetaStateApply.AssignNodeToOtherGroupRejectedByOneNodeOneGroup .....................................................................................   Passed    0.01 sec
2026-10-05T16:22:56.1724220Z         Start  506: meta.MetaStateApply.RemoveNodeFromGroupOfGrantOwnerRejected
2026-10-05T16:22:56.1793524Z  86/300 Test  #506: meta.MetaStateApply.RemoveNodeFromGroupOfGrantOwnerRejected .............................................................................................   Passed    0.01 sec
2026-10-05T16:22:56.1794691Z         Start  510: meta.MetaStateApply.SetSlotMapThroughDispatcher
2026-10-05T16:22:56.2068621Z  87/300 Test  #510: meta.MetaStateApply.SetSlotMapThroughDispatcher .........................................................................................................   Passed    0.03 sec
2026-10-05T16:22:56.2069719Z         Start  515: meta.MetaStateApply.ActivateAuthorityAcceptedWritesBothHalvesAtomically
2026-10-05T16:22:56.2137712Z  88/300 Test  #515: meta.MetaStateApply.ActivateAuthorityAcceptedWritesBothHalvesAtomically .................................................................................   Passed    0.01 sec
2026-10-05T16:22:56.2138892Z         Start  518: meta.MetaStateApply.ClusterCreateRootAtomicallyOwnsLifecycle
2026-10-05T16:22:56.2223997Z  89/300 Test  #518: meta.MetaStateApply.ClusterCreateRootAtomicallyOwnsLifecycle ............................................................................................   Passed    0.01 sec
2026-10-05T16:22:56.2225106Z         Start  534: meta.MetaStateApply.DirectiveResultCommitUsesFirstRaftIndexOnReplay
2026-10-05T16:22:56.2294960Z  90/300 Test  #534: meta.MetaStateApply.DirectiveResultCommitUsesFirstRaftIndexOnReplay .....................................................................................   Passed    0.01 sec
2026-10-05T16:22:56.2296401Z         Start  546: meta.MetaStateApply.CommandMatrixConsecutiveReplayLocksVerdictStateAudit
2026-10-05T16:22:56.2706862Z  91/300 Test  #546: meta.MetaStateApply.CommandMatrixConsecutiveReplayLocksVerdictStateAudit ................................................................................   Passed    0.04 sec
2026-10-05T16:22:56.2708186Z         Start  552: meta.MetaObservationStore.PossibleOwnerLeaseSurvivesSameAuthorityProjectionReplacement
2026-10-05T16:22:56.2771043Z  92/300 Test  #552: meta.MetaObservationStore.PossibleOwnerLeaseSurvivesSameAuthorityProjectionReplacement ..................................................................   Passed    0.01 sec
2026-10-05T16:22:56.2772476Z         Start  556: meta.MetaObservationStore.OwnerCausalProgressIsScopedToSessionAndLeadership
2026-10-05T16:22:56.2834428Z  93/300 Test  #556: meta.MetaObservationStore.OwnerCausalProgressIsScopedToSessionAndLeadership .............................................................................   Passed    0.01 sec
2026-10-05T16:22:56.2835774Z         Start  558: meta.MetaObservationStore.InvalidReplacementHistoryDoesNotPurgeTheCurrentSession
2026-10-05T16:22:56.2896645Z  94/300 Test  #558: meta.MetaObservationStore.InvalidReplacementHistoryDoesNotPurgeTheCurrentSession ........................................................................   Passed    0.01 sec
2026-10-05T16:22:56.2898030Z         Start  570: meta.MetaObservationStore.FencedHistoricalOwnerRequiresExactBootLocalSelfOrigin
2026-10-05T16:22:56.2960223Z  95/300 Test  #570: meta.MetaObservationStore.FencedHistoricalOwnerRequiresExactBootLocalSelfOrigin .........................................................................   Passed    0.01 sec
2026-10-05T16:22:56.2961663Z         Start  571: meta.MetaObservationStore.TypedCandidateSourceTermMustBePresentAndNotFromTheFuture
2026-10-05T16:22:56.3026208Z  96/300 Test  #571: meta.MetaObservationStore.TypedCandidateSourceTermMustBePresentAndNotFromTheFuture ......................................................................   Passed    0.01 sec
2026-10-05T16:22:56.3027453Z         Start  574: meta.MetaObservationStore.CandidateLatestWinsPerNodeAndGroup
2026-10-05T16:22:56.3090241Z  97/300 Test  #574: meta.MetaObservationStore.CandidateLatestWinsPerNodeAndGroup ............................................................................................   Passed    0.01 sec
2026-10-05T16:22:56.3091493Z         Start  575: meta.MetaObservationStore.CandidateSetIsBoundedPerGroup
2026-10-05T16:22:56.3155992Z  98/300 Test  #575: meta.MetaObservationStore.CandidateSetIsBoundedPerGroup .................................................................................................   Passed    0.01 sec
2026-10-05T16:22:56.3157674Z         Start  592: meta.MetaObservationFactsFixture.ProposalFactsPreserveCrossGroupEvidenceAndLifetime
2026-10-05T16:22:56.3334499Z  99/300 Test  #592: meta.MetaObservationFactsFixture.ProposalFactsPreserveCrossGroupEvidenceAndLifetime .....................................................................   Passed    0.02 sec
2026-10-05T16:22:56.3335800Z         Start  598: meta.MetaProposalViewTest.FailoverRetainsGlobalFactsAndOnlyCurrentPolicies
2026-10-05T16:22:56.3405036Z 100/300 Test  #598: meta.MetaProposalViewTest.FailoverRetainsGlobalFactsAndOnlyCurrentPolicies ..............................................................................   Passed    0.01 sec
2026-10-05T16:22:56.3406221Z         Start  601: meta.MetaOwnerServiceabilityTest.MissingSessionIsUnserviceable
2026-10-05T16:22:56.3468677Z 101/300 Test  #601: meta.MetaOwnerServiceabilityTest.MissingSessionIsUnserviceable ..........................................................................................   Passed    0.01 sec
2026-10-05T16:22:56.3470188Z         Start  604: meta.MetaOwnerServiceabilityTest.DefiniteCausalExpiryOverridesAStaleHeartbeatAnchor
2026-10-05T16:22:56.3532823Z 102/300 Test  #604: meta.MetaOwnerServiceabilityTest.DefiniteCausalExpiryOverridesAStaleHeartbeatAnchor .....................................................................   Passed    0.01 sec
2026-10-05T16:22:56.3534676Z         Start  611: meta.MetaSentinelDiscoveryTest.TlsPublicationDoesNotFallBackOrChangeAuthority
2026-10-05T16:22:56.3595557Z 103/300 Test  #611: meta.MetaSentinelDiscoveryTest.TlsPublicationDoesNotFallBackOrChangeAuthority ...........................................................................   Passed    0.01 sec
2026-10-05T16:22:56.3597037Z         Start  623: meta.MetaSentinelDiscoveryTest.MasterFlagsFollowDetectorVerdict
2026-10-05T16:22:56.3660522Z 104/300 Test  #623: meta.MetaSentinelDiscoveryTest.MasterFlagsFollowDetectorVerdict .........................................................................................   Passed    0.01 sec
2026-10-05T16:22:56.3661856Z         Start  624: meta.MetaSentinelDiscoveryTest.DiagnosticsRequireSnapshotIdentityAndAnchor
2026-10-05T16:22:56.3724882Z 105/300 Test  #624: meta.MetaSentinelDiscoveryTest.DiagnosticsRequireSnapshotIdentityAndAnchor ..............................................................................   Passed    0.01 sec
2026-10-05T16:22:56.3726153Z         Start  627: meta.MetaSentinelDiscoveryTest.ReplicaAnchorRequiresCurrentReplicationIdentity
2026-10-05T16:22:56.3790510Z 106/300 Test  #627: meta.MetaSentinelDiscoveryTest.ReplicaAnchorRequiresCurrentReplicationIdentity ..........................................................................   Passed    0.01 sec
2026-10-05T16:22:56.3791696Z         Start  639: meta.MetaClusterCreateStatus.DistinguishesUnobservedFromMissingSession
2026-10-05T16:22:56.3853100Z 107/300 Test  #639: meta.MetaClusterCreateStatus.DistinguishesUnobservedFromMissingSession ..................................................................................   Passed    0.01 sec
2026-10-05T16:22:56.3854141Z         Start  640: meta.MetaIdentitySecurity.ParsesCanonicalRoles
2026-10-05T16:22:56.3916147Z 108/300 Test  #640: meta.MetaIdentitySecurity.ParsesCanonicalRoles ..........................................................................................................   Passed    0.01 sec
2026-10-05T16:22:56.3917354Z         Start  655: meta.MetaIdentitySecurity.SoleMemberCtlEndpointCanOnlyBeCompletedOnce
2026-10-05T16:22:56.3979665Z 109/300 Test  #655: meta.MetaIdentitySecurity.SoleMemberCtlEndpointCanOnlyBeCompletedOnce ...................................................................................   Passed    0.01 sec
2026-10-05T16:22:56.3980999Z         Start  674: meta.MetaStateMachineTest.ReplayAfterSnapshotDoesNotGrowAudit
2026-10-05T16:22:56.4144643Z 110/300 Test  #674: meta.MetaStateMachineTest.ReplayAfterSnapshotDoesNotGrowAudit ...........................................................................................   Passed    0.02 sec
2026-10-05T16:22:56.4145817Z         Start  677: meta.MetaStateMachineTest.CapturedImageRemainsOwnedWhileLiveStateAdvances
2026-10-05T16:22:56.4254511Z 111/300 Test  #677: meta.MetaStateMachineTest.CapturedImageRemainsOwnedWhileLiveStateAdvances ...............................................................................   Passed    0.01 sec
2026-10-05T16:22:56.4256272Z         Start  678: meta.MetaStateMachineTest.SubmitOperationSeqEqualsLogIndex
2026-10-05T16:22:56.4349800Z 112/300 Test  #678: meta.MetaStateMachineTest.SubmitOperationSeqEqualsLogIndex ..............................................................................................   Passed    0.01 sec
2026-10-05T16:22:56.4351412Z         Start  681: meta.MetaServerIntegrationTest.AutomaticSnapshotAndTailReplay
2026-10-05T16:22:56.9366897Z 113/300 Test  #681: meta.MetaServerIntegrationTest.AutomaticSnapshotAndTailReplay ...........................................................................................   Passed    0.50 sec
2026-10-05T16:22:56.9368135Z         Start  687: meta.MetaIdentityStore.RegisterNodeRejectsInvalidFields
2026-10-05T16:22:56.9437005Z 114/300 Test  #687: meta.MetaIdentityStore.RegisterNodeRejectsInvalidFields .................................................................................................   Passed    0.01 sec
2026-10-05T16:22:56.9438450Z         Start  691: meta.MetaIdentityStore.UpdateNodeUnknownNodeRejected
2026-10-05T16:22:56.9502638Z 115/300 Test  #691: meta.MetaIdentityStore.UpdateNodeUnknownNodeRejected ....................................................................................................   Passed    0.01 sec
2026-10-05T16:22:56.9503772Z         Start  700: meta.MetaIdentityStore.SerializationIsDeterministic
2026-10-05T16:22:56.9570697Z 116/300 Test  #700: meta.MetaIdentityStore.SerializationIsDeterministic .....................................................................................................   Passed    0.01 sec
2026-10-05T16:22:56.9571744Z         Start  702: meta.MetaIdentityStore.DeserializeRejectsInvariantViolations
2026-10-05T16:22:56.9635700Z 117/300 Test  #702: meta.MetaIdentityStore.DeserializeRejectsInvariantViolations ............................................................................................   Passed    0.01 sec
2026-10-05T16:22:56.9637001Z         Start  705: meta.MetaTopologyStore.AuthorityAndOwnerShareTheGroupLifetime
2026-10-05T16:22:56.9723107Z 118/300 Test  #705: meta.MetaTopologyStore.AuthorityAndOwnerShareTheGroupLifetime ...........................................................................................   Passed    0.01 sec
2026-10-05T16:22:56.9724124Z         Start  711: meta.MetaTopologyStore.CreateGroupEnforcesGroupCap
2026-10-05T16:22:56.9804660Z 119/300 Test  #711: meta.MetaTopologyStore.CreateGroupEnforcesGroupCap ......................................................................................................   Passed    0.01 sec
2026-10-05T16:22:56.9805947Z         Start  716: meta.MetaTopologyStore.RemoveAndReaddRequiresANewAssignmentIdentity
2026-10-05T16:22:56.9874723Z 120/300 Test  #716: meta.MetaTopologyStore.RemoveAndReaddRequiresANewAssignmentIdentity .....................................................................................   Passed    0.01 sec
2026-10-05T16:22:56.9875820Z         Start  721: meta.MetaTopologyStore.AssignNodeEnforcesMemberCap
2026-10-05T16:22:57.0296160Z 121/300 Test  #721: meta.MetaTopologyStore.AssignNodeEnforcesMemberCap ......................................................................................................   Passed    0.04 sec
2026-10-05T16:22:57.0297260Z         Start  728: meta.MetaTopologyStore.SetSlotMapRejectsOverlap
2026-10-05T16:22:57.0364936Z 122/300 Test  #728: meta.MetaTopologyStore.SetSlotMapRejectsOverlap .........................................................................................................   Passed    0.01 sec
2026-10-05T16:22:57.0366100Z         Start  740: meta.MetaTopologyStore.SerializationIsDeterministic
2026-10-05T16:22:57.0440349Z 123/300 Test  #740: meta.MetaTopologyStore.SerializationIsDeterministic .....................................................................................................   Passed    0.01 sec
2026-10-05T16:22:57.0441529Z         Start  743: meta.MetaTopologyStore.DeserializeRejectsInvalidFailoverTransition
2026-10-05T16:22:57.0508582Z 124/300 Test  #743: meta.MetaTopologyStore.DeserializeRejectsInvalidFailoverTransition ......................................................................................   Passed    0.01 sec
2026-10-05T16:22:57.0509909Z         Start  747: meta.MetaPolicyStore.StoresTypedPoliciesAndReturnsOriginalRawBytes
2026-10-05T16:22:57.0572764Z 125/300 Test  #747: meta.MetaPolicyStore.StoresTypedPoliciesAndReturnsOriginalRawBytes ......................................................................................   Passed    0.01 sec
2026-10-05T16:22:57.0573935Z         Start  749: meta.MetaPolicyStore.AutomaticFailoverSchemaIsStrict
2026-10-05T16:22:57.0638479Z 126/300 Test  #749: meta.MetaPolicyStore.AutomaticFailoverSchemaIsStrict ....................................................................................................   Passed    0.01 sec
2026-10-05T16:22:57.0639713Z         Start  753: meta.MetaPolicyStore.PutPolicyRequiresFirstAndConsecutiveVersions
2026-10-05T16:22:57.0702399Z 127/300 Test  #753: meta.MetaPolicyStore.PutPolicyRequiresFirstAndConsecutiveVersions .......................................................................................   Passed    0.01 sec
2026-10-05T16:22:57.0703661Z         Start  762: meta.AllActivePhases/ClusterCreateSiblingFailureTest.RetiresAllStartedWorkBeforeRootAbort/0
2026-10-05T16:22:58.1659964Z 128/300 Test  #762: meta.AllActivePhases/ClusterCreateSiblingFailureTest.RetiresAllStartedWorkBeforeRootAbort/0 .............................................................   Passed    1.10 sec
2026-10-05T16:22:58.1661556Z         Start  769: meta.FullObservationAndCursor/MetaSubscriptionCaptureTest.AdvanceBetweenCaptureAndRegistration/Full  # GetParam() = 0
2026-10-05T16:22:58.1864694Z 129/300 Test  #769: meta.FullObservationAndCursor/MetaSubscriptionCaptureTest.AdvanceBetweenCaptureAndRegistration/Full  # GetParam() = 0 ...................................   Passed    0.02 sec
2026-10-05T16:22:58.1866401Z         Start  772: meta.FullObservationAndCursor/MetaSubscriptionCaptureTest.InstallBetweenCaptureAndRegistration/Full  # GetParam() = 0
2026-10-05T16:22:58.2101500Z 130/300 Test  #772: meta.FullObservationAndCursor/MetaSubscriptionCaptureTest.InstallBetweenCaptureAndRegistration/Full  # GetParam() = 0 ...................................   Passed    0.02 sec
2026-10-05T16:22:58.2102998Z         Start  781: cluster_integration.ProcessSupportTest.CreatesTemporaryDirectoriesUnderTestDataRoot
2026-10-05T16:22:58.2120215Z 131/300 Test  #781: cluster_integration.ProcessSupportTest.CreatesTemporaryDirectoriesUnderTestDataRoot .....................................................................   Passed    0.00 sec
2026-10-05T16:22:58.2121592Z         Start  782: cluster_integration.ProcessSupportTest.HoldsPortUntilExplicitRelease
2026-10-05T16:22:58.2137403Z 132/300 Test  #782: cluster_integration.ProcessSupportTest.HoldsPortUntilExplicitRelease ....................................................................................   Passed    0.00 sec
2026-10-05T16:22:58.2138761Z         Start  786: LocalSharedPtrDeathTest.RejectsForeignReleaseBeforeDecrementing
2026-10-05T16:22:58.3026115Z 133/300 Test  #786: LocalSharedPtrDeathTest.RejectsForeignReleaseBeforeDecrementing .........................................................................................   Passed    0.09 sec
2026-10-05T16:22:58.3027852Z         Start  810: ClusterAuthorityTest.PrimaryServesKeyedReadAndWriteWhenReady
2026-10-05T16:22:58.3139823Z 134/300 Test  #810: ClusterAuthorityTest.PrimaryServesKeyedReadAndWriteWhenReady ............................................................................................   Passed    0.01 sec
2026-10-05T16:22:58.3141162Z         Start  811: ClusterAuthorityTest.ControlledPauseKeepsReadsButReturnsTryAgainForWrites
2026-10-05T16:22:58.3227030Z 135/300 Test  #811: ClusterAuthorityTest.ControlledPauseKeepsReadsButReturnsTryAgainForWrites ...............................................................................   Passed    0.01 sec
2026-10-05T16:22:58.3228357Z         Start  813: ClusterAuthorityTest.UnreadyOwningGroupLoadsKeyedRequests
2026-10-05T16:22:58.3332538Z 136/300 Test  #813: ClusterAuthorityTest.UnreadyOwningGroupLoadsKeyedRequests ...............................................................................................   Passed    0.01 sec
2026-10-05T16:22:58.3334770Z         Start  815: ClusterAuthorityTest.NoKeyCommandsServeWhenReady
2026-10-05T16:22:58.3414778Z 137/300 Test  #815: ClusterAuthorityTest.NoKeyCommandsServeWhenReady ........................................................................................................   Passed    0.01 sec
2026-10-05T16:22:58.3415959Z         Start  816: ClusterAuthorityTest.UnboundFirstSlotYieldsClusterDown
2026-10-05T16:22:58.3494160Z 138/300 Test  #816: ClusterAuthorityTest.UnboundFirstSlotYieldsClusterDown ..................................................................................................   Passed    0.01 sec
2026-10-05T16:22:58.3495772Z         Start  823: ClusterAuthorityTest.FencedPrimaryReportsClusterDown
2026-10-05T16:22:58.3576002Z 139/300 Test  #823: ClusterAuthorityTest.FencedPrimaryReportsClusterDown ....................................................................................................   Passed    0.01 sec
2026-10-05T16:22:58.3578778Z         Start  826: ClusterAuthorityTest.ReplicaWriteMovesRegardlessOfReadonly
2026-10-05T16:22:58.3659825Z 140/300 Test  #826: ClusterAuthorityTest.ReplicaWriteMovesRegardlessOfReadonly ..............................................................................................   Passed    0.01 sec
2026-10-05T16:22:58.3661378Z         Start  829: ClusterAuthorityTest.AuthorityUnchangedAcrossEqualStates
2026-10-05T16:22:58.3767511Z 141/300 Test  #829: ClusterAuthorityTest.AuthorityUnchangedAcrossEqualStates ................................................................................................   Passed    0.01 sec
2026-10-05T16:22:58.3768982Z         Start  832: ClusterAuthorityTest.AuthorityUnchangedDetectsInvolvedGroupChanges
2026-10-05T16:22:58.3941844Z 142/300 Test  #832: ClusterAuthorityTest.AuthorityUnchangedDetectsInvolvedGroupChanges ......................................................................................   Passed    0.02 sec
2026-10-05T16:22:58.3944043Z         Start  837: GroupInFlightTest.AllocatesOneStripePerConfiguredWorker
2026-10-05T16:22:58.4023590Z 143/300 Test  #837: GroupInFlightTest.AllocatesOneStripePerConfiguredWorker .................................................................................................   Passed    0.01 sec
2026-10-05T16:22:58.4024657Z         Start  846: ClusterCommandTest.SubcommandErrorsMatchRedis
2026-10-05T16:22:58.4083683Z 144/300 Test  #846: ClusterCommandTest.SubcommandErrorsMatchRedis ...........................................................................................................   Passed    0.01 sec
2026-10-05T16:22:58.4084773Z         Start  848: ClusterCommandTest.MyIdIsEmptyWithoutSelf
2026-10-05T16:22:58.4145299Z 145/300 Test  #848: ClusterCommandTest.MyIdIsEmptyWithoutSelf ...............................................................................................................   Passed    0.01 sec
2026-10-05T16:22:58.4147415Z         Start  849: ClusterCommandTest.InfoReportsPinnedFieldSet
2026-10-05T16:22:58.4229685Z 146/300 Test  #849: ClusterCommandTest.InfoReportsPinnedFieldSet ............................................................................................................   Passed    0.01 sec
2026-10-05T16:22:58.4230886Z         Start  852: ClusterCommandTest.SlotsGroupsRangesByOwningGroup
2026-10-05T16:22:58.4289491Z 147/300 Test  #852: ClusterCommandTest.SlotsGroupsRangesByOwningGroup .......................................................................................................   Passed    0.01 sec
2026-10-05T16:22:58.4290490Z         Start  857: ClusterCommandTest.NodesUsesTlsPortsForTlsConnections
2026-10-05T16:22:58.4350037Z 148/300 Test  #857: ClusterCommandTest.NodesUsesTlsPortsForTlsConnections ...................................................................................................   Passed    0.01 sec
2026-10-05T16:22:58.4351085Z         Start  860: ClusterCommandTest.NodesIsEmptyWithoutState
2026-10-05T16:22:58.4410206Z 149/300 Test  #860: ClusterCommandTest.NodesIsEmptyWithoutState .............................................................................................................   Passed    0.01 sec
2026-10-05T16:22:58.4411545Z         Start  862: ClusterRequestAuthorityTest.BlockingAttemptRegistersOnlyItsConcreteMutationWindow
2026-10-05T16:22:58.4471400Z 150/300 Test  #862: ClusterRequestAuthorityTest.BlockingAttemptRegistersOnlyItsConcreteMutationWindow .......................................................................   Passed    0.01 sec
2026-10-05T16:22:58.4472731Z         Start  867: ServingStateBuilderTest.RejectsZeroInFlightStripes
2026-10-05T16:22:58.4534820Z 151/300 Test  #867: ServingStateBuilderTest.RejectsZeroInFlightStripes ......................................................................................................   Passed    0.01 sec
2026-10-05T16:22:58.4536160Z         Start  872: ServingStateBuilderTest.RejectsOutOfRangeSelfAndReplicaPrimaryIndices
2026-10-05T16:22:58.4598552Z 152/300 Test  #872: ServingStateBuilderTest.RejectsOutOfRangeSelfAndReplicaPrimaryIndices ...................................................................................   Passed    0.01 sec
2026-10-05T16:22:58.4599824Z         Start  879: ServingStateBuilderTest.AddSlotRangeToUnknownGroupIsDropped
2026-10-05T16:22:58.4659049Z 153/300 Test  #879: ServingStateBuilderTest.AddSlotRangeToUnknownGroupIsDropped .............................................................................................   Passed    0.01 sec
2026-10-05T16:22:58.4660075Z         Start  882: ServingStateTest.CoverageCompleteWhenAllSlotsBound
2026-10-05T16:22:58.4741071Z 154/300 Test  #882: ServingStateTest.CoverageCompleteWhenAllSlotsBound ......................................................................................................   Passed    0.01 sec
2026-10-05T16:22:58.4742142Z         Start  888: TopologyCacheTest.PublishSharesCellsOnlyForTokenUnchangedGroups
2026-10-05T16:22:58.4839882Z 155/300 Test  #888: TopologyCacheTest.PublishSharesCellsOnlyForTokenUnchangedGroups .........................................................................................   Passed    0.01 sec
2026-10-05T16:22:58.4840960Z         Start  895: TopologyCacheTest.CachedReaderTracksVersionAndSnapshot
2026-10-05T16:22:58.4937865Z 156/300 Test  #895: TopologyCacheTest.CachedReaderTracksVersionAndSnapshot ..................................................................................................   Passed    0.01 sec
2026-10-05T16:22:58.4938859Z         Start  902: ClusterRouterTest.EndpointFormatsHostAndPort
2026-10-05T16:22:58.4998271Z 157/300 Test  #902: ClusterRouterTest.EndpointFormatsHostAndPort ............................................................................................................   Passed    0.01 sec
2026-10-05T16:22:58.4999408Z         Start  909: RedisConfigTest.AppliesSupportedDirectives
2026-10-05T16:22:58.5057600Z 158/300 Test  #909: RedisConfigTest.AppliesSupportedDirectives ..............................................................................................................   Passed    0.01 sec
2026-10-05T16:22:58.5058897Z         Start  911: RedisConfigTest.RejectsInvalidLoggingConfiguration
2026-10-05T16:22:58.5118202Z 159/300 Test  #911: RedisConfigTest.RejectsInvalidLoggingConfiguration ......................................................................................................   Passed    0.01 sec
2026-10-05T16:22:58.5119308Z         Start  915: RedisConfigTest.RemovedModeDirectivesAreRejected
2026-10-05T16:22:58.5178114Z 160/300 Test  #915: RedisConfigTest.RemovedModeDirectivesAreRejected ........................................................................................................   Passed    0.01 sec
2026-10-05T16:22:58.5179049Z         Start  920: RedisConfigTest.ParsesRedisPsyncFollower
2026-10-05T16:22:58.5238265Z 161/300 Test  #920: RedisConfigTest.ParsesRedisPsyncFollower ................................................................................................................   Passed    0.01 sec
2026-10-05T16:22:58.5239282Z         Start  932: RedisConfigTest.MetaControlMtlsRequiresCompleteClientIdentity
2026-10-05T16:22:58.5298939Z 162/300 Test  #932: RedisConfigTest.MetaControlMtlsRequiresCompleteClientIdentity ...........................................................................................   Passed    0.01 sec
2026-10-05T16:22:58.5300005Z         Start  936: RedisConfigTest.ValidatesClusterAnnouncePortResolution
2026-10-05T16:22:58.5357800Z 163/300 Test  #936: RedisConfigTest.ValidatesClusterAnnouncePortResolution ..................................................................................................   Passed    0.01 sec
2026-10-05T16:22:58.5359155Z         Start  945: ControlProtocolCodecTest.MaximumCandidateProgressStillFitsOneFrame
2026-10-05T16:22:58.5419804Z 164/300 Test  #945: ControlProtocolCodecTest.MaximumCandidateProgressStillFitsOneFrame ......................................................................................   Passed    0.01 sec
2026-10-05T16:22:58.5421061Z         Start  951: ControlProtocolCodecTest.RoundTripsSourceLessPopulationInitialization
2026-10-05T16:22:58.5480579Z 165/300 Test  #951: ControlProtocolCodecTest.RoundTripsSourceLessPopulationInitialization ...................................................................................   Passed    0.01 sec
2026-10-05T16:22:58.5481920Z         Start  953: ControlProtocolCodecTest.BootstrapRequiresReportedAndInstalledCapabilities
2026-10-05T16:22:58.5539371Z 166/300 Test  #953: ControlProtocolCodecTest.BootstrapRequiresReportedAndInstalledCapabilities ..............................................................................   Passed    0.01 sec
2026-10-05T16:22:58.5540793Z         Start  958: ControlProtocolFullStateTest.RoundTripsTypedFailoverStateAndComparesItsSemantics
2026-10-05T16:22:58.5599945Z 167/300 Test  #958: ControlProtocolFullStateTest.RoundTripsTypedFailoverStateAndComparesItsSemantics ........................................................................   Passed    0.01 sec
2026-10-05T16:22:58.5601370Z         Start  963: ControlProtocolFullStateTest.FrameSizedProjectionRoundTripsAsTypedMessage
2026-10-05T16:22:58.5660189Z 168/300 Test  #963: ControlProtocolFullStateTest.FrameSizedProjectionRoundTripsAsTypedMessage ...............................................................................   Passed    0.01 sec
2026-10-05T16:22:58.5661653Z         Start  968: ControlProtocolTransferTest.NamedSupersessionAbortResetsOnlyItsExactActiveObject
2026-10-05T16:22:58.5719734Z 169/300 Test  #968: ControlProtocolTransferTest.NamedSupersessionAbortResetsOnlyItsExactActiveObject ........................................................................   Passed    0.01 sec
2026-10-05T16:22:58.5720906Z         Start  977: ControlWriteQueueTest.RejectsMessageThatRequiresObjectTransfer
2026-10-05T16:22:58.5779702Z 170/300 Test  #977: ControlWriteQueueTest.RejectsMessageThatRequiresObjectTransfer ..........................................................................................   Passed    0.01 sec
2026-10-05T16:22:58.5781136Z         Start  983: ControlSessionWriterTest.OversizedSingleFrameFailsWithoutPoisoningWriter
2026-10-05T16:22:58.5855433Z 171/300 Test  #983: ControlSessionWriterTest.OversizedSingleFrameFailsWithoutPoisoningWriter ................................................................................   Passed    0.01 sec
2026-10-05T16:22:58.5856603Z         Start  994: CrossWorkerMutexTest.SuspendsOnlyTheContendingCoroutine
2026-10-05T16:22:58.5942840Z 172/300 Test  #994: CrossWorkerMutexTest.SuspendsOnlyTheContendingCoroutine .................................................................................................   Passed    0.01 sec
2026-10-05T16:22:58.5943859Z         Start 1001: ForeignExecutorTest.RejectsInvalidRuntimeAndWorker
2026-10-05T16:22:58.6016898Z 173/300 Test #1001: ForeignExecutorTest.RejectsInvalidRuntimeAndWorker ......................................................................................................   Passed    0.01 sec
2026-10-05T16:22:58.6017936Z         Start 1003: HashGroupEdits.NxNoopsRepeatedRemovalAndEmptyLeaf
2026-10-05T16:22:58.6077109Z 174/300 Test #1003: HashGroupEdits.NxNoopsRepeatedRemovalAndEmptyLeaf .......................................................................................................   Passed    0.01 sec
2026-10-05T16:22:58.6078256Z         Start 1014: GroupedHashTest.DirectoryReplacementAndSplitPreserveSnapshotsAndCoverage
2026-10-05T16:22:58.6142513Z 175/300 Test #1014: GroupedHashTest.DirectoryReplacementAndSplitPreserveSnapshotsAndCoverage ................................................................................   Passed    0.01 sec
2026-10-05T16:22:58.6144337Z         Start 1019: GroupedHashTest.BorrowedVisitorChecksUnrelatedRouteAndPropagatesFailure
2026-10-05T16:22:58.6199263Z 176/300 Test #1019: GroupedHashTest.BorrowedVisitorChecksUnrelatedRouteAndPropagatesFailure .................................................................................   Passed    0.01 sec
2026-10-05T16:22:58.6200977Z         Start 1024: GroupedHashTest.LargeIndivisibleFieldDoesNotCauseRecursiveExplosion
2026-10-05T16:22:58.6265310Z 177/300 Test #1024: GroupedHashTest.LargeIndivisibleFieldDoesNotCauseRecursiveExplosion .....................................................................................   Passed    0.01 sec
2026-10-05T16:22:58.6266803Z         Start 1027: GroupedHashTest.StreamingEncoderDistinguishesEmptySpansFromEnd
2026-10-05T16:22:58.6327127Z 178/300 Test #1027: GroupedHashTest.StreamingEncoderDistinguishesEmptySpansFromEnd ..........................................................................................   Passed    0.01 sec
2026-10-05T16:22:58.6328392Z         Start 1037: GroupedHashTest.RelocationUsesLsnOnlyWithinTheSameLogicalVersion
2026-10-05T16:22:58.6386439Z 179/300 Test #1037: GroupedHashTest.RelocationUsesLsnOnlyWithinTheSameLogicalVersion ........................................................................................   Passed    0.01 sec
2026-10-05T16:22:58.6387845Z         Start 1041: GroupedHashTest.NoopAndSetIfAbsentDoNotRewriteGroups
2026-10-05T16:22:58.6450200Z 180/300 Test #1041: GroupedHashTest.NoopAndSetIfAbsentDoNotRewriteGroups ....................................................................................................   Passed    0.01 sec
2026-10-05T16:22:58.6451755Z         Start 1043: GroupedHashTest.RandomizedPartialWritesRecoverAgainstReferenceHash
2026-10-05T16:23:01.4595427Z 181/300 Test #1043: GroupedHashTest.RandomizedPartialWritesRecoverAgainstReferenceHash ......................................................................................   Passed    2.81 sec
2026-10-05T16:23:01.4596940Z         Start 1044: HashLookupMemoryTest.OwnsValueAndReleasesChargeAfterMove
2026-10-05T16:23:01.4660690Z 182/300 Test #1044: HashLookupMemoryTest.OwnsValueAndReleasesChargeAfterMove ................................................................................................   Passed    0.01 sec
2026-10-05T16:23:01.4661826Z         Start 1058: GroupedCollectionTest.SortedSetRebalanceFallbackDoesNotMutatePages
2026-10-05T16:23:01.4723355Z 183/300 Test #1058: GroupedCollectionTest.SortedSetRebalanceFallbackDoesNotMutatePages ......................................................................................   Passed    0.01 sec
2026-10-05T16:23:01.4724602Z         Start 1063: GroupedCollectionTest.CodecsRejectTruncationReservedBitsAndInvalidIdentity
2026-10-05T16:23:01.4785218Z 184/300 Test #1063: GroupedCollectionTest.CodecsRejectTruncationReservedBitsAndInvalidIdentity ..............................................................................   Passed    0.01 sec
2026-10-05T16:23:01.4786725Z         Start 1065: GroupedCollectionTest.ExtentEncoderBorrowsOversizedItemAndPreservesEmptyItem
2026-10-05T16:23:01.4985643Z 185/300 Test #1065: GroupedCollectionTest.ExtentEncoderBorrowsOversizedItemAndPreservesEmptyItem ............................................................................   Passed    0.02 sec
2026-10-05T16:23:01.4987141Z         Start 1068: GroupedCollectionTest.SparseSameTopologyUpdateMatchesFullRecovery
2026-10-05T16:23:01.5073458Z 186/300 Test #1068: GroupedCollectionTest.SparseSameTopologyUpdateMatchesFullRecovery .......................................................................................   Passed    0.01 sec
2026-10-05T16:23:01.5074952Z         Start 1080: GroupedCollectionTest.StructuralUpdatesMatchRecoveryAcrossSplices
2026-10-05T16:23:01.5999201Z 187/300 Test #1080: GroupedCollectionTest.StructuralUpdatesMatchRecoveryAcrossSplices .......................................................................................   Passed    0.09 sec
2026-10-05T16:23:01.6000863Z         Start 1083: GroupedCollectionTest.StreamTailAppendRejectsBrokenLinksAndKeepsGeneralOrder
2026-10-05T16:23:01.6074779Z 188/300 Test #1083: GroupedCollectionTest.StreamTailAppendRejectsBrokenLinksAndKeepsGeneralOrder ............................................................................   Passed    0.01 sec
2026-10-05T16:23:01.6076275Z         Start 1089: GroupedCollectionTest.RecoveryRejectsInvalidAndNonMonotoneScoreBounds
2026-10-05T16:23:01.6142593Z 189/300 Test #1089: GroupedCollectionTest.RecoveryRejectsInvalidAndNonMonotoneScoreBounds ...................................................................................   Passed    0.01 sec
2026-10-05T16:23:01.6143768Z         Start 1095: OrderedCompactCodecTest.SortedScoresRetainInfinityAndNegativeZero
2026-10-05T16:23:01.6202513Z 190/300 Test #1095: OrderedCompactCodecTest.SortedScoresRetainInfinityAndNegativeZero .......................................................................................   Passed    0.01 sec
2026-10-05T16:23:01.6203526Z         Start 1096: OrderedCompactCodecTest.BoundsAndFramingFailClosed
2026-10-05T16:23:01.6264185Z 191/300 Test #1096: OrderedCompactCodecTest.BoundsAndFramingFailClosed ......................................................................................................   Passed    0.01 sec
2026-10-05T16:23:01.6265325Z         Start 1102: CollectionIngestBudget.LargeStringsMoveButSortedSetMembersAreCopied
2026-10-05T16:23:01.6324903Z 192/300 Test #1102: CollectionIngestBudget.LargeStringsMoveButSortedSetMembersAreCopied .....................................................................................   Passed    0.01 sec
2026-10-05T16:23:01.6326113Z         Start 1105: CollectionCompactStream.StringSegmentsEmitRawBytesWithoutFraming
2026-10-05T16:23:01.6386327Z 193/300 Test #1105: CollectionCompactStream.StringSegmentsEmitRawBytesWithoutFraming ........................................................................................   Passed    0.01 sec
2026-10-05T16:23:01.6387683Z         Start 1106: CollectionCompactStream.EncoderIsByteCompatibleWithEveryLegacyType
2026-10-05T16:23:01.6448065Z 194/300 Test #1106: CollectionCompactStream.EncoderIsByteCompatibleWithEveryLegacyType ......................................................................................   Passed    0.01 sec
2026-10-05T16:23:01.6449201Z         Start 1108: CollectionCompactStream.OneByteInputAndEveryTruncatedEofAreChecked
2026-10-05T16:23:01.6525795Z 195/300 Test #1108: CollectionCompactStream.OneByteInputAndEveryTruncatedEofAreChecked ......................................................................................   Passed    0.01 sec
2026-10-05T16:23:01.6527260Z         Start 1116: CollectionCompactStream.AggregateEncodingExceedsOneGibWithoutWholeValueBuffer
2026-10-05T16:23:01.7720737Z 196/300 Test #1116: CollectionCompactStream.AggregateEncodingExceedsOneGibWithoutWholeValueBuffer ...........................................................................   Passed    0.12 sec
2026-10-05T16:23:01.7722536Z         Start 1124: GroupedOrderedObjectTest.MetadataOnlyUpdateSharesRoutingNodesAndPhysicalPages
2026-10-05T16:23:01.7797803Z 197/300 Test #1124: GroupedOrderedObjectTest.MetadataOnlyUpdateSharesRoutingNodesAndPhysicalPages ...........................................................................   Passed    0.01 sec
2026-10-05T16:23:01.7799139Z         Start 1128: RecordPayloadCursorTest.StreamsEmptySpansAndExternalKeyPrefix
2026-10-05T16:23:01.7858278Z 198/300 Test #1128: RecordPayloadCursorTest.StreamsEmptySpansAndExternalKeyPrefix ...........................................................................................   Passed    0.01 sec
2026-10-05T16:23:01.7865499Z         Start 1132: RecordPayloadCursorTest.ConsumesBorrowedHashFramingAcrossExtentBoundary
2026-10-05T16:23:01.8011018Z 199/300 Test #1132: RecordPayloadCursorTest.ConsumesBorrowedHashFramingAcrossExtentBoundary .................................................................................   Passed    0.01 sec
2026-10-05T16:23:01.8012500Z         Start 1135: GroupedObjectIndexTest.PublishOomPreservesExistingKeyAndCanBeRetried
2026-10-05T16:23:01.8148494Z 200/300 Test #1135: GroupedObjectIndexTest.PublishOomPreservesExistingKeyAndCanBeRetried ....................................................................................   Passed    0.01 sec
2026-10-05T16:23:01.8149630Z         Start 1147: GroupedObjectIndexTest.StaleUndoClearCannotRemoveCurrentView
2026-10-05T16:23:01.8276865Z 201/300 Test #1147: GroupedObjectIndexTest.StaleUndoClearCannotRemoveCurrentView ............................................................................................   Passed    0.01 sec
2026-10-05T16:23:01.8278315Z         Start 1154: GroupedObjectIndexTest.RetainedMetadataIsReleasedWithLastHandle
2026-10-05T16:23:01.8399528Z 202/300 Test #1154: GroupedObjectIndexTest.RetainedMetadataIsReleasedWithLastHandle .........................................................................................   Passed    0.01 sec
2026-10-05T16:23:01.8400994Z         Start 1162: GroupedObjectIndexTest.IncrementalMetadataOomLeavesPublishedObjectIntact
2026-10-05T16:23:01.8480433Z 203/300 Test #1162: GroupedObjectIndexTest.IncrementalMetadataOomLeavesPublishedObjectIntact ................................................................................   Passed    0.01 sec
2026-10-05T16:23:01.8481885Z         Start 1163: GroupedObjectIndexTest.DirectoryIncrementalValidationRejectsPartialSplits
2026-10-05T16:23:01.8543968Z 204/300 Test #1163: GroupedObjectIndexTest.DirectoryIncrementalValidationRejectsPartialSplits ...............................................................................   Passed    0.01 sec
2026-10-05T16:23:01.8545430Z         Start 1170: GroupedObjectIndexTest.MetadataOnlyUpdateSharesHashRoutingNodesAndPhysicalPages
2026-10-05T16:23:01.8623693Z 205/300 Test #1170: GroupedObjectIndexTest.MetadataOnlyUpdateSharesHashRoutingNodesAndPhysicalPages .........................................................................   Passed    0.01 sec
2026-10-05T16:23:01.8624934Z         Start 1171: GroupedMetadataArrayTest.SparseUpdatesPreserveSnapshotsAcrossTreeLevels
2026-10-05T16:23:01.8720400Z 206/300 Test #1171: GroupedMetadataArrayTest.SparseUpdatesPreserveSnapshotsAcrossTreeLevels .................................................................................   Passed    0.01 sec
2026-10-05T16:23:01.8722861Z         Start 1176: GroupedScratchBudgetTest.RejectsOverflowAndMissingExtentMetadata
2026-10-05T16:23:01.8781690Z 207/300 Test #1176: GroupedScratchBudgetTest.RejectsOverflowAndMissingExtentMetadata ........................................................................................   Passed    0.01 sec
2026-10-05T16:23:01.8782794Z         Start 1186: LocalSharedPtrTest.SharedSubtreesOutliveEitherRoot
2026-10-05T16:23:01.8841228Z 208/300 Test #1186: LocalSharedPtrTest.SharedSubtreesOutliveEitherRoot ......................................................................................................   Passed    0.01 sec
2026-10-05T16:23:01.8842342Z         Start 1192: LoggingTest.NormalShutdownFlushesInfoMessages
2026-10-05T16:23:01.8904786Z 209/300 Test #1192: LoggingTest.NormalShutdownFlushesInfoMessages ...........................................................................................................   Passed    0.01 sec
2026-10-05T16:23:01.8905857Z         Start 1200: MemoryTest.CrossWorkerRetainedReleaseReturnsBytesToExplicitOrigin
2026-10-05T16:23:01.8967671Z 210/300 Test #1200: MemoryTest.CrossWorkerRetainedReleaseReturnsBytesToExplicitOrigin .......................................................................................   Passed    0.01 sec
2026-10-05T16:23:01.8968894Z         Start 1201: MemoryTest.WorkerSnapshotsMatchAdmissionShares
2026-10-05T16:23:01.9028087Z 211/300 Test #1201: MemoryTest.WorkerSnapshotsMatchAdmissionShares ..........................................................................................................   Passed    0.01 sec
2026-10-05T16:23:01.9029247Z         Start 1205: MetaControlMapperTest.LocalEndpointChangeAdvancesOnlyRelevantControl
2026-10-05T16:23:01.9101244Z 212/300 Test #1205: MetaControlMapperTest.LocalEndpointChangeAdvancesOnlyRelevantControl ....................................................................................   Passed    0.01 sec
2026-10-05T16:23:01.9102558Z         Start 1213: MetaControlMapperTest.RejectsOwnerAssignmentMismatch
2026-10-05T16:23:01.9173087Z 213/300 Test #1213: MetaControlMapperTest.RejectsOwnerAssignmentMismatch ....................................................................................................   Passed    0.01 sec
2026-10-05T16:23:01.9174161Z         Start 1219: MetaControlIdentityTest.RequiresExactlyOneMatchingUriSan
2026-10-05T16:23:01.9234555Z 214/300 Test #1219: MetaControlIdentityTest.RequiresExactlyOneMatchingUriSan ................................................................................................   Passed    0.01 sec
2026-10-05T16:23:01.9235721Z         Start 1227: MetaEndpointDirectoryTest.FullStateRefreshPreservesOnlyLiveLeaderHint
2026-10-05T16:23:01.9296188Z 215/300 Test #1227: MetaEndpointDirectoryTest.FullStateRefreshPreservesOnlyLiveLeaderHint ...................................................................................   Passed    0.01 sec
2026-10-05T16:23:01.9297464Z         Start 1229: MetaLeaseChallengeRotationTest.VisitsEveryLocallyOwnedActiveGrant
2026-10-05T16:23:01.9357758Z 216/300 Test #1229: MetaLeaseChallengeRotationTest.VisitsEveryLocallyOwnedActiveGrant .......................................................................................   Passed    0.01 sec
2026-10-05T16:23:01.9359288Z         Start 1240: MetaFailoverControlAdapterTest.RecoveryDirectoryUsesCurrentFdsMembersAndTransport
2026-10-05T16:23:01.9419842Z 217/300 Test #1240: MetaFailoverControlAdapterTest.RecoveryDirectoryUsesCurrentFdsMembersAndTransport .......................................................................   Passed    0.01 sec
2026-10-05T16:23:01.9421105Z         Start 1244: MetaFailoverHeartbeatTest.ProjectsOnlyAnExactStableSourcePause
2026-10-05T16:23:01.9480177Z 218/300 Test #1244: MetaFailoverHeartbeatTest.ProjectsOnlyAnExactStableSourcePause ..........................................................................................   Passed    0.01 sec
2026-10-05T16:23:01.9481637Z         Start 1260: NodeControlInstallerTest.SessionLossDuringPromotionActivationFailsFinalRecheckWithoutLease
2026-10-05T16:23:01.9572393Z 219/300 Test #1260: NodeControlInstallerTest.SessionLossDuringPromotionActivationFailsFinalRecheckWithoutLease ..............................................................   Passed    0.01 sec
2026-10-05T16:23:01.9573877Z         Start 1263: NodeControlInstallerTest.ObservedExpiryDuringSourceAdmissionEnableFailsClosed
2026-10-05T16:23:01.9663635Z 220/300 Test #1263: NodeControlInstallerTest.ObservedExpiryDuringSourceAdmissionEnableFailsClosed ...........................................................................   Passed    0.01 sec
2026-10-05T16:23:01.9665181Z         Start 1264: NodeControlInstallerTest.GrantExpiringDuringPromotionActivationNeverEnablesExpirationOrLease
2026-10-05T16:23:01.9956391Z 221/300 Test #1264: NodeControlInstallerTest.GrantExpiringDuringPromotionActivationNeverEnablesExpirationOrLease ............................................................   Passed    0.03 sec
2026-10-05T16:23:01.9957999Z         Start 1269: NodeControlInstallerTest.RejectsLeaseLongerThanFdsResolvedDurationWithBothDurations
2026-10-05T16:23:02.0048662Z 222/300 Test #1269: NodeControlInstallerTest.RejectsLeaseLongerThanFdsResolvedDurationWithBothDurations .....................................................................   Passed    0.01 sec
2026-10-05T16:23:02.0050055Z         Start 1275: NodeControlInstallerTest.ShorterFdsLeaseCeilingPreservesOldDeadlineAndBoundsRenewal
2026-10-05T16:23:02.0157244Z 223/300 Test #1275: NodeControlInstallerTest.ShorterFdsLeaseCeilingPreservesOldDeadlineAndBoundsRenewal .....................................................................   Passed    0.01 sec
2026-10-05T16:23:02.0158886Z         Start 1277: NodeControlInstallerTest.SameAuthorityRenewalExtendsDeadlineWithoutInvalidatingAdmission
2026-10-05T16:23:02.0244421Z 224/300 Test #1277: NodeControlInstallerTest.SameAuthorityRenewalExtendsDeadlineWithoutInvalidatingAdmission ................................................................   Passed    0.01 sec
2026-10-05T16:23:02.0246382Z         Start 1281: NodeControlInstallerTest.FenceInvalidatesBeforePublishingAndRejectsOldAuthorityForThisBoot
2026-10-05T16:23:02.0354083Z 225/300 Test #1281: NodeControlInstallerTest.FenceInvalidatesBeforePublishingAndRejectsOldAuthorityForThisBoot ..............................................................   Passed    0.01 sec
2026-10-05T16:23:02.0355423Z         Start 1283: NodeControlInstallerTest.AsyncFenceSuspendsWorkerCoroutineUntilRetiredCounterReachesZero
2026-10-05T16:23:02.0476702Z 226/300 Test #1283: NodeControlInstallerTest.AsyncFenceSuspendsWorkerCoroutineUntilRetiredCounterReachesZero ................................................................   Passed    0.01 sec
2026-10-05T16:23:02.0478638Z         Start 1286: NodeControlInstallerTest.StorageLossWaitsForAdmissionCancelsTargetAndLatchesFailure
2026-10-05T16:23:02.0613260Z 227/300 Test #1286: NodeControlInstallerTest.StorageLossWaitsForAdmissionCancelsTargetAndLatchesFailure .....................................................................   Passed    0.01 sec
2026-10-05T16:23:02.0614786Z         Start 1293: NodeControlInstallerTest.DirectiveCapableAdapterRejectsSynchronousFenceAndSessionCleanup
2026-10-05T16:23:02.0702052Z 228/300 Test #1293: NodeControlInstallerTest.DirectiveCapableAdapterRejectsSynchronousFenceAndSessionCleanup ................................................................   Passed    0.01 sec
2026-10-05T16:23:02.0703362Z         Start 1312: RespParserTest.ParsingDoesNotConsumeMaxmemoryAdmission
2026-10-05T16:23:02.0764281Z 229/300 Test #1312: RespParserTest.ParsingDoesNotConsumeMaxmemoryAdmission ..................................................................................................   Passed    0.01 sec
2026-10-05T16:23:02.0765560Z         Start 1316: RespParserTest.AppliesLowerRuntimeLimitToIncompleteCommand
2026-10-05T16:23:02.0825458Z 230/300 Test #1316: RespParserTest.AppliesLowerRuntimeLimitToIncompleteCommand ..............................................................................................   Passed    0.01 sec
2026-10-05T16:23:02.0828899Z         Start 1333: ClusterErrorTest.MessageBuildersMatchBuilderForms
2026-10-05T16:23:02.0886938Z 231/300 Test #1333: ClusterErrorTest.MessageBuildersMatchBuilderForms .......................................................................................................   Passed    0.01 sec
2026-10-05T16:23:02.0888026Z         Start 1340: ScanHashMapTest.CandidatePredicateExceptionLeavesEntriesUsable
2026-10-05T16:23:02.0995322Z 232/300 Test #1340: ScanHashMapTest.CandidatePredicateExceptionLeavesEntriesUsable ..........................................................................................   Passed    0.01 sec
2026-10-05T16:23:02.0997469Z         Start 1342: ScanHashMapTest.ShrinkingPreservesEveryCursorPosition
2026-10-05T16:23:02.1287133Z 233/300 Test #1342: ScanHashMapTest.ShrinkingPreservesEveryCursorPosition ...................................................................................................   Passed    0.03 sec
2026-10-05T16:23:02.1288172Z         Start 1351: ScanHashMapTest.KnownEmptyPopulationAllocatesNothing
2026-10-05T16:23:02.1350099Z 234/300 Test #1351: ScanHashMapTest.KnownEmptyPopulationAllocatesNothing ....................................................................................................   Passed    0.01 sec
2026-10-05T16:23:02.1352072Z         Start 1358: ScanHashMapTest.ExternalKeyStoresOnlyDigestAndLogicalLength
2026-10-05T16:23:02.1457410Z 235/300 Test #1358: ScanHashMapTest.ExternalKeyStoresOnlyDigestAndLogicalLength .............................................................................................   Passed    0.01 sec
2026-10-05T16:23:02.1458653Z         Start 1361: ScanHashMapTest.SaturatedAddressSpaceUsesBucketChains
2026-10-05T16:23:02.1587177Z 236/300 Test #1361: ScanHashMapTest.SaturatedAddressSpaceUsesBucketChains ...................................................................................................   Passed    0.01 sec
2026-10-05T16:23:02.1588543Z         Start 1371: SourceAuthorizationLedgerTest.SessionCleanupAllowsCurrentRevisionReplayWithoutErasingARevokeFloor
2026-10-05T16:23:02.1649010Z 237/300 Test #1371: SourceAuthorizationLedgerTest.SessionCleanupAllowsCurrentRevisionReplayWithoutErasingARevokeFloor .......................................................   Passed    0.01 sec
2026-10-05T16:23:02.1650421Z         Start 1376: SourceAuthorizationLedgerTest.LeaseGateSuspendsAdmissionWithoutLosingCurrentFdsCapability
2026-10-05T16:23:02.1711708Z 238/300 Test #1376: SourceAuthorizationLedgerTest.LeaseGateSuspendsAdmissionWithoutLosingCurrentFdsCapability ...............................................................   Passed    0.01 sec
2026-10-05T16:23:02.1713675Z         Start 1382: CommandTableTest.ResolvesStreamReadMovableKeys
2026-10-05T16:23:02.1992899Z 239/300 Test #1382: CommandTableTest.ResolvesStreamReadMovableKeys ..........................................................................................................   Passed    0.03 sec
2026-10-05T16:23:02.1993916Z         Start 1384: CommandTableTest.AcceptsExtendedPendingIdleForm
2026-10-05T16:23:02.2053740Z 240/300 Test #1384: CommandTableTest.AcceptsExtendedPendingIdleForm .........................................................................................................   Passed    0.01 sec
2026-10-05T16:23:02.2054895Z         Start 1388: CommandTableTest.ResolvesMovableListPopKeys
2026-10-05T16:23:02.2228514Z 241/300 Test #1388: CommandTableTest.ResolvesMovableListPopKeys .............................................................................................................   Passed    0.02 sec
2026-10-05T16:23:02.2229621Z         Start 1392: CommandTableTest.RedisGlobMatchesValkeyReference
2026-10-05T16:23:02.3612305Z 242/300 Test #1392: CommandTableTest.RedisGlobMatchesValkeyReference ........................................................................................................   Passed    0.14 sec
2026-10-05T16:23:02.3614856Z         Start 1400: RandomSampleTest.FloydSelectionReturnsRequestedDistinctRanks
2026-10-05T16:23:02.3678108Z 243/300 Test #1400: RandomSampleTest.FloydSelectionReturnsRequestedDistinctRanks ............................................................................................   Passed    0.01 sec
2026-10-05T16:23:02.3679232Z         Start 1404: RdbTest.AcceptsRedisDumpVersionsOneThroughEleven
2026-10-05T16:23:02.3741387Z 244/300 Test #1404: RdbTest.AcceptsRedisDumpVersionsOneThroughEleven ........................................................................................................   Passed    0.01 sec
2026-10-05T16:23:02.3742410Z         Start 1410: RdbTest.LzfCannotReadPastItsDeclaredCompressedLength
2026-10-05T16:23:02.3814511Z 245/300 Test #1410: RdbTest.LzfCannotReadPastItsDeclaredCompressedLength ....................................................................................................   Passed    0.01 sec
2026-10-05T16:23:02.3815517Z         Start 1417: RdbTest.RejectsCorruptAndUnsupportedCompleteFiles
2026-10-05T16:23:02.3886700Z 246/300 Test #1417: RdbTest.RejectsCorruptAndUnsupportedCompleteFiles .......................................................................................................   Passed    0.01 sec
2026-10-05T16:23:02.3887735Z         Start 1427: RdbCollectionTest.PageRetentionMovesWithOutputLifetime
2026-10-05T16:23:02.3952771Z 247/300 Test #1427: RdbCollectionTest.PageRetentionMovesWithOutputLifetime ..................................................................................................   Passed    0.01 sec
2026-10-05T16:23:02.3954851Z         Start 1431: RdbCollectionImportTest.QuicklistDrainsNodesWithoutAnAggregateString
2026-10-05T16:23:02.4028033Z 248/300 Test #1431: RdbCollectionImportTest.QuicklistDrainsNodesWithoutAnAggregateString ....................................................................................   Passed    0.01 sec
2026-10-05T16:23:02.4029206Z         Start 1436: RecordLocationTest.PackedMetadataKeepsValueTypeAndMutableFlags
2026-10-05T16:23:02.4088981Z 249/300 Test #1436: RecordLocationTest.PackedMetadataKeepsValueTypeAndMutableFlags ..........................................................................................   Passed    0.01 sec
2026-10-05T16:23:02.4090272Z         Start 1446: RequestGateTest.CloseRejectsNewEntriesAndWaitsForEveryWorker
2026-10-05T16:23:02.4151722Z 250/300 Test #1446: RequestGateTest.CloseRejectsNewEntriesAndWaitsForEveryWorker ............................................................................................   Passed    0.01 sec
2026-10-05T16:23:02.4152972Z         Start 1454: ReplicationCommandTest.MalformedPublishEnvelopesCannotBypassPartitionReset
2026-10-05T16:23:02.4214603Z 251/300 Test #1454: ReplicationCommandTest.MalformedPublishEnvelopesCannotBypassPartitionReset ..............................................................................   Passed    0.01 sec
2026-10-05T16:23:02.4215914Z         Start 1456: ReplicationCommandTest.TransactionReservationCoversMaterializedPrefix
2026-10-05T16:23:02.4276586Z 252/300 Test #1456: ReplicationCommandTest.TransactionReservationCoversMaterializedPrefix ...................................................................................   Passed    0.01 sec
2026-10-05T16:23:02.4277805Z         Start 1468: ReplicationGroupTest.RejectsASecondGroupAssignmentForTheSameNode
2026-10-05T16:23:02.4424158Z 253/300 Test #1468: ReplicationGroupTest.RejectsASecondGroupAssignmentForTheSameNode ........................................................................................   Passed    0.01 sec
2026-10-05T16:23:02.4425375Z         Start 1481: ReplicationGroupTest.RequiresResetAndEpochMatchingHandoffForEveryPhysicalPartition
2026-10-05T16:23:02.4628485Z 254/300 Test #1481: ReplicationGroupTest.RequiresResetAndEpochMatchingHandoffForEveryPhysicalPartition ......................................................................   Passed    0.02 sec
2026-10-05T16:23:02.4630038Z         Start 1483: ReplicationGroupTest.FailureLatchPreventsEveryLaterAttempt
2026-10-05T16:23:02.4775877Z 255/300 Test #1483: ReplicationGroupTest.FailureLatchPreventsEveryLaterAttempt ..............................................................................................   Passed    0.01 sec
2026-10-05T16:23:02.4777259Z         Start 1484: ReplicationHistoryTest.EffectManifestIsCompleteAndDoesNotPinEvictedPayload
2026-10-05T16:23:02.4842670Z 256/300 Test #1484: ReplicationHistoryTest.EffectManifestIsCompleteAndDoesNotPinEvictedPayload ..............................................................................   Passed    0.01 sec
2026-10-05T16:23:02.4845875Z         Start 1489: ReplicationHistoryTest.RolloverWithdrawsEveryParticipantOfAnEffect
2026-10-05T16:23:02.4912391Z 257/300 Test #1489: ReplicationHistoryTest.RolloverWithdrawsEveryParticipantOfAnEffect ......................................................................................   Passed    0.01 sec
2026-10-05T16:23:02.4918359Z         Start 1493: NativeRecoveryTest.EnvelopeAndAppliedRemainDistinctWhenDonorCoverageDisappears
2026-10-05T16:23:02.4978751Z 258/300 Test #1493: NativeRecoveryTest.EnvelopeAndAppliedRemainDistinctWhenDonorCoverageDisappears ..........................................................................   Passed    0.01 sec
2026-10-05T16:23:02.4980163Z         Start 1496: NativeReplayTest.IncompleteTransactionNeverPublishesAndWholeEffectDeduplicates
2026-10-05T16:23:02.5048665Z 259/300 Test #1496: NativeReplayTest.IncompleteTransactionNeverPublishesAndWholeEffectDeduplicates ..........................................................................   Passed    0.01 sec
2026-10-05T16:23:02.5051479Z         Start 1508: ReplicaAppliedFrontierTest.SnapshotNeverAcceptsHalfPublishedBatch
2026-10-05T16:23:02.5113536Z 260/300 Test #1508: ReplicaAppliedFrontierTest.SnapshotNeverAcceptsHalfPublishedBatch .......................................................................................   Passed    0.01 sec
2026-10-05T16:23:02.5114850Z         Start 1511: ReplicaAppliedFrontierTest.DiagnosticOffsetRemainsAvailableDuringBatch
2026-10-05T16:23:02.5176596Z 261/300 Test #1511: ReplicaAppliedFrontierTest.DiagnosticOffsetRemainsAvailableDuringBatch ..................................................................................   Passed    0.01 sec
2026-10-05T16:23:02.5177764Z         Start 1518: RingBufferTest.PreservesFifoAcrossWrapAndResize
2026-10-05T16:23:02.5239505Z 262/300 Test #1518: RingBufferTest.PreservesFifoAcrossWrapAndResize .........................................................................................................   Passed    0.01 sec
2026-10-05T16:23:02.5240434Z         Start 1524: TxLockTest.IntentAndHoldCompatibility
2026-10-05T16:23:02.5302002Z 263/300 Test #1524: TxLockTest.IntentAndHoldCompatibility ...................................................................................................................   Passed    0.01 sec
2026-10-05T16:23:02.5302964Z         Start 1528: StorageFormatTest.ComputesStableProcessLocalDigests
2026-10-05T16:23:02.5364650Z 264/300 Test #1528: StorageFormatTest.ComputesStableProcessLocalDigests .....................................................................................................   Passed    0.01 sec
2026-10-05T16:23:02.5365743Z         Start 1529: StorageFormatTest.GroupIdentitySurvivesInlineAndExtentHeaderRoundTrips
2026-10-05T16:23:02.5430293Z 265/300 Test #1529: StorageFormatTest.GroupIdentitySurvivesInlineAndExtentHeaderRoundTrips ..................................................................................   Passed    0.01 sec
2026-10-05T16:23:02.5431454Z         Start 1536: StorageFormatTest.RestoresCheckpointDigestSeedBeforeHashing
2026-10-05T16:23:02.5493900Z 266/300 Test #1536: StorageFormatTest.RestoresCheckpointDigestSeedBeforeHashing .............................................................................................   Passed    0.01 sec
2026-10-05T16:23:02.5495522Z         Start 1546: StorageExpirationAuthorityTest.RejectsElapsedFiniteAuthority
2026-10-05T16:23:02.5558128Z 267/300 Test #1546: StorageExpirationAuthorityTest.RejectsElapsedFiniteAuthority ............................................................................................   Passed    0.01 sec
2026-10-05T16:23:02.5559810Z         Start 1554: StorageCapacityTest.ValidatesAndPreservesDeviceCapacities
2026-10-05T16:23:04.3137866Z 268/300 Test #1554: StorageCapacityTest.ValidatesAndPreservesDeviceCapacities ...............................................................................................   Passed    1.76 sec
2026-10-05T16:23:04.3138969Z         Start 1557: TcpListenerAcceptTest.AcceptedConnectionDisablesNagle
2026-10-05T16:23:04.3212903Z 269/300 Test #1557: TcpListenerAcceptTest.AcceptedConnectionDisablesNagle ...................................................................................................   Passed    0.01 sec
2026-10-05T16:23:04.3213955Z         Start 1561: WorkerPlacementTest.ShardAndCpuConfigurationIsExplicit
2026-10-05T16:23:04.3276141Z 270/300 Test #1561: WorkerPlacementTest.ShardAndCpuConfigurationIsExplicit ..................................................................................................   Passed    0.01 sec
2026-10-05T16:23:04.3278360Z         Start 1565: ReceiveModes/TcpStreamCloseTest.PendingReceiveDoesNotKeepPeerConnected/true
2026-10-05T16:23:04.3855139Z 271/300 Test #1565: ReceiveModes/TcpStreamCloseTest.PendingReceiveDoesNotKeepPeerConnected/true .............................................................................   Passed    0.06 sec
2026-10-05T16:23:04.3856125Z         Start 1567: lavik_database_modes
2026-10-05T16:23:15.9128692Z 272/300 Test #1567: lavik_database_modes ....................................................................................................................................   Passed   11.53 sec
2026-10-05T16:23:15.9129856Z         Start 1570: lavik_fault_injection_release
2026-10-05T16:23:15.9157502Z 273/300 Test #1570: lavik_fault_injection_release ...........................................................................................................................   Passed    0.00 sec
2026-10-05T16:23:15.9158335Z         Start 1577: meta_integration.sentinel
2026-10-05T16:23:32.1571926Z 274/300 Test #1577: meta_integration.sentinel ...............................................................................................................................   Passed   16.24 sec
2026-10-05T16:23:32.1572943Z         Start 1578: meta_integration.sentinel_discovery
2026-10-05T16:24:30.3411090Z 275/300 Test #1578: meta_integration.sentinel_discovery .....................................................................................................................   Passed   58.18 sec
2026-10-05T16:24:30.3414676Z         Start 1582: meta_integration.gate_snapshot_vote
2026-10-05T16:24:41.3770750Z 276/300 Test #1582: meta_integration.gate_snapshot_vote .....................................................................................................................   Passed   11.04 sec
2026-10-05T16:24:41.3771654Z         Start 1586: meta_integration.gate_membership_recovery
2026-10-05T16:25:24.4324889Z 277/300 Test #1586: meta_integration.gate_membership_recovery ...............................................................................................................   Passed   43.06 sec
2026-10-05T16:25:24.4326422Z         Start 1592: meta_integration.gate_data_control
2026-10-05T16:25:32.3954457Z 278/300 Test #1592: meta_integration.gate_data_control ......................................................................................................................   Passed    7.96 sec
2026-10-05T16:25:32.3955855Z         Start 1605: meta_integration.gate_managed_composite
2026-10-05T16:27:31.0971933Z 279/300 Test #1605: meta_integration.gate_managed_composite .................................................................................................................   Passed  118.70 sec
2026-10-05T16:27:31.0974168Z         Start 1609: meta_integration.gate_managed_composite_catalog_faults
2026-10-05T16:28:54.0895507Z 280/300 Test #1609: meta_integration.gate_managed_composite_catalog_faults ..................................................................................................   Passed   82.99 sec
2026-10-05T16:28:54.0896908Z         Start 1611: meta_integration.gate_managed_composite_partial_faults
2026-10-05T16:29:33.6952757Z 281/300 Test #1611: meta_integration.gate_managed_composite_partial_faults ..................................................................................................   Passed   39.61 sec
2026-10-05T16:29:33.6954562Z         Start 1620: meta_integration.client_retirement_controlled
2026-10-05T16:30:03.0157722Z 282/300 Test #1620: meta_integration.client_retirement_controlled ...........................................................................................................   Passed   29.32 sec
2026-10-05T16:30:03.0161302Z         Start 1626: meta_integration.recovery_cluster_candidate-replace
2026-10-05T16:30:32.8271883Z 283/300 Test #1626: meta_integration.recovery_cluster_candidate-replace .....................................................................................................   Passed   29.81 sec
2026-10-05T16:30:32.8273859Z         Start 1636: meta_integration.gate_failover_live_leader_demotion
2026-10-05T16:31:06.8126346Z 284/300 Test #1636: meta_integration.gate_failover_live_leader_demotion .....................................................................................................   Passed   33.99 sec
2026-10-05T16:31:06.8128771Z         Start 1643: meta_integration.gate_automatic_failover_one_way_partition
2026-10-05T16:31:35.0413678Z 285/300 Test #1643: meta_integration.gate_automatic_failover_one_way_partition ..............................................................................................   Passed   28.23 sec
2026-10-05T16:31:35.0414964Z         Start 1653: meta_integration.single_population_recovery_clean_replica
2026-10-05T16:31:59.3894834Z 286/300 Test #1653: meta_integration.single_population_recovery_clean_replica ...............................................................................................   Passed   24.35 sec
2026-10-05T16:31:59.3895814Z         Start 1659: meta_integration.gate_population_recovery_before_consume
2026-10-05T16:32:22.9852582Z 287/300 Test #1659: meta_integration.gate_population_recovery_before_consume ................................................................................................   Passed   23.60 sec
2026-10-05T16:32:22.9854414Z         Start 1661: meta_integration.gate_population_recovery_incomplete_full
2026-10-05T16:32:42.3334067Z 288/300 Test #1661: meta_integration.gate_population_recovery_incomplete_full ...............................................................................................   Passed   19.35 sec
2026-10-05T16:32:42.3335734Z         Start 1673: meta_integration.sentinel_ha_controlled
2026-10-05T16:33:26.5577187Z 289/300 Test #1673: meta_integration.sentinel_ha_controlled .................................................................................................................   Passed   44.22 sec
2026-10-05T16:33:26.5577972Z         Start 1678: cluster_hardware_safety_gate
2026-10-05T16:33:26.5633843Z 290/300 Test #1678: cluster_hardware_safety_gate ............................................................................................................................   Passed    0.01 sec
2026-10-05T16:33:26.5635580Z         Start 1682: lavik_stream_records
2026-10-05T16:33:26.7730248Z 291/300 Test #1682: lavik_stream_records ....................................................................................................................................   Passed    0.21 sec
2026-10-05T16:33:26.7730989Z         Start 1690: lavik_redis_export_shake_cluster
2026-10-05T16:33:46.8890486Z 292/300 Test #1690: lavik_redis_export_shake_cluster ........................................................................................................................   Passed   20.12 sec
2026-10-05T16:33:46.8892289Z         Start 1691: lavik_redis_export_ha_single
2026-10-05T16:36:54.4612527Z 293/300 Test #1691: lavik_redis_export_ha_single ............................................................................................................................   Passed  187.57 sec
2026-10-05T16:36:54.4614372Z         Start 1697: lavik_redis_sync_reader_cluster-single
2026-10-05T16:37:03.4527731Z 294/300 Test #1697: lavik_redis_sync_reader_cluster-single ..................................................................................................................   Passed    8.99 sec
2026-10-05T16:37:03.4528599Z         Start 1705: lavik_redis_sync_reader_single-incremental-failover
2026-10-05T16:37:23.3707934Z 295/300 Test #1705: lavik_redis_sync_reader_single-incremental-failover .....................................................................................................   Passed   19.92 sec
2026-10-05T16:37:23.3709534Z         Start 1707: lavik_redis_sync_reader_cluster-full-connection
2026-10-05T16:37:39.5089746Z 296/300 Test #1707: lavik_redis_sync_reader_cluster-full-connection .........................................................................................................   Passed   16.14 sec
2026-10-05T16:37:39.5090562Z         Start 1712: lavik_redis_cluster_psync_e2e
2026-10-05T16:38:05.8215825Z 297/300 Test #1712: lavik_redis_cluster_psync_e2e ...........................................................................................................................   Passed   26.31 sec
2026-10-05T16:38:05.8216752Z         Start 1720: lavik_replica_abort_reclaim_e2e
2026-10-05T16:38:14.2853095Z 298/300 Test #1720: lavik_replica_abort_reclaim_e2e .........................................................................................................................   Passed    8.46 sec
2026-10-05T16:38:14.2854147Z         Start 1726: lavik_tomb_raider_e2e
2026-10-05T16:39:49.7197893Z 299/300 Test #1726: lavik_tomb_raider_e2e ...................................................................................................................................   Passed   95.43 sec
2026-10-05T16:39:49.7199764Z         Start 1729: lavik_multikey_e2e
2026-10-05T16:40:11.0879679Z 300/300 Test #1729: lavik_multikey_e2e ......................................................................................................................................   Passed   21.37 sec
2026-10-05T16:40:11.0890511Z
2026-10-05T16:40:11.0890709Z 100% tests passed, 0 tests failed out of 300
2026-10-05T16:40:11.0890928Z
2026-10-05T16:40:11.0891046Z Label Time Summary:
2026-10-05T16:40:11.0891311Z automatic-failover     =  28.23 sec*proc (1 test)
2026-10-05T16:40:11.0891821Z cluster-hardware       =   0.01 sec*proc (1 test)
2026-10-05T16:40:11.0892269Z cluster-integration    =   0.00 sec*proc (2 tests)
2026-10-05T16:40:11.0892684Z cluster-model          =   0.01 sec*proc (6 tests)
2026-10-05T16:40:11.0893016Z failover               = 129.50 sec*proc (5 tests)
2026-10-05T16:40:11.0893328Z fault-policy           =   0.00 sec*proc (1 test)
2026-10-05T16:40:11.0893637Z meta                   =  12.71 sec*proc (124 tests)
2026-10-05T16:40:11.0893950Z meta-integration       = 655.68 sec*proc (19 tests)
2026-10-05T16:40:11.0894290Z population-recovery    =  67.29 sec*proc (3 tests)
2026-10-05T16:40:11.0894609Z redis-import           =  45.05 sec*proc (3 tests)
2026-10-05T16:40:11.0894926Z sentinel-client        =  44.22 sec*proc (1 test)
2026-10-05T16:40:11.0895229Z unit                   =   0.00 sec*proc (1 test)
2026-10-05T16:40:11.0895417Z
2026-10-05T16:40:11.0895510Z Total Test time (real) = 1045.67 sec
2026-10-05T16:40:11.0951689Z PASS: ctest
2026-10-05T16:40:11.0991385Z [2026-10-05 16:40:11.098] [info] storage device id=0 path=/mnt/dev/lavik-native-large-14327.data capacity-bytes=8589934592 data-blocks=1023 foreground-blocks=1015 defrag-reserve-blocks=8 data-bytes=8581545984
2026-10-05T16:40:11.0992452Z [2026-10-05 16:40:11.098] [info] storage capacity: data-blocks=1023 foreground-blocks=1015 defrag-reserve-blocks=8
2026-10-05T16:40:11.0993020Z [2026-10-05 16:40:11.099] [info] storage direct-I/O alignment=4096 bytes
2026-10-05T16:40:11.0993450Z [2026-10-05 16:40:11.099] [info] storage flush submission size=131072 bytes
2026-10-05T16:40:11.2414381Z [2026-10-05 16:40:11.240] [info] storage device id=0 foreground-weight=1015 home-workers=1
2026-10-05T16:40:11.2415260Z [2026-10-05 16:40:11.241] [info] runtime cycle-counter=cntvct_el0 frequency-source=cntfrq_el0 frequency=1000000000 Hz (1000.000 MHz) ticks-per-us=1000.000
2026-10-05T16:40:11.2416053Z [2026-10-05 16:40:11.241] [info] provided-buffer ring disabled; using per-connection receive buffers
2026-10-05T16:40:11.2526318Z [2026-10-05 16:40:11.252] [info] storage recovery: blocks=0/0 (100.0%) swept=1023/1023 records=0 rate=0 blocks/s 0.00M records/s eta=0.0s
2026-10-05T16:40:14.6872071Z large target chunks=64 retained=24490925 retained_peak=24490925 rss=6094848
2026-10-05T16:40:21.4873070Z large target chunks=128 retained=47881805 retained_peak=47881805 rss=6094848
2026-10-05T16:40:32.4936238Z large target chunks=192 retained=71273277 retained_peak=71273277 rss=6094848
2026-10-05T16:40:47.3957032Z large target chunks=256 retained=94659901 retained_peak=94659901 rss=6094848
2026-10-05T16:41:06.2211536Z large target chunks=320 retained=118051013 retained_peak=118051013 rss=6094848
2026-10-05T16:41:29.0797681Z large target chunks=384 retained=141441957 retained_peak=141441957 rss=6094848
2026-10-05T16:41:55.7448013Z large target chunks=448 retained=164833133 retained_peak=164833133 rss=6094848
2026-10-05T16:42:26.2932432Z large target chunks=512 retained=188219693 retained_peak=188219693 rss=6094848
2026-10-05T16:43:56.4629093Z large target+ordinary transfer PASS type=2 entries=140000 encoded_bytes=1147440008 seconds=225.162 retained=65051722 retained_peak=201058972 rss=6094848
2026-10-05T16:43:56.8556067Z PASS: large-native-list
2026-10-05T16:43:56.8689242Z ##[group]Run actions/upload-artifact@v7
2026-10-05T16:43:56.8689552Z with:
2026-10-05T16:43:56.8689734Z   name: test-results-arm64-1
2026-10-05T16:43:56.8690755Z   path: build_ci/test-results/
build_ci/Testing/Temporary/
build_ci/meta-integration/**/*.log
build_ci/meta-integration/**/*.json
/mnt/dev/lavik-*.log
/mnt/dev/cluster_client_*/**/*.log
/tmp/lavik-*/**/*.log
/tmp/cluster_create_*/**/*.log
/tmp/cluster_client_*/**/*.log
/tmp/meta_*/**/*.log
/tmp/lavik-*.log

2026-10-05T16:43:56.8691884Z   if-no-files-found: ignore
2026-10-05T16:43:56.8692099Z   retention-days: 7
2026-10-05T16:43:56.8692303Z   compression-level: 6
2026-10-05T16:43:56.8692503Z   overwrite: false
2026-10-05T16:43:56.8692702Z   include-hidden-files: false
2026-10-05T16:43:56.8692924Z   archive: true
2026-10-05T16:43:56.8693098Z env:
2026-10-05T16:43:56.8693378Z   PYTHONPATH: /home/runner/work/lavik/lavik/build_ci/test_tools/redis_py
2026-10-05T16:43:56.8693745Z   GOTOOLCHAIN: local
2026-10-05T16:43:56.8693963Z ##[endgroup]
2026-10-05T16:43:57.0377700Z Multiple search paths detected. Calculating the least common ancestor of all paths
2026-10-05T16:43:57.0378945Z The least common ancestor is /. This will be the root directory of the artifact
2026-10-05T16:43:57.0379386Z With the provided path, there will be 8 files uploaded
2026-10-05T16:43:57.0379840Z Artifact name is valid!
2026-10-05T16:43:57.0380075Z Root directory input is valid!
2026-10-05T16:43:57.3930419Z Uploading artifact: test-results-arm64-1.zip
2026-10-05T16:43:57.3963256Z Beginning upload of artifact content to blob storage
2026-10-05T16:43:57.7693014Z Uploaded bytes 136017
2026-10-05T16:43:57.8234843Z Finished uploading artifact content to blob storage!
2026-10-05T16:43:57.8235416Z SHA256 digest of uploaded artifact is e93cfc870ad801a238a63c570a51290bf19bb96fbce0c542ab4a609ec89c0114
2026-10-05T16:43:57.8235901Z Finalizing artifact upload
2026-10-05T16:43:58.1820188Z Artifact test-results-arm64-1 successfully finalized. Artifact ID 11359133288
2026-10-05T16:43:58.1820924Z Artifact test-results-arm64-1 has been successfully uploaded! Final size is 136017 bytes. Artifact ID is 11359133288
2026-10-05T16:43:58.1823121Z Artifact download URL: https://github.com/eloqdata/lavik/actions/runs/37339320997/artifacts/11359133288
2026-10-05T16:43:58.1963240Z Post job cleanup.
2026-10-05T16:43:58.2900368Z [command]/opt/hostedtoolcache/go/1.26.8/arm64/bin/go env GOMODCACHE
2026-10-05T16:43:58.2937672Z [command]/opt/hostedtoolcache/go/1.26.8/arm64/bin/go env GOCACHE
2026-10-05T16:43:58.2994441Z /home/runner/go/pkg/mod
2026-10-05T16:43:58.2994895Z /home/runner/.cache/go-build
2026-10-05T16:43:58.2995783Z Cache hit occurred on the primary key setup-go-Linux-arm64-ubuntu24-arm64-go-1.26.8-52a31333fdbe81b448a90130b1fe6ac14c2f243aba4a731c327db2137c0da2d4, not saving cache.
2026-10-05T16:43:58.3118407Z Post job cleanup.
2026-10-05T16:43:58.3797784Z [command]/usr/bin/git version
2026-10-05T16:43:58.3839720Z git version 2.55.0
2026-10-05T16:43:58.3869299Z Temporarily overriding HOME='/home/runner/work/_temp/8c0c602d-7abc-4f60-8684-90fa1656158d' before making global git config changes
2026-10-05T16:43:58.3871199Z Adding repository directory to the temporary git global config as a safe directory
2026-10-05T16:43:58.3873323Z [command]/usr/bin/git config --global --add safe.directory /home/runner/work/lavik/lavik
2026-10-05T16:43:58.3904368Z Removing SSH command configuration
2026-10-05T16:43:58.3910097Z [command]/usr/bin/git config --local --name-only --get-regexp core\.sshCommand
2026-10-05T16:43:58.3944301Z [command]/usr/bin/git submodule foreach --recursive sh -c "git config --local --name-only --get-regexp 'core\.sshCommand' && git config --local --unset-all 'core.sshCommand' || :"
2026-10-05T16:43:58.4115063Z Removing HTTP extra header
2026-10-05T16:43:58.4119850Z [command]/usr/bin/git config --local --name-only --get-regexp http\.https\:\/\/github\.com\/\.extraheader
2026-10-05T16:43:58.4147858Z [command]/usr/bin/git submodule foreach --recursive sh -c "git config --local --name-only --get-regexp 'http\.https\:\/\/github\.com\/\.extraheader' && git config --local --unset-all 'http.https://github.com/.extraheader' || :"
2026-10-05T16:43:58.4320364Z Removing includeIf entries pointing to credentials config files
2026-10-05T16:43:58.4329799Z [command]/usr/bin/git config --local --name-only --get-regexp ^includeIf\.gitdir:
2026-10-05T16:43:58.4355274Z [command]/usr/bin/git submodule foreach --recursive git config --local --show-origin --name-only --get-regexp remote.origin.url
2026-10-05T16:43:58.4657140Z Cleaning up orphan processes
