2026-10-06T11:02:33.6826746Z Current runner version: '2.337.0'
2026-10-06T11:02:33.6855586Z ##[group]Runner Image Provisioner
2026-10-06T11:02:33.6856628Z Hosted Compute Agent
2026-10-06T11:02:33.6857265Z Version: 20260901.588
2026-10-06T11:02:33.6857948Z Commit: f88ec8081b781fac6c440065ac7ff9e710ce3d0b
2026-10-06T11:02:33.6858756Z Build Date: 2026-09-01T19:56:44Z
2026-10-06T11:02:33.6859495Z Worker ID: {6f0070ca-ddca-4fae-b24c-599f79e4ab2e}
2026-10-06T11:02:33.6860217Z Azure Region: westus3
2026-10-06T11:02:33.6860986Z ##[endgroup]
2026-10-06T11:02:33.6863232Z ##[group]Operating System
2026-10-06T11:02:33.6864098Z Ubuntu
2026-10-06T11:02:33.6864650Z 24.04.5
2026-10-06T11:02:33.6865148Z LTS
2026-10-06T11:02:33.6865730Z ##[endgroup]
2026-10-06T11:02:33.6866301Z ##[group]Runner Image
2026-10-06T11:02:33.6866974Z Image: ubuntu-24.04-arm
2026-10-06T11:02:33.6867622Z Version: 20260927.135.1
2026-10-06T11:02:33.6869028Z Included Software: https://github.com/actions/runner-images/blob/ubuntu24-arm64/20260927.135/images/ubuntu/Ubuntu2404-Arm64-Readme.md
2026-10-06T11:02:33.6870553Z Image Release: https://github.com/actions/runner-images/releases/tag/ubuntu24-arm64%2F20260927.135
2026-10-06T11:02:33.6871910Z ##[endgroup]
2026-10-06T11:02:33.6873085Z ##[group]GITHUB_TOKEN Permissions
2026-10-06T11:02:33.6876034Z Contents: read
2026-10-06T11:02:33.6876664Z Metadata: read
2026-10-06T11:02:33.6877207Z ##[endgroup]
2026-10-06T11:02:33.6880003Z Secret source: Actions
2026-10-06T11:02:33.6881019Z Cache mode: write
2026-10-06T11:02:33.6882257Z Prepare workflow directory
2026-10-06T11:02:33.7499874Z Prepare all required actions
2026-10-06T11:02:33.7550035Z Getting action download info
2026-10-06T11:02:34.0829384Z Download action repository 'actions/checkout@v7' (SHA:3d3c42e5aac5ba805825da76410c181273ba90b1)
2026-10-06T11:02:34.2286516Z Download action repository 'actions/setup-go@b7ad1dad31e06c5925ef5d2fc7ad053ef454303e' (SHA:b7ad1dad31e06c5925ef5d2fc7ad053ef454303e)
2026-10-06T11:02:35.0388942Z Download action repository 'actions/download-artifact@3e5f45b2cfb9172054b4087a40e8e0b5a5461e7c' (SHA:3e5f45b2cfb9172054b4087a40e8e0b5a5461e7c)
2026-10-06T11:02:35.7800569Z Download action repository 'actions/upload-artifact@v7' (SHA:043fb46d1a93c77aae656e7c1c64a875d1fc6a0a)
2026-10-06T11:02:35.9442670Z Complete job name: Test shard (arm64, 3)
2026-10-06T11:02:36.0292753Z ##[group]Run actions/checkout@v7
2026-10-06T11:02:36.0294134Z with:
2026-10-06T11:02:36.0294836Z   persist-credentials: false
2026-10-06T11:02:36.0295614Z   repository: eloqdata/lavik
2026-10-06T11:02:36.0302524Z   token: ***
2026-10-06T11:02:36.0303169Z   ssh-strict: true
2026-10-06T11:02:36.0303817Z   ssh-user: git
2026-10-06T11:02:36.0304442Z   clean: true
2026-10-06T11:02:36.0305111Z   sparse-checkout-cone-mode: true
2026-10-06T11:02:36.0305885Z   fetch-depth: 1
2026-10-06T11:02:36.0306534Z   fetch-tags: false
2026-10-06T11:02:36.0307208Z   show-progress: true
2026-10-06T11:02:36.0307885Z   lfs: false
2026-10-06T11:02:36.0308503Z   submodules: false
2026-10-06T11:02:36.0309185Z   set-safe-directory: true
2026-10-06T11:02:36.0309989Z   allow-unsafe-pr-checkout: false
2026-10-06T11:02:36.0311567Z env:
2026-10-06T11:02:36.0312520Z   PYTHONPATH: /home/runner/work/lavik/lavik/build_ci/test_tools/redis_py
2026-10-06T11:02:36.0313605Z ##[endgroup]
2026-10-06T11:02:36.1138323Z Syncing repository: eloqdata/lavik
2026-10-06T11:02:36.1140790Z ##[group]Getting Git version info
2026-10-06T11:02:36.1142370Z Working directory is '/home/runner/work/lavik/lavik'
2026-10-06T11:02:36.1144060Z [command]/usr/bin/git version
2026-10-06T11:02:36.1172242Z git version 2.55.0
2026-10-06T11:02:36.1190147Z ##[endgroup]
2026-10-06T11:02:36.1200507Z Temporarily overriding HOME='/home/runner/work/_temp/a0dd32d2-6c28-4aec-95a1-ca2e57d94f14' before making global git config changes
2026-10-06T11:02:36.1203216Z Adding repository directory to the temporary git global config as a safe directory
2026-10-06T11:02:36.1205269Z [command]/usr/bin/git config --global --add safe.directory /home/runner/work/lavik/lavik
2026-10-06T11:02:36.1234566Z Deleting the contents of '/home/runner/work/lavik/lavik'
2026-10-06T11:02:36.1238461Z ##[group]Determining repository object format
2026-10-06T11:02:36.1245564Z ##[endgroup]
2026-10-06T11:02:36.1256845Z ##[group]Initializing the repository
2026-10-06T11:02:36.1258275Z [command]/usr/bin/git init /home/runner/work/lavik/lavik
2026-10-06T11:02:36.1319368Z hint: Using 'master' as the name for the initial branch. This default branch name
2026-10-06T11:02:36.1321554Z hint: will change to "main" in Git 3.0. To configure the initial branch name
2026-10-06T11:02:36.1323712Z hint: to use in all of your new repositories, which will suppress this warning,
2026-10-06T11:02:36.1324966Z hint: call:
2026-10-06T11:02:36.1325629Z hint:
2026-10-06T11:02:36.1326618Z hint: 	git config --global init.defaultBranch <name>
2026-10-06T11:02:36.1327591Z hint:
2026-10-06T11:02:36.1328593Z hint: Names commonly chosen instead of 'master' are 'main', 'trunk' and
2026-10-06T11:02:36.1330056Z hint: 'development'. The just-created branch can be renamed via this command:
2026-10-06T11:02:36.1331422Z hint:
2026-10-06T11:02:36.1332203Z hint: 	git branch -m <name>
2026-10-06T11:02:36.1332981Z hint:
2026-10-06T11:02:36.1334040Z hint: Disable this message with "git config set advice.defaultBranchName false"
2026-10-06T11:02:36.1335680Z Initialized empty Git repository in /home/runner/work/lavik/lavik/.git/
2026-10-06T11:02:36.1338332Z [command]/usr/bin/git remote add origin https://github.com/eloqdata/lavik
2026-10-06T11:02:36.1375214Z ##[endgroup]
2026-10-06T11:02:36.1376501Z ##[group]Disabling automatic garbage collection
2026-10-06T11:02:36.1377658Z [command]/usr/bin/git config --local gc.auto 0
2026-10-06T11:02:36.1415939Z ##[endgroup]
2026-10-06T11:02:36.1417159Z ##[group]Setting up auth
2026-10-06T11:02:36.1418076Z Removing SSH command configuration
2026-10-06T11:02:36.1419264Z [command]/usr/bin/git config --local --name-only --get-regexp core\.sshCommand
2026-10-06T11:02:36.1437097Z [command]/usr/bin/git submodule foreach --recursive sh -c "git config --local --name-only --get-regexp 'core\.sshCommand' && git config --local --unset-all 'core.sshCommand' || :"
2026-10-06T11:02:36.1705880Z Removing HTTP extra header
2026-10-06T11:02:36.1707762Z [command]/usr/bin/git config --local --name-only --get-regexp http\.https\:\/\/github\.com\/\.extraheader
2026-10-06T11:02:36.1732559Z [command]/usr/bin/git submodule foreach --recursive sh -c "git config --local --name-only --get-regexp 'http\.https\:\/\/github\.com\/\.extraheader' && git config --local --unset-all 'http.https://github.com/.extraheader' || :"
2026-10-06T11:02:36.1906839Z Removing includeIf entries pointing to credentials config files
2026-10-06T11:02:36.1909584Z [command]/usr/bin/git config --local --name-only --get-regexp ^includeIf\.gitdir:
2026-10-06T11:02:36.1948414Z [command]/usr/bin/git submodule foreach --recursive git config --local --show-origin --name-only --get-regexp remote.origin.url
2026-10-06T11:02:36.2130478Z [command]/usr/bin/git config --file /home/runner/work/_temp/git-credentials-610d7c5c-b5b0-4a5b-a6d3-8e1905a1f7e4.config http.https://github.com/.extraheader AUTHORIZATION: basic ***
2026-10-06T11:02:36.2166217Z [command]/usr/bin/git config --local includeIf.gitdir:/home/runner/work/lavik/lavik/.git.path /home/runner/work/_temp/git-credentials-610d7c5c-b5b0-4a5b-a6d3-8e1905a1f7e4.config
2026-10-06T11:02:36.2194679Z [command]/usr/bin/git config --local includeIf.gitdir:/home/runner/work/lavik/lavik/.git/worktrees/*.path /home/runner/work/_temp/git-credentials-610d7c5c-b5b0-4a5b-a6d3-8e1905a1f7e4.config
2026-10-06T11:02:36.2225056Z [command]/usr/bin/git config --local includeIf.gitdir:/github/workspace/.git.path /github/runner_temp/git-credentials-610d7c5c-b5b0-4a5b-a6d3-8e1905a1f7e4.config
2026-10-06T11:02:36.2253203Z [command]/usr/bin/git config --local includeIf.gitdir:/github/workspace/.git/worktrees/*.path /github/runner_temp/git-credentials-610d7c5c-b5b0-4a5b-a6d3-8e1905a1f7e4.config
2026-10-06T11:02:36.2278873Z ##[endgroup]
2026-10-06T11:02:36.2280210Z ##[group]Fetching the repository
2026-10-06T11:02:36.2284431Z [command]/usr/bin/git -c protocol.version=2 fetch --no-tags --prune --no-recurse-submodules --depth=1 origin +196074ff8a8fcf607b1a0efad78255af5ab7015b:refs/remotes/pull/275/merge
2026-10-06T11:02:37.6598232Z From https://github.com/eloqdata/lavik
2026-10-06T11:02:37.6599083Z  * [new ref]         196074ff8a8fcf607b1a0efad78255af5ab7015b -> pull/275/merge
2026-10-06T11:02:37.6602331Z ##[endgroup]
2026-10-06T11:02:37.6603649Z ##[group]Determining the checkout info
2026-10-06T11:02:37.6604497Z ##[endgroup]
2026-10-06T11:02:37.6607864Z [command]/usr/bin/git sparse-checkout disable
2026-10-06T11:02:37.6646579Z [command]/usr/bin/git config --local --unset-all extensions.worktreeConfig
2026-10-06T11:02:37.6673700Z ##[group]Checking out the ref
2026-10-06T11:02:37.6676590Z [command]/usr/bin/git checkout --progress --force refs/remotes/pull/275/merge
2026-10-06T11:02:37.7842777Z Note: switching to 'refs/remotes/pull/275/merge'.
2026-10-06T11:02:37.7843973Z 
2026-10-06T11:02:37.7844778Z You are in 'detached HEAD' state. You can look around, make experimental
2026-10-06T11:02:37.7845496Z changes and commit them, and you can discard any commits you make in this
2026-10-06T11:02:37.7846123Z state without impacting any branches by switching back to a branch.
2026-10-06T11:02:37.7846478Z 
2026-10-06T11:02:37.7846721Z If you want to create a new branch to retain commits you create, you may
2026-10-06T11:02:37.7847227Z do so (now or later) by using -c with the switch command. Example:
2026-10-06T11:02:37.7847556Z 
2026-10-06T11:02:37.7847717Z   git switch -c <new-branch-name>
2026-10-06T11:02:37.7847915Z 
2026-10-06T11:02:37.7848067Z Or undo this operation with:
2026-10-06T11:02:37.7848232Z 
2026-10-06T11:02:37.7848394Z   git switch -
2026-10-06T11:02:37.7848559Z 
2026-10-06T11:02:37.7848802Z Turn off this advice by setting config variable advice.detachedHead to false
2026-10-06T11:02:37.7849153Z 
2026-10-06T11:02:37.7849510Z HEAD is now at 196074f Merge eccea5c79d4e71e39ae1e1217aecb226f4ff75e9 into d88a5e8fdcc5702272b26f9853f4baad7a146988
2026-10-06T11:02:37.7850967Z ##[endgroup]
2026-10-06T11:02:37.7887532Z [command]/usr/bin/git log -1 --format=%H
2026-10-06T11:02:37.7911094Z 196074ff8a8fcf607b1a0efad78255af5ab7015b
2026-10-06T11:02:37.7920074Z ##[group]Removing auth
2026-10-06T11:02:37.7920757Z Removing SSH command configuration
2026-10-06T11:02:37.7923828Z [command]/usr/bin/git config --local --name-only --get-regexp core\.sshCommand
2026-10-06T11:02:37.7953584Z [command]/usr/bin/git submodule foreach --recursive sh -c "git config --local --name-only --get-regexp 'core\.sshCommand' && git config --local --unset-all 'core.sshCommand' || :"
2026-10-06T11:02:37.8126925Z Removing HTTP extra header
2026-10-06T11:02:37.8129681Z [command]/usr/bin/git config --local --name-only --get-regexp http\.https\:\/\/github\.com\/\.extraheader
2026-10-06T11:02:37.8159911Z [command]/usr/bin/git submodule foreach --recursive sh -c "git config --local --name-only --get-regexp 'http\.https\:\/\/github\.com\/\.extraheader' && git config --local --unset-all 'http.https://github.com/.extraheader' || :"
2026-10-06T11:02:37.8335891Z Removing includeIf entries pointing to credentials config files
2026-10-06T11:02:37.8338178Z [command]/usr/bin/git config --local --name-only --get-regexp ^includeIf\.gitdir:
2026-10-06T11:02:37.8359379Z includeif.gitdir:/home/runner/work/lavik/lavik/.git.path
2026-10-06T11:02:37.8359935Z includeif.gitdir:/home/runner/work/lavik/lavik/.git/worktrees/*.path
2026-10-06T11:02:37.8360367Z includeif.gitdir:/github/workspace/.git.path
2026-10-06T11:02:37.8361003Z includeif.gitdir:/github/workspace/.git/worktrees/*.path
2026-10-06T11:02:37.8367105Z [command]/usr/bin/git config --local --get-all includeif.gitdir:/home/runner/work/lavik/lavik/.git.path
2026-10-06T11:02:37.8394535Z /home/runner/work/_temp/git-credentials-610d7c5c-b5b0-4a5b-a6d3-8e1905a1f7e4.config
2026-10-06T11:02:37.8403385Z [command]/usr/bin/git config --local --unset includeif.gitdir:/home/runner/work/lavik/lavik/.git.path \/home\/runner\/work\/_temp\/git\-credentials\-610d7c5c\-b5b0\-4a5b\-a6d3\-8e1905a1f7e4\.config
2026-10-06T11:02:37.8434709Z [command]/usr/bin/git config --local --get-all includeif.gitdir:/home/runner/work/lavik/lavik/.git/worktrees/*.path
2026-10-06T11:02:37.8456952Z /home/runner/work/_temp/git-credentials-610d7c5c-b5b0-4a5b-a6d3-8e1905a1f7e4.config
2026-10-06T11:02:37.8464886Z [command]/usr/bin/git config --local --unset includeif.gitdir:/home/runner/work/lavik/lavik/.git/worktrees/*.path \/home\/runner\/work\/_temp\/git\-credentials\-610d7c5c\-b5b0\-4a5b\-a6d3\-8e1905a1f7e4\.config
2026-10-06T11:02:37.8495996Z [command]/usr/bin/git config --local --get-all includeif.gitdir:/github/workspace/.git.path
2026-10-06T11:02:37.8517697Z /github/runner_temp/git-credentials-610d7c5c-b5b0-4a5b-a6d3-8e1905a1f7e4.config
2026-10-06T11:02:37.8525650Z [command]/usr/bin/git config --local --unset includeif.gitdir:/github/workspace/.git.path \/github\/runner_temp\/git\-credentials\-610d7c5c\-b5b0\-4a5b\-a6d3\-8e1905a1f7e4\.config
2026-10-06T11:02:37.8556757Z [command]/usr/bin/git config --local --get-all includeif.gitdir:/github/workspace/.git/worktrees/*.path
2026-10-06T11:02:37.8585306Z /github/runner_temp/git-credentials-610d7c5c-b5b0-4a5b-a6d3-8e1905a1f7e4.config
2026-10-06T11:02:37.8597667Z [command]/usr/bin/git config --local --unset includeif.gitdir:/github/workspace/.git/worktrees/*.path \/github\/runner_temp\/git\-credentials\-610d7c5c\-b5b0\-4a5b\-a6d3\-8e1905a1f7e4\.config
2026-10-06T11:02:37.8628542Z [command]/usr/bin/git submodule foreach --recursive git config --local --show-origin --name-only --get-regexp remote.origin.url
2026-10-06T11:02:37.8809949Z Removing credentials config '/home/runner/work/_temp/git-credentials-610d7c5c-b5b0-4a5b-a6d3-8e1905a1f7e4.config'
2026-10-06T11:02:37.8812327Z ##[endgroup]
2026-10-06T11:02:37.9047415Z ##[group]Run actions/setup-go@b7ad1dad31e06c5925ef5d2fc7ad053ef454303e
2026-10-06T11:02:37.9047920Z with:
2026-10-06T11:02:37.9048146Z   go-version-file: raft/go.mod
2026-10-06T11:02:37.9048779Z   cache-dependency-path: raft/go.sum
tests/meta_integration/cluster_client_go/go.sum
tests/meta_integration/sentinel_client_go/go.sum

2026-10-06T11:02:37.9049369Z   check-latest: false
2026-10-06T11:02:37.9052401Z   token: ***
2026-10-06T11:02:37.9052688Z   cache: true
2026-10-06T11:02:37.9052897Z env:
2026-10-06T11:02:37.9053262Z   PYTHONPATH: /home/runner/work/lavik/lavik/build_ci/test_tools/redis_py
2026-10-06T11:02:37.9053633Z ##[endgroup]
2026-10-06T11:02:37.9967594Z Setup go version spec 1.26.8
2026-10-06T11:02:38.0078665Z Found in cache @ /opt/hostedtoolcache/go/1.26.8/arm64
2026-10-06T11:02:38.0079547Z Added go to the path
2026-10-06T11:02:38.0082429Z Successfully set up Go version 1.26.8
2026-10-06T11:02:38.5402587Z [command]/opt/hostedtoolcache/go/1.26.8/arm64/bin/go env GOMODCACHE
2026-10-06T11:02:38.5429827Z [command]/opt/hostedtoolcache/go/1.26.8/arm64/bin/go env GOCACHE
2026-10-06T11:02:38.5454287Z /home/runner/go/pkg/mod
2026-10-06T11:02:38.5468255Z /home/runner/.cache/go-build
2026-10-06T11:02:38.7567415Z Cache hit for: setup-go-Linux-arm64-ubuntu24-arm64-go-1.26.8-52a31333fdbe81b448a90130b1fe6ac14c2f243aba4a731c327db2137c0da2d4
2026-10-06T11:02:39.9889865Z Received 29360128 of 162327702 (18.1%), 28.0 MBs/sec
2026-10-06T11:02:40.9887808Z Received 130023424 of 162327702 (80.1%), 62.0 MBs/sec
2026-10-06T11:02:41.7488593Z Received 162327702 of 162327702 (100.0%), 56.2 MBs/sec
2026-10-06T11:02:41.7489048Z Cache Size: ~155 MB (162327702 B)
2026-10-06T11:02:41.7531546Z [command]/usr/bin/tar -xf /home/runner/work/_temp/660e9cd5-3316-4bf6-9c22-73f38c7080c5/cache.tzst -P -C /home/runner/work/lavik/lavik --use-compress-program unzstd
2026-10-06T11:02:42.4214766Z Cache restored successfully
2026-10-06T11:02:42.4276658Z Cache restored from key: setup-go-Linux-arm64-ubuntu24-arm64-go-1.26.8-52a31333fdbe81b448a90130b1fe6ac14c2f243aba4a731c327db2137c0da2d4
2026-10-06T11:02:42.4300176Z go version go1.26.8 linux/arm64
2026-10-06T11:02:42.4300382Z 
2026-10-06T11:02:42.4300821Z ##[group]go env
2026-10-06T11:02:42.4483487Z AR='ar'
2026-10-06T11:02:42.4483880Z CC='gcc'
2026-10-06T11:02:42.4484114Z CGO_CFLAGS='-O2 -g'
2026-10-06T11:02:42.4484477Z CGO_CPPFLAGS=''
2026-10-06T11:02:42.4484759Z CGO_CXXFLAGS='-O2 -g'
2026-10-06T11:02:42.4485002Z CGO_ENABLED='1'
2026-10-06T11:02:42.4485289Z CGO_FFLAGS='-O2 -g'
2026-10-06T11:02:42.4485521Z CGO_LDFLAGS='-O2 -g'
2026-10-06T11:02:42.4485777Z CXX='g++'
2026-10-06T11:02:42.4486026Z GCCGO='gccgo'
2026-10-06T11:02:42.4486230Z GO111MODULE=''
2026-10-06T11:02:42.4486479Z GOARCH='arm64'
2026-10-06T11:02:42.4486685Z GOARM64='v8.0'
2026-10-06T11:02:42.4486969Z GOAUTH='netrc'
2026-10-06T11:02:42.4487174Z GOBIN=''
2026-10-06T11:02:42.4487393Z GOCACHE='/home/runner/.cache/go-build'
2026-10-06T11:02:42.4487717Z GOCACHEPROG=''
2026-10-06T11:02:42.4487933Z GODEBUG=''
2026-10-06T11:02:42.4488269Z GOENV='/home/runner/.config/go/env'
2026-10-06T11:02:42.4488545Z GOEXE=''
2026-10-06T11:02:42.4488754Z GOEXPERIMENT=''
2026-10-06T11:02:42.4489016Z GOFIPS140='off'
2026-10-06T11:02:42.4489235Z GOFLAGS=''
2026-10-06T11:02:42.4489958Z GOGCCFLAGS='-fPIC -pthread -Wl,--no-gc-sections -fmessage-length=0 -ffile-prefix-map=/tmp/go-build1992372483=/tmp/go-build -gno-record-gcc-switches'
2026-10-06T11:02:42.4490610Z GOHOSTARCH='arm64'
2026-10-06T11:02:42.4490895Z GOHOSTOS='linux'
2026-10-06T11:02:42.4491132Z GOINSECURE=''
2026-10-06T11:02:42.4491698Z GOMOD='/dev/null'
2026-10-06T11:02:42.4492041Z GOMODCACHE='/home/runner/go/pkg/mod'
2026-10-06T11:02:42.4492329Z GONOPROXY=''
2026-10-06T11:02:42.4492568Z GONOSUMDB=''
2026-10-06T11:02:42.4492780Z GOOS='linux'
2026-10-06T11:02:42.4492996Z GOPATH='/home/runner/go'
2026-10-06T11:02:42.4493326Z GOPRIVATE=''
2026-10-06T11:02:42.4493605Z GOPROXY='https://proxy.golang.org,direct'
2026-10-06T11:02:42.4493969Z GOROOT='/opt/hostedtoolcache/go/1.26.8/arm64'
2026-10-06T11:02:42.4494539Z GOSUMDB='sum.golang.org'
2026-10-06T11:02:42.4494865Z GOTELEMETRY='local'
2026-10-06T11:02:42.4495233Z GOTELEMETRYDIR='/home/runner/.config/go/telemetry'
2026-10-06T11:02:42.4495552Z GOTMPDIR=''
2026-10-06T11:02:42.4495796Z GOTOOLCHAIN='local'
2026-10-06T11:02:42.4496144Z GOTOOLDIR='/opt/hostedtoolcache/go/1.26.8/arm64/pkg/tool/linux_arm64'
2026-10-06T11:02:42.4496541Z GOVCS=''
2026-10-06T11:02:42.4496940Z GOVERSION='go1.26.8'
2026-10-06T11:02:42.4497173Z GOWORK=''
2026-10-06T11:02:42.4497419Z PKG_CONFIG='pkg-config'
2026-10-06T11:02:42.4497586Z 
2026-10-06T11:02:42.4497937Z ##[endgroup]
2026-10-06T11:02:42.4635983Z ##[group]Run sudo apt-get update
2026-10-06T11:02:42.4636483Z [36;1msudo apt-get update[0m
2026-10-06T11:02:42.4636985Z [36;1msudo apt-get install -y --no-install-recommends \[0m
2026-10-06T11:02:42.4637423Z [36;1m  build-essential clang-18 cmake openssl python3 tcl zstd[0m
2026-10-06T11:02:42.4715259Z shell: /usr/bin/bash --noprofile --norc -e -o pipefail {0}
2026-10-06T11:02:42.4715819Z env:
2026-10-06T11:02:42.4716179Z   PYTHONPATH: /home/runner/work/lavik/lavik/build_ci/test_tools/redis_py
2026-10-06T11:02:42.4716606Z   GOTOOLCHAIN: local
2026-10-06T11:02:42.4716903Z ##[endgroup]
2026-10-06T11:02:42.5856456Z Get:1 https://packages.microsoft.com/ubuntu/24.04/prod noble InRelease [3600 B]
2026-10-06T11:02:42.6810069Z Get:2 https://packages.microsoft.com/ubuntu/24.04/prod noble/main armhf Packages [12.6 kB]
2026-10-06T11:02:42.7079779Z Get:3 https://packages.microsoft.com/ubuntu/24.04/prod noble/main arm64 Packages [458 kB]
2026-10-06T11:02:42.7136954Z Get:4 https://packages.microsoft.com/ubuntu/24.04/prod noble/main amd64 Packages [515 kB]
2026-10-06T11:02:43.1106369Z Hit:5 http://ports.ubuntu.com/ubuntu-ports noble InRelease
2026-10-06T11:02:43.2574255Z Get:6 http://ports.ubuntu.com/ubuntu-ports noble-updates InRelease [126 kB]
2026-10-06T11:02:43.8910082Z Get:7 http://ports.ubuntu.com/ubuntu-ports noble-backports InRelease [126 kB]
2026-10-06T11:02:44.1893410Z Get:8 http://ports.ubuntu.com/ubuntu-ports noble-security InRelease [126 kB]
2026-10-06T11:02:44.3962550Z Get:9 http://ports.ubuntu.com/ubuntu-ports noble-updates/main arm64 Packages [1429 kB]
2026-10-06T11:02:45.0743203Z Get:10 http://ports.ubuntu.com/ubuntu-ports noble-updates/main Translation-en [305 kB]
2026-10-06T11:02:45.2498252Z Get:11 http://ports.ubuntu.com/ubuntu-ports noble-updates/main arm64 Components [178 kB]
2026-10-06T11:02:45.4129330Z Get:12 http://ports.ubuntu.com/ubuntu-ports noble-updates/universe arm64 Packages [1743 kB]
2026-10-06T11:02:45.7830023Z Get:13 http://ports.ubuntu.com/ubuntu-ports noble-updates/universe Translation-en [341 kB]
2026-10-06T11:02:45.9472612Z Get:14 http://ports.ubuntu.com/ubuntu-ports noble-updates/universe arm64 Components [387 kB]
2026-10-06T11:02:46.1142111Z Get:15 http://ports.ubuntu.com/ubuntu-ports noble-updates/restricted arm64 Packages [2578 kB]
2026-10-06T11:02:46.4442254Z Get:16 http://ports.ubuntu.com/ubuntu-ports noble-updates/restricted Translation-en [395 kB]
2026-10-06T11:02:46.6010923Z Get:17 http://ports.ubuntu.com/ubuntu-ports noble-updates/multiverse arm64 Packages [79.6 kB]
2026-10-06T11:02:46.7496757Z Get:18 http://ports.ubuntu.com/ubuntu-ports noble-updates/multiverse Translation-en [13.3 kB]
2026-10-06T11:02:47.0847057Z Get:19 http://ports.ubuntu.com/ubuntu-ports noble-backports/main arm64 Components [3564 B]
2026-10-06T11:02:47.2320172Z Get:20 http://ports.ubuntu.com/ubuntu-ports noble-backports/universe arm64 Components [12.6 kB]
2026-10-06T11:02:47.3790092Z Get:21 http://ports.ubuntu.com/ubuntu-ports noble-security/main arm64 Packages [1136 kB]
2026-10-06T11:02:47.5559527Z Get:22 http://ports.ubuntu.com/ubuntu-ports noble-security/main Translation-en [222 kB]
2026-10-06T11:02:47.7077988Z Get:23 http://ports.ubuntu.com/ubuntu-ports noble-security/main arm64 Components [43.3 kB]
2026-10-06T11:02:47.8555239Z Get:24 http://ports.ubuntu.com/ubuntu-ports noble-security/universe arm64 Packages [1286 kB]
2026-10-06T11:02:48.0360061Z Get:25 http://ports.ubuntu.com/ubuntu-ports noble-security/universe Translation-en [244 kB]
2026-10-06T11:02:48.1929989Z Get:26 http://ports.ubuntu.com/ubuntu-ports noble-security/universe arm64 Components [76.3 kB]
2026-10-06T11:02:48.3405858Z Get:27 http://ports.ubuntu.com/ubuntu-ports noble-security/restricted arm64 Packages [2371 kB]
2026-10-06T11:02:48.5510117Z Get:28 http://ports.ubuntu.com/ubuntu-ports noble-security/restricted Translation-en [361 kB]
2026-10-06T11:02:53.6545599Z Fetched 14.6 MB in 6s (2403 kB/s)
2026-10-06T11:02:54.5697557Z Reading package lists...
2026-10-06T11:02:54.5991474Z Reading package lists...
2026-10-06T11:02:54.8280839Z Building dependency tree...
2026-10-06T11:02:54.8286996Z Reading state information...
2026-10-06T11:02:55.0415798Z clang-18 is already the newest version (1:18.1.3-1ubuntu1).
2026-10-06T11:02:55.0416330Z python3 is already the newest version (3.12.3-0ubuntu2.1).
2026-10-06T11:02:55.0416900Z tcl is already the newest version (8.6.14build1).
2026-10-06T11:02:55.0417250Z tcl set to manually installed.
2026-10-06T11:02:55.0417601Z zstd is already the newest version (1.5.5+dfsg2-2build1.1).
2026-10-06T11:02:55.0418038Z zstd set to manually installed.
2026-10-06T11:02:55.0418363Z The following additional packages will be installed:
2026-10-06T11:02:55.0423824Z   cmake-data libjsoncpp25 librhash0 libssl-dev libssl3t64
2026-10-06T11:02:55.0431413Z Suggested packages:
2026-10-06T11:02:55.0431991Z   cmake-doc cmake-format elpa-cmake-mode ninja-build libssl-doc
2026-10-06T11:02:55.0733500Z The following NEW packages will be installed:
2026-10-06T11:02:55.0740481Z   build-essential cmake cmake-data libjsoncpp25 librhash0
2026-10-06T11:02:55.0748724Z The following packages will be upgraded:
2026-10-06T11:02:55.0752000Z   libssl-dev libssl3t64 openssl
2026-10-06T11:02:55.3867781Z 3 upgraded, 5 newly installed, 0 to remove and 27 not upgraded.
2026-10-06T11:02:55.3868236Z Need to get 17.9 MB of archives.
2026-10-06T11:02:55.3868855Z After this operation, 45.0 MB of additional disk space will be used.
2026-10-06T11:02:55.3869529Z Get:1 http://ports.ubuntu.com/ubuntu-ports noble-updates/main arm64 libssl-dev arm64 3.0.13-0ubuntu3.16 [2379 kB]
2026-10-06T11:02:57.0481947Z Get:2 http://ports.ubuntu.com/ubuntu-ports noble-updates/main arm64 libssl3t64 arm64 3.0.13-0ubuntu3.16 [1838 kB]
2026-10-06T11:02:57.3843391Z Get:3 http://ports.ubuntu.com/ubuntu-ports noble-updates/main arm64 openssl arm64 3.0.13-0ubuntu3.16 [985 kB]
2026-10-06T11:02:57.5716415Z Get:4 http://ports.ubuntu.com/ubuntu-ports noble/main arm64 build-essential arm64 12.10ubuntu1 [4932 B]
2026-10-06T11:02:57.7191593Z Get:5 http://ports.ubuntu.com/ubuntu-ports noble/main arm64 libjsoncpp25 arm64 1.9.5-6build1 [78.2 kB]
2026-10-06T11:02:57.8688360Z Get:6 http://ports.ubuntu.com/ubuntu-ports noble/main arm64 librhash0 arm64 1.4.3-3build1 [126 kB]
2026-10-06T11:02:58.0200309Z Get:7 http://ports.ubuntu.com/ubuntu-ports noble/main arm64 cmake-data all 3.28.3-1build7 [2155 kB]
2026-10-06T11:02:58.2574366Z Get:8 http://ports.ubuntu.com/ubuntu-ports noble/main arm64 cmake arm64 3.28.3-1build7 [10.3 MB]
2026-10-06T11:02:58.9241991Z Fetched 17.9 MB in 4s (4987 kB/s)
2026-10-06T11:02:59.0107112Z (Reading database ... 
2026-10-06T11:02:59.0107513Z (Reading database ... 5%
2026-10-06T11:02:59.0107831Z (Reading database ... 10%
2026-10-06T11:02:59.0108162Z (Reading database ... 15%
2026-10-06T11:02:59.0108700Z (Reading database ... 20%
2026-10-06T11:02:59.0109725Z (Reading database ... 25%
2026-10-06T11:02:59.0110011Z (Reading database ... 30%
2026-10-06T11:02:59.0110266Z (Reading database ... 35%
2026-10-06T11:02:59.0110567Z (Reading database ... 40%
2026-10-06T11:02:59.0110891Z (Reading database ... 45%
2026-10-06T11:02:59.0111452Z (Reading database ... 50%
2026-10-06T11:02:59.1241589Z (Reading database ... 55%
2026-10-06T11:02:59.3797249Z (Reading database ... 60%
2026-10-06T11:02:59.6209705Z (Reading database ... 65%
2026-10-06T11:02:59.8605766Z (Reading database ... 70%
2026-10-06T11:03:00.1064552Z (Reading database ... 75%
2026-10-06T11:03:00.3595951Z (Reading database ... 80%
2026-10-06T11:03:00.7802567Z (Reading database ... 85%
2026-10-06T11:03:01.6002104Z (Reading database ... 90%
2026-10-06T11:03:02.3414806Z (Reading database ... 95%
2026-10-06T11:03:02.3415175Z (Reading database ... 100%
2026-10-06T11:03:02.3415849Z (Reading database ... 201617 files and directories currently installed.)
2026-10-06T11:03:02.3461057Z Preparing to unpack .../libssl-dev_3.0.13-0ubuntu3.16_arm64.deb ...
2026-10-06T11:03:02.5109537Z Unpacking libssl-dev:arm64 (3.0.13-0ubuntu3.16) over (3.0.13-0ubuntu3.15) ...
2026-10-06T11:03:03.3769128Z Preparing to unpack .../libssl3t64_3.0.13-0ubuntu3.16_arm64.deb ...
2026-10-06T11:03:03.5664072Z Unpacking libssl3t64:arm64 (3.0.13-0ubuntu3.16) over (3.0.13-0ubuntu3.15) ...
2026-10-06T11:03:04.8808026Z Setting up libssl3t64:arm64 (3.0.13-0ubuntu3.16) ...
2026-10-06T11:03:05.3641630Z (Reading database ... 
2026-10-06T11:03:05.3642169Z (Reading database ... 5%
2026-10-06T11:03:05.3642454Z (Reading database ... 10%
2026-10-06T11:03:05.3642797Z (Reading database ... 15%
2026-10-06T11:03:05.3643055Z (Reading database ... 20%
2026-10-06T11:03:05.3643298Z (Reading database ... 25%
2026-10-06T11:03:05.3643606Z (Reading database ... 30%
2026-10-06T11:03:05.3643859Z (Reading database ... 35%
2026-10-06T11:03:05.3644209Z (Reading database ... 40%
2026-10-06T11:03:05.3644470Z (Reading database ... 45%
2026-10-06T11:03:05.3644772Z (Reading database ... 50%
2026-10-06T11:03:05.3658448Z (Reading database ... 55%
2026-10-06T11:03:05.3744363Z (Reading database ... 60%
2026-10-06T11:03:05.3763257Z (Reading database ... 65%
2026-10-06T11:03:05.3775628Z (Reading database ... 70%
2026-10-06T11:03:05.3802735Z (Reading database ... 75%
2026-10-06T11:03:05.3819312Z (Reading database ... 80%
2026-10-06T11:03:05.3839972Z (Reading database ... 85%
2026-10-06T11:03:05.3998619Z (Reading database ... 90%
2026-10-06T11:03:05.4145076Z (Reading database ... 95%
2026-10-06T11:03:05.4145526Z (Reading database ... 100%
2026-10-06T11:03:05.4145940Z (Reading database ... 201617 files and directories currently installed.)
2026-10-06T11:03:05.4174645Z Preparing to unpack .../0-openssl_3.0.13-0ubuntu3.16_arm64.deb ...
2026-10-06T11:03:05.4195707Z Unpacking openssl (3.0.13-0ubuntu3.16) over (3.0.13-0ubuntu3.15) ...
2026-10-06T11:03:05.5025202Z Selecting previously unselected package build-essential.
2026-10-06T11:03:05.5171592Z Preparing to unpack .../1-build-essential_12.10ubuntu1_arm64.deb ...
2026-10-06T11:03:05.5179655Z Unpacking build-essential (12.10ubuntu1) ...
2026-10-06T11:03:05.5360126Z Selecting previously unselected package libjsoncpp25:arm64.
2026-10-06T11:03:05.5505352Z Preparing to unpack .../2-libjsoncpp25_1.9.5-6build1_arm64.deb ...
2026-10-06T11:03:05.5514138Z Unpacking libjsoncpp25:arm64 (1.9.5-6build1) ...
2026-10-06T11:03:05.5710081Z Selecting previously unselected package librhash0:arm64.
2026-10-06T11:03:05.5856175Z Preparing to unpack .../3-librhash0_1.4.3-3build1_arm64.deb ...
2026-10-06T11:03:05.5865952Z Unpacking librhash0:arm64 (1.4.3-3build1) ...
2026-10-06T11:03:05.6074660Z Selecting previously unselected package cmake-data.
2026-10-06T11:03:05.6223874Z Preparing to unpack .../4-cmake-data_3.28.3-1build7_all.deb ...
2026-10-06T11:03:05.6287644Z Unpacking cmake-data (3.28.3-1build7) ...
2026-10-06T11:03:05.9392321Z Selecting previously unselected package cmake.
2026-10-06T11:03:05.9572108Z Preparing to unpack .../5-cmake_3.28.3-1build7_arm64.deb ...
2026-10-06T11:03:05.9580454Z Unpacking cmake (3.28.3-1build7) ...
2026-10-06T11:03:06.1409673Z Setting up libssl-dev:arm64 (3.0.13-0ubuntu3.16) ...
2026-10-06T11:03:06.1433685Z Setting up libjsoncpp25:arm64 (1.9.5-6build1) ...
2026-10-06T11:03:06.1452990Z Setting up librhash0:arm64 (1.4.3-3build1) ...
2026-10-06T11:03:06.1472426Z Setting up build-essential (12.10ubuntu1) ...
2026-10-06T11:03:06.1490245Z Setting up cmake-data (3.28.3-1build7) ...
2026-10-06T11:03:06.1546261Z Setting up openssl (3.0.13-0ubuntu3.16) ...
2026-10-06T11:03:06.1584119Z Setting up cmake (3.28.3-1build7) ...
2026-10-06T11:03:06.1604335Z Processing triggers for man-db (2.12.0-4build2) ...
2026-10-06T11:03:06.1659379Z Not building database; man-db/auto-update is not 'true'.
2026-10-06T11:03:06.1671837Z Processing triggers for libc-bin (2.39-0ubuntu8.9) ...
2026-10-06T11:03:08.7406111Z 
2026-10-06T11:03:08.7406912Z Running kernel seems to be up-to-date.
2026-10-06T11:03:08.7407203Z 
2026-10-06T11:03:08.7407330Z Restarting services...
2026-10-06T11:03:08.7755148Z  /etc/needrestart/restart.d/systemd-manager
2026-10-06T11:03:09.0117896Z  systemctl restart packagekit.service php8.3-fpm.service systemd-journald.service systemd-networkd.service systemd-resolved.service systemd-udevd.service udisks2.service
2026-10-06T11:03:09.1254407Z 
2026-10-06T11:03:09.1255058Z Service restarts being deferred:
2026-10-06T11:03:09.1255798Z  systemctl restart hosted-compute-agent.service
2026-10-06T11:03:09.1256388Z  systemctl restart systemd-logind.service
2026-10-06T11:03:09.1256943Z  systemctl restart walinuxagent.service
2026-10-06T11:03:09.1257227Z 
2026-10-06T11:03:09.1257517Z No containers need to be restarted.
2026-10-06T11:03:09.1257726Z 
2026-10-06T11:03:09.1257960Z User sessions running outdated binaries:
2026-10-06T11:03:09.1258522Z  runner @ user manager service: systemd[1357]
2026-10-06T11:03:09.1372979Z 
2026-10-06T11:03:09.1373531Z No VM guests are running outdated hypervisor (qemu) binaries on this host.
2026-10-06T11:03:10.1222394Z ##[group]Run actions/download-artifact@3e5f45b2cfb9172054b4087a40e8e0b5a5461e7c
2026-10-06T11:03:10.1222922Z with:
2026-10-06T11:03:10.1223152Z   name: ci-build-arm64
2026-10-06T11:03:10.1223525Z   path: /home/runner/work/_temp/ci-build
2026-10-06T11:03:10.1223831Z   merge-multiple: false
2026-10-06T11:03:10.1224129Z   repository: eloqdata/lavik
2026-10-06T11:03:10.1224398Z   run-id: 37452841525
2026-10-06T11:03:10.1224654Z   skip-decompress: false
2026-10-06T11:03:10.1224973Z   digest-mismatch: error
2026-10-06T11:03:10.1225219Z env:
2026-10-06T11:03:10.1225558Z   PYTHONPATH: /home/runner/work/lavik/lavik/build_ci/test_tools/redis_py
2026-10-06T11:03:10.1225979Z   GOTOOLCHAIN: local
2026-10-06T11:03:10.1226204Z ##[endgroup]
2026-10-06T11:03:10.2326986Z Downloading single artifact
2026-10-06T11:03:10.4778994Z Preparing to download the following artifacts:
2026-10-06T11:03:10.4780779Z - ci-build-arm64 (ID: 11407966435, Size: 702168865, Expected Digest: sha256:5781efc437cc81018fac4809b3b87fcb7be38640d716006d7ae6c4b49bf48c98)
2026-10-06T11:03:10.9049062Z Redirecting to blob download url: https://productionresultssa16.blob.core.windows.net/actions-results/fe00e528-ba73-8c1f-9cfb-9c92e0b0fd69/workflow-job-run-e0c2bb86-b036-551a-a52a-1c3fcd916cec/artifacts/7bb5f06eea2576c73442d51f5183ca756bff64318b614cf43b2784045c2b3a2c.zip
2026-10-06T11:03:10.9050381Z Starting download of artifact to: /home/runner/work/_temp/ci-build
2026-10-06T11:03:11.1458036Z (node:3043) [DEP0005] DeprecationWarning: Buffer() is deprecated due to security and usability issues. Please use the Buffer.alloc(), Buffer.allocUnsafe(), or Buffer.from() methods instead.
2026-10-06T11:03:11.1459345Z (Use `node --trace-deprecation ...` to show where the warning was created)
2026-10-06T11:03:22.5095024Z SHA256 digest of downloaded artifact is 5781efc437cc81018fac4809b3b87fcb7be38640d716006d7ae6c4b49bf48c98
2026-10-06T11:03:22.5095722Z Artifact download completed successfully.
2026-10-06T11:03:22.5096312Z Total of 1 artifact(s) downloaded
2026-10-06T11:03:22.5100936Z Download artifact has finished successfully
2026-10-06T11:03:22.5233252Z ##[group]Run tar --zstd -xf "$RUNNER_TEMP/ci-build/ci-build.tar.zst"
2026-10-06T11:03:22.5233961Z [36;1mtar --zstd -xf "$RUNNER_TEMP/ci-build/ci-build.tar.zst"[0m
2026-10-06T11:03:22.5234440Z [36;1mpython3 scripts/ci_build_bundle.py validate build_ci[0m
2026-10-06T11:03:22.5234945Z [36;1mecho "$GITHUB_WORKSPACE/build_ci/test_tools/redis" >> "$GITHUB_PATH"[0m
2026-10-06T11:03:22.5235486Z [36;1mecho "$GITHUB_WORKSPACE/build_ci/test_tools/redis-shake" >> "$GITHUB_PATH"[0m
2026-10-06T11:03:22.5270548Z shell: /usr/bin/bash --noprofile --norc -e -o pipefail {0}
2026-10-06T11:03:22.5270975Z env:
2026-10-06T11:03:22.5271731Z   PYTHONPATH: /home/runner/work/lavik/lavik/build_ci/test_tools/redis_py
2026-10-06T11:03:22.5272149Z   GOTOOLCHAIN: local
2026-10-06T11:03:22.5272492Z ##[endgroup]
2026-10-06T11:03:28.3628658Z Validated /home/runner/work/lavik/lavik/build_ci: 1761 CTest cases
2026-10-06T11:03:28.3732120Z ##[group]Run sudo sysctl -w kernel.io_uring_disabled=0
2026-10-06T11:03:28.3732733Z [36;1msudo sysctl -w kernel.io_uring_disabled=0[0m
2026-10-06T11:03:28.3733153Z [36;1msudo install -d -o "$(id -u)" -g "$(id -g)" /mnt/dev[0m
2026-10-06T11:03:28.3768214Z shell: /usr/bin/bash --noprofile --norc -e -o pipefail {0}
2026-10-06T11:03:28.3768566Z env:
2026-10-06T11:03:28.3769042Z   PYTHONPATH: /home/runner/work/lavik/lavik/build_ci/test_tools/redis_py
2026-10-06T11:03:28.3769435Z   GOTOOLCHAIN: local
2026-10-06T11:03:28.3769724Z ##[endgroup]
2026-10-06T11:03:28.3880617Z kernel.io_uring_disabled = 0
2026-10-06T11:03:28.4143645Z ##[group]Run sudo prlimit --pid "$$" --memlock=unlimited
2026-10-06T11:03:28.4144185Z [36;1msudo prlimit --pid "$$" --memlock=unlimited[0m
2026-10-06T11:03:28.4144704Z [36;1m# Each shard has an isolated VM and remains serial internally, so[0m
2026-10-06T11:03:28.4145244Z [36;1m# fixed ports, large fixtures, and timing-sensitive faults cannot race.[0m
2026-10-06T11:03:28.4145773Z [36;1mscratch_image=$(mktemp "$RUNNER_TEMP/lavik-ci-gate.XXXXXX")[0m
2026-10-06T11:03:28.4146180Z [36;1mscratch_device=[0m
2026-10-06T11:03:28.4146444Z [36;1mcleanup() {[0m
2026-10-06T11:03:28.4146745Z [36;1m  if [[ -n "$scratch_device" ]]; then[0m
2026-10-06T11:03:28.4147101Z [36;1m    sudo losetup --detach "$scratch_device"[0m
2026-10-06T11:03:28.4147438Z [36;1m  fi[0m
2026-10-06T11:03:28.4147704Z [36;1m  rm -f -- "$scratch_image"[0m
2026-10-06T11:03:28.4147987Z [36;1m}[0m
2026-10-06T11:03:28.4148221Z [36;1mtrap cleanup EXIT[0m
2026-10-06T11:03:28.4148585Z [36;1mtruncate -s 16M "$scratch_image"[0m
2026-10-06T11:03:28.4148979Z [36;1mscratch_device=$(sudo losetup --find --show "$scratch_image")[0m
2026-10-06T11:03:28.4149404Z [36;1mexport LAVIK_CLUSTER_HARDWARE_OPT_IN=1[0m
2026-10-06T11:03:28.4149833Z [36;1mexport LAVIK_CLUSTER_SCRATCH_DEVICE="$scratch_device"[0m
2026-10-06T11:03:28.4150661Z [36;1m./scripts/run_ci_tests.sh build_ci --shard-index "$SHARD_INDEX" --shard-count 6[0m
2026-10-06T11:03:28.4182182Z shell: /usr/bin/bash --noprofile --norc -e -o pipefail {0}
2026-10-06T11:03:28.4182664Z env:
2026-10-06T11:03:28.4182985Z   PYTHONPATH: /home/runner/work/lavik/lavik/build_ci/test_tools/redis_py
2026-10-06T11:03:28.4183442Z   GOTOOLCHAIN: local
2026-10-06T11:03:28.4183703Z   SHARD_INDEX: 3
2026-10-06T11:03:28.4183925Z ##[endgroup]
2026-10-06T11:03:28.8802620Z Discovered 1761 CTest cases and 4 external suites; inventory 81f61c56cf7324f72aa15915d56458c6c096af528cce2ce82b59d064d3f65976
2026-10-06T11:03:28.8803464Z Shard 0/6: 277 items, estimated 30.2 minutes
2026-10-06T11:03:28.8803840Z Shard 1/6: 303 items, estimated 30.2 minutes
2026-10-06T11:03:28.8804170Z Shard 2/6: 278 items, estimated 30.2 minutes
2026-10-06T11:03:28.8804594Z Shard 3/6: 278 items, estimated 30.2 minutes
2026-10-06T11:03:28.8804920Z Shard 4/6: 326 items, estimated 30.2 minutes
2026-10-06T11:03:28.8805308Z Shard 5/6: 303 items, estimated 30.2 minutes
2026-10-06T11:03:28.8805847Z Selected shard 3; full manifest: /home/runner/work/lavik/lavik/build_ci/test-results/shard-3-of-6/plan.json
2026-10-06T11:03:28.8876112Z Internal ctest changing into directory: /home/runner/work/lavik/lavik/build_ci
2026-10-06T11:03:28.8877532Z Test project /home/runner/work/lavik/lavik/build_ci
2026-10-06T11:03:28.9347188Z         Start    7: cluster_model.LftTraceTest.RejectsMalformedAndUnknownInputs
2026-10-06T11:03:28.9368914Z   1/277 Test    #7: cluster_model.LftTraceTest.RejectsMalformedAndUnknownInputs ........................................................................................   Passed    0.00 sec
2026-10-06T11:03:28.9370367Z         Start   12: cluster_model.ScenarioRunnerTest.RejectsScenarioAndObservationDrift
2026-10-06T11:03:28.9390993Z   2/277 Test   #12: cluster_model.ScenarioRunnerTest.RejectsScenarioAndObservationDrift ................................................................................   Passed    0.00 sec
2026-10-06T11:03:28.9392211Z         Start   14: cluster_model.ClusterInvariantTest.AcceptsGoodReferenceSnapshot
2026-10-06T11:03:28.9413179Z   3/277 Test   #14: cluster_model.ClusterInvariantTest.AcceptsGoodReferenceSnapshot ....................................................................................   Passed    0.00 sec
2026-10-06T11:03:28.9415689Z         Start   24: cluster_model.ClusterInvariantTest.RejectsEveryExposureAfterPopulationFailedStopped
2026-10-06T11:03:28.9432573Z   4/277 Test   #24: cluster_model.ClusterInvariantTest.RejectsEveryExposureAfterPopulationFailedStopped ................................................................   Passed    0.00 sec
2026-10-06T11:03:28.9434314Z         Start   26: cluster_model.ClusterInvariantTest.RetiredPopulationCapacityRemainsUnavailableUntilReclaim
2026-10-06T11:03:28.9452811Z   5/277 Test   #26: cluster_model.ClusterInvariantTest.RetiredPopulationCapacityRemainsUnavailableUntilReclaim .........................................................   Passed    0.00 sec
2026-10-06T11:03:28.9454382Z         Start   35: cluster_model.RequiredFaults/CounterexampleTest.GeneratesReplaysAndMinimizesStableFinding/(1-byte object <05>, "meta.directive-evidence-scoped")
2026-10-06T11:03:28.9479826Z   6/277 Test   #35: cluster_model.RequiredFaults/CounterexampleTest.GeneratesReplaysAndMinimizesStableFinding/(1-byte object <05>, "meta.directive-evidence-scoped") ...   Passed    0.00 sec
2026-10-06T11:03:28.9483068Z         Start   43: cluster_status.ClusterCreateManifestTest.RecoveryBudgetOverrideSurvivesRequestRoundTrip
2026-10-06T11:03:28.9509407Z   7/277 Test   #43: cluster_status.ClusterCreateManifestTest.RecoveryBudgetOverrideSurvivesRequestRoundTrip ............................................................   Passed    0.00 sec
2026-10-06T11:03:28.9511049Z         Start   46: cluster_status.ClusterCreateManifestTest.ExplicitRangesAreCanonicalAndFullyCovered
2026-10-06T11:03:28.9536138Z   8/277 Test   #46: cluster_status.ClusterCreateManifestTest.ExplicitRangesAreCanonicalAndFullyCovered .................................................................   Passed    0.00 sec
2026-10-06T11:03:28.9537744Z         Start   52: cluster_status.ClusterCreateManifestTest.RejectsUnsupportedVersionsAndInvalidTopologyShapes
2026-10-06T11:03:28.9575136Z   9/277 Test   #52: cluster_status.ClusterCreateManifestTest.RejectsUnsupportedVersionsAndInvalidTopologyShapes ........................................................   Passed    0.00 sec
2026-10-06T11:03:28.9578128Z         Start   59: cluster_status.ClusterCreateProtocolTest.DecodesGenesisOutcome
2026-10-06T11:03:28.9597419Z  10/277 Test   #59: cluster_status.ClusterCreateProtocolTest.DecodesGenesisOutcome .....................................................................................   Passed    0.00 sec
2026-10-06T11:03:28.9600536Z         Start   66: cluster_status.ClusterCreateOperatorTest.DistinguishesSecondConnectionFailureBeforeMutationWrite
2026-10-06T11:03:28.9637441Z  11/277 Test   #66: cluster_status.ClusterCreateOperatorTest.DistinguishesSecondConnectionFailureBeforeMutationWrite ...................................................   Passed    0.00 sec
2026-10-06T11:03:28.9641100Z         Start   69: cluster_status.MetaClusterStatusWireTest.RejectsContradictoryAutomaticFailoverDiagnostics
2026-10-06T11:03:28.9664445Z  12/277 Test   #69: cluster_status.MetaClusterStatusWireTest.RejectsContradictoryAutomaticFailoverDiagnostics ..........................................................   Passed    0.00 sec
2026-10-06T11:03:28.9665941Z         Start   78: cluster_status.MetaClusterStatusOperatorTest.UnixLeaderRetriesTransientCaptureWithoutTcpCredentials
2026-10-06T11:03:28.9993032Z  13/277 Test   #78: cluster_status.MetaClusterStatusOperatorTest.UnixLeaderRetriesTransientCaptureWithoutTcpCredentials ................................................   Passed    0.03 sec
2026-10-06T11:03:28.9994416Z         Start   81: cluster_status.MetaClusterStatusOperatorTest.RediscoversAfterLeaderChangesDuringDiscovery
2026-10-06T11:03:29.0068497Z  14/277 Test   #81: cluster_status.MetaClusterStatusOperatorTest.RediscoversAfterLeaderChangesDuringDiscovery ..........................................................   Passed    0.01 sec
2026-10-06T11:03:29.0069783Z         Start   87: cluster_status.MetaFailoverAdminCodecTest.RoundTripsBoundedCanonicalRequestAndReply
2026-10-06T11:03:29.0091703Z  15/277 Test   #87: cluster_status.MetaFailoverAdminCodecTest.RoundTripsBoundedCanonicalRequestAndReply ................................................................   Passed    0.00 sec
2026-10-06T11:03:29.0092922Z         Start   90: cluster_status.MetaFailoverOperatorTest.UnknownGroupNeverSendsMutation
2026-10-06T11:03:29.0115157Z  16/277 Test   #90: cluster_status.MetaFailoverOperatorTest.UnknownGroupNeverSendsMutation .............................................................................   Passed    0.00 sec
2026-10-06T11:03:29.0116584Z         Start  104: meta.MetaAutomaticFailoverStateMachineTest.IndeterminateFreezesAndReasonChangesPreserveElapsedTime
2026-10-06T11:03:29.1687889Z  17/277 Test  #104: meta.MetaAutomaticFailoverStateMachineTest.IndeterminateFreezesAndReasonChangesPreserveElapsedTime .................................................   Passed    0.16 sec
2026-10-06T11:03:29.1692981Z         Start  105: meta.MetaAutomaticFailoverStateMachineTest.AnyAuthorityLeadershipOrPolicyAnchorChangeResetsElapsedTime
2026-10-06T11:03:29.1755192Z  18/277 Test  #105: meta.MetaAutomaticFailoverStateMachineTest.AnyAuthorityLeadershipOrPolicyAnchorChangeResetsElapsedTime .............................................   Passed    0.01 sec
2026-10-06T11:03:29.1758045Z         Start  113: meta.MetaAutomaticFailoverDiagnosticsRegistryTest.PublishesOneAtomicGroupSortedGenerationCut
2026-10-06T11:03:29.1817159Z  19/277 Test  #113: meta.MetaAutomaticFailoverDiagnosticsRegistryTest.PublishesOneAtomicGroupSortedGenerationCut .......................................................   Passed    0.01 sec
2026-10-06T11:03:29.1819309Z         Start  120: meta.MetaAutomaticFailoverReconcilerTest.DiagnosticsCatchUpAfterConfigurationOnlyCommit
2026-10-06T11:03:31.0563288Z  20/277 Test  #120: meta.MetaAutomaticFailoverReconcilerTest.DiagnosticsCatchUpAfterConfigurationOnlyCommit ............................................................   Passed    1.87 sec
2026-10-06T11:03:31.0564794Z         Start  123: meta.MetaAutomaticFailoverReconcilerTest.NewGenerationRepeatsWarmupAndAFullDebounce
2026-10-06T11:03:32.5042525Z  21/277 Test  #123: meta.MetaAutomaticFailoverReconcilerTest.NewGenerationRepeatsWarmupAndAFullDebounce ................................................................   Passed    1.45 sec
2026-10-06T11:03:32.5044057Z         Start  126: meta.MetaAutomaticFailoverReconcilerTest.ServiceableRecoveryImmediatelyBeforeAppendSuppressesBegin
2026-10-06T11:03:33.4013172Z  22/277 Test  #126: meta.MetaAutomaticFailoverReconcilerTest.ServiceableRecoveryImmediatelyBeforeAppendSuppressesBegin .................................................   Passed    0.90 sec
2026-10-06T11:03:33.4014344Z         Start  139: meta.MetaSha256.MatchesFipsKnownAnswerForAbc
2026-10-06T11:03:33.4089441Z  23/277 Test  #139: meta.MetaSha256.MatchesFipsKnownAnswerForAbc .......................................................................................................   Passed    0.01 sec
2026-10-06T11:03:33.4090670Z         Start  141: meta.ClusterCreateV1RecoveryTest.CapturesAbsoluteSlotsIncludingUnassignedGaps
2026-10-06T11:03:34.1728400Z  24/277 Test  #141: meta.ClusterCreateV1RecoveryTest.CapturesAbsoluteSlotsIncludingUnassignedGaps ......................................................................   Passed    0.76 sec
2026-10-06T11:03:34.1729888Z         Start  154: meta.ClusterCreateV1RecoveryTest.LaterFailurePreemptsEarlierRunnableChild
2026-10-06T11:03:35.7137505Z  25/277 Test  #154: meta.ClusterCreateV1RecoveryTest.LaterFailurePreemptsEarlierRunnableChild ..........................................................................   Passed    1.54 sec
2026-10-06T11:03:35.7139159Z         Start  161: meta.ClusterCreateV1RecoveryTest.SourceHistoryChangeWhileRebuildingFencesItsGroupAndAbortsRoot
2026-10-06T11:03:36.9647099Z  26/277 Test  #161: meta.ClusterCreateV1RecoveryTest.SourceHistoryChangeWhileRebuildingFencesItsGroupAndAbortsRoot .....................................................   Passed    1.25 sec
2026-10-06T11:03:36.9648614Z         Start  162: meta.ClusterCreateV1RecoveryTest.PrimaryRestartBeforeDirectiveDispatchDoesNotIssueStaleInitialization
2026-10-06T11:03:38.0103233Z  27/277 Test  #162: meta.ClusterCreateV1RecoveryTest.PrimaryRestartBeforeDirectiveDispatchDoesNotIssueStaleInitialization ..............................................   Passed    1.05 sec
2026-10-06T11:03:38.0104647Z         Start  169: meta.ClusterCreateManyGroupsTest.BoundsActiveWorkAndReusesFreedCapacity
2026-10-06T11:03:41.0761527Z  28/277 Test  #169: meta.ClusterCreateManyGroupsTest.BoundsActiveWorkAndReusesFreedCapacity ............................................................................   Passed    3.07 sec
2026-10-06T11:03:41.0762748Z         Start  178: meta.MembershipRecoveryTest.MissingInviteResultKeepsOriginalIdentity
2026-10-06T11:03:41.1602583Z  29/277 Test  #178: meta.MembershipRecoveryTest.MissingInviteResultKeepsOriginalIdentity ...............................................................................   Passed    0.08 sec
2026-10-06T11:03:41.1603761Z         Start  183: meta.MembershipRecoveryTest.CodecIsBoundedStrictAndCanonical
2026-10-06T11:03:41.1801768Z  30/277 Test  #183: meta.MembershipRecoveryTest.CodecIsBoundedStrictAndCanonical .......................................................................................   Passed    0.02 sec
2026-10-06T11:03:41.1803447Z         Start  187: meta.MetaCoordinatorComponentTest.WorkflowCaptureProgressDoesNotDependOnNotificationDelivery
2026-10-06T11:03:41.1945984Z  31/277 Test  #187: meta.MetaCoordinatorComponentTest.WorkflowCaptureProgressDoesNotDependOnNotificationDelivery .......................................................   Passed    0.01 sec
2026-10-06T11:03:41.1948100Z         Start  189: meta.MetaCoordinatorComponentTest.PublicationSubscriptionRechecksInstallAtAdvancedIndex
2026-10-06T11:03:41.2077497Z  32/277 Test  #189: meta.MetaCoordinatorComponentTest.PublicationSubscriptionRechecksInstallAtAdvancedIndex ............................................................   Passed    0.01 sec
2026-10-06T11:03:41.2078958Z         Start  197: meta.MetaCoordinatorServerTest.ProposeInjectsActorAndReturnsAuditVerdict
2026-10-06T11:03:41.4849484Z  33/277 Test  #197: meta.MetaCoordinatorServerTest.ProposeInjectsActorAndReturnsAuditVerdict ...........................................................................   Passed    0.28 sec
2026-10-06T11:03:41.4850938Z         Start  203: meta.MetaCoordinatorServerTest.FailSafeGateAllowsExactPostBeginControlledAbortButNotCutover
2026-10-06T11:03:41.7309570Z  34/277 Test  #203: meta.MetaCoordinatorServerTest.FailSafeGateAllowsExactPostBeginControlledAbortButNotCutover ........................................................   Passed    0.25 sec
2026-10-06T11:03:41.7311005Z         Start  210: meta.MetaCoordinatorServerTest.UncertainOutcomeTimeoutIsReconcilable
2026-10-06T11:03:42.3106685Z  35/277 Test  #210: meta.MetaCoordinatorServerTest.UncertainOutcomeTimeoutIsReconcilable ...............................................................................   Passed    0.58 sec
2026-10-06T11:03:42.3107964Z         Start  219: meta.MetaCandidatePlanTest.ControlledSelectionUsesOnlyTheRequiredCompatibilityDomain
2026-10-06T11:03:42.3177737Z  36/277 Test  #219: meta.MetaCandidatePlanTest.ControlledSelectionUsesOnlyTheRequiredCompatibilityDomain ...............................................................   Passed    0.01 sec
2026-10-06T11:03:42.3182023Z         Start  224: meta.MetaCandidatePlanTest.TtlIsAppliedAtTheFixedPlanningInstant
2026-10-06T11:03:42.3243635Z  37/277 Test  #224: meta.MetaCandidatePlanTest.TtlIsAppliedAtTheFixedPlanningInstant ...................................................................................   Passed    0.01 sec
2026-10-06T11:03:42.3244780Z         Start  229: meta.MetaControlProjector.ProjectsCommittedFailoverExecutionSubset
2026-10-06T11:03:42.3364601Z  38/277 Test  #229: meta.MetaControlProjector.ProjectsCommittedFailoverExecutionSubset .................................................................................   Passed    0.01 sec
2026-10-06T11:03:42.3365922Z         Start  239: meta.MetaControlProjector.DurableStoreRejectsAmbiguousOrUndialableDataEndpoints
2026-10-06T11:03:42.3607702Z  39/277 Test  #239: meta.MetaControlProjector.DurableStoreRejectsAmbiguousOrUndialableDataEndpoints ....................................................................   Passed    0.02 sec
2026-10-06T11:03:42.3609004Z         Start  240: meta.MetaControlProjector.TransitionGuardAndProjectorDeriveStorageClassFromKind
2026-10-06T11:03:42.3789959Z  40/277 Test  #240: meta.MetaControlProjector.TransitionGuardAndProjectorDeriveStorageClassFromKind ....................................................................   Passed    0.02 sec
2026-10-06T11:03:42.3791518Z         Start  245: meta.MetaDirectiveResultQueueTest.BoundsCountIncludingBorrowedFront
2026-10-06T11:03:42.3850196Z  41/277 Test  #245: meta.MetaDirectiveResultQueueTest.BoundsCountIncludingBorrowedFront ................................................................................   Passed    0.01 sec
2026-10-06T11:03:42.3851768Z         Start  248: meta.MetaDataControlRuntimeStatusTest.PublishesOnlyCurrentSessionAndAckedHeartbeatFacts
2026-10-06T11:03:42.3912106Z  42/277 Test  #248: meta.MetaDataControlRuntimeStatusTest.PublishesOnlyCurrentSessionAndAckedHeartbeatFacts ............................................................   Passed    0.01 sec
2026-10-06T11:03:42.3913559Z         Start  254: meta.MetaDataPublicationViewCacheTest.InstallAfterAdvanceAtSameAppliedIndexRefreshes
2026-10-06T11:03:42.3984719Z  43/277 Test  #254: meta.MetaDataPublicationViewCacheTest.InstallAfterAdvanceAtSameAppliedIndexRefreshes ...............................................................   Passed    0.01 sec
2026-10-06T11:03:42.3986521Z         Start  264: meta.MetaDataControlLeaseTest.UnhealthyOwnerCannotBypassButAlsoDoesNotOutliveHandoffWait
2026-10-06T11:03:42.4049448Z  44/277 Test  #264: meta.MetaDataControlLeaseTest.UnhealthyOwnerCannotBypassButAlsoDoesNotOutliveHandoffWait ...........................................................   Passed    0.01 sec
2026-10-06T11:03:42.4050745Z         Start  266: meta.MetaDataControlLeaseTest.MetaLeaderSuspendRequiresAFullActiveLivenessWindow
2026-10-06T11:03:42.4112107Z  45/277 Test  #266: meta.MetaDataControlLeaseTest.MetaLeaderSuspendRequiresAFullActiveLivenessWindow ...................................................................   Passed    0.01 sec
2026-10-06T11:03:42.4113369Z         Start  273: meta.MetaDataControlHandshakeLimitTest.RejectsAtDomainCapAndReusesReleasedPermit
2026-10-06T11:03:42.4175961Z  46/277 Test  #273: meta.MetaDataControlHandshakeLimitTest.RejectsAtDomainCapAndReusesReleasedPermit ...................................................................   Passed    0.01 sec
2026-10-06T11:03:42.4177293Z         Start  280: meta.MetaDataControlOptionsTest.ObservationTtlCoversMaximumDerivedHeartbeatCadence
2026-10-06T11:03:42.4238609Z  47/277 Test  #280: meta.MetaDataControlOptionsTest.ObservationTtlCoversMaximumDerivedHeartbeatCadence .................................................................   Passed    0.01 sec
2026-10-06T11:03:42.4240103Z         Start  285: meta.MetaDataControlDirectoryTest.OversizedAggregateIsRejectedBeforeCommitAndPriorStateStillProjects
2026-10-06T11:03:42.7291609Z  48/277 Test  #285: meta.MetaDataControlDirectoryTest.OversizedAggregateIsRejectedBeforeCommitAndPriorStateStillProjects ...............................................   Passed    0.30 sec
2026-10-06T11:03:42.7293130Z         Start  290: meta.MetaHeartbeatObservationTest.RejectedDiagnosticSummaryDoesNotSuppressTypedOwnerHealth
2026-10-06T11:03:42.7363783Z  49/277 Test  #290: meta.MetaHeartbeatObservationTest.RejectedDiagnosticSummaryDoesNotSuppressTypedOwnerHealth .........................................................   Passed    0.01 sec
2026-10-06T11:03:42.7365258Z         Start  299: meta.MetaFailoverTransitionApply.AutomaticBeginRejectsCandidateWithoutDomainMutation
2026-10-06T11:03:42.7453657Z  50/277 Test  #299: meta.MetaFailoverTransitionApply.AutomaticBeginRejectsCandidateWithoutDomainMutation ...............................................................   Passed    0.01 sec
2026-10-06T11:03:42.7455142Z         Start  309: meta.MetaFailoverTransitionApply.BeginUncontrolledRejectsTermAdvanceWithoutTransition
2026-10-06T11:03:42.7539565Z  51/277 Test  #309: meta.MetaFailoverTransitionApply.BeginUncontrolledRejectsTermAdvanceWithoutTransition ..............................................................   Passed    0.01 sec
2026-10-06T11:03:42.7541130Z         Start  311: meta.MetaFailoverTransitionApply.FailoverSubmitRequiresCreatedClusterLifecycle
2026-10-06T11:03:42.7638056Z  52/277 Test  #311: meta.MetaFailoverTransitionApply.FailoverSubmitRequiresCreatedClusterLifecycle .....................................................................   Passed    0.01 sec
2026-10-06T11:03:42.7640831Z         Start  312: meta.MetaFailoverTransitionApply.ActiveTransitionBlocksOrdinaryAuthorityAndAnchorMutations
2026-10-06T11:03:42.7829631Z  53/277 Test  #312: meta.MetaFailoverTransitionApply.ActiveTransitionBlocksOrdinaryAuthorityAndAnchorMutations .........................................................   Passed    0.02 sec
2026-10-06T11:03:42.7831337Z         Start  325: meta.MetaFailoverTransitionW2.ControlledCommitRejectsTermOnlyPartialStateWithoutRepair
2026-10-06T11:03:42.7919196Z  54/277 Test  #325: meta.MetaFailoverTransitionW2.ControlledCommitRejectsTermOnlyPartialStateWithoutRepair .............................................................   Passed    0.01 sec
2026-10-06T11:03:42.7920544Z         Start  327: meta.MetaFailoverTransitionW2.TypedCommandRejectionMatrixLeavesEveryDomainStoreUnchanged
2026-10-06T11:03:42.8227745Z  55/277 Test  #327: meta.MetaFailoverTransitionW2.TypedCommandRejectionMatrixLeavesEveryDomainStoreUnchanged ...........................................................   Passed    0.03 sec
2026-10-06T11:03:42.8229172Z         Start  333: meta.MetaFailoverObservationStore.CandidateDisconnectImmediatelyWithdrawsPreparedAndFailedFacts
2026-10-06T11:03:42.8295904Z  56/277 Test  #333: meta.MetaFailoverObservationStore.CandidateDisconnectImmediatelyWithdrawsPreparedAndFailedFacts ....................................................   Passed    0.01 sec
2026-10-06T11:03:42.8297324Z         Start  339: meta.MetaFencedAuthorityGuardTest.FenceNeedsElapsedLeaseWindowAndResetsWithLeadership
2026-10-06T11:03:42.8360089Z  57/277 Test  #339: meta.MetaFencedAuthorityGuardTest.FenceNeedsElapsedLeaseWindowAndResetsWithLeadership ..............................................................   Passed    0.01 sec
2026-10-06T11:03:42.8361757Z         Start  340: meta.MetaFailoverReconcilerPlannerTest.OccupiedGroupDoesNotReplanSubmittedOrActiveTransition
2026-10-06T11:03:42.8574774Z  58/277 Test  #340: meta.MetaFailoverReconcilerPlannerTest.OccupiedGroupDoesNotReplanSubmittedOrActiveTransition .......................................................   Passed    0.02 sec
2026-10-06T11:03:42.8576382Z         Start  348: meta.MetaFailoverReconcilerPlannerTest.ControlledCandidateNewBootAbortsWhileSourceIsInGrace
2026-10-06T11:03:42.8750991Z  59/277 Test  #348: meta.MetaFailoverReconcilerPlannerTest.ControlledCandidateNewBootAbortsWhileSourceIsInGrace ........................................................   Passed    0.02 sec
2026-10-06T11:03:42.8752829Z         Start  360: meta.MetaFailoverReconcilerPlannerTest.ControlledSourceHistoryReplacementDegradesAndRetainsLosslessAction
2026-10-06T11:03:42.8966729Z  60/277 Test  #360: meta.MetaFailoverReconcilerPlannerTest.ControlledSourceHistoryReplacementDegradesAndRetainsLosslessAction ..........................................   Passed    0.02 sec
2026-10-06T11:03:42.8968486Z         Start  364: meta.MetaFailoverReconcilerPlannerTest.BeginUncontrolledRetainsPreselectedCandidateUntilTargetTermHeartbeat
2026-10-06T11:03:42.9130451Z  61/277 Test  #364: meta.MetaFailoverReconcilerPlannerTest.BeginUncontrolledRetainsPreselectedCandidateUntilTargetTermHeartbeat ........................................   Passed    0.02 sec
2026-10-06T11:03:42.9132288Z         Start  366: meta.MetaFailoverReconcilerPlannerTest.TargetTermHeartbeatOmissionMakesPreselectedCandidateReplaceable
2026-10-06T11:03:42.9252590Z  62/277 Test  #366: meta.MetaFailoverReconcilerPlannerTest.TargetTermHeartbeatOmissionMakesPreselectedCandidateReplaceable .............................................   Passed    0.01 sec
2026-10-06T11:03:42.9254114Z         Start  378: meta.MetaFailoverOperationIntentCodecTest.FailsStopOnUnknownVersionTrailingBytesAndInvalidDecodedRequest
2026-10-06T11:03:42.9317174Z  63/277 Test  #378: meta.MetaFailoverOperationIntentCodecTest.FailsStopOnUnknownVersionTrailingBytesAndInvalidDecodedRequest ...........................................   Passed    0.01 sec
2026-10-06T11:03:42.9318631Z         Start  386: meta.MetaFailoverValidationTest.RejectsUncontrolledCandidateClearWhenNoActionIsInstalled
2026-10-06T11:03:42.9412010Z  64/277 Test  #386: meta.MetaFailoverValidationTest.RejectsUncontrolledCandidateClearWhenNoActionIsInstalled ...........................................................   Passed    0.01 sec
2026-10-06T11:03:42.9413386Z         Start  387: meta.MetaFailoverValidationTest.KeepsUncontrolledReplacementWhenDisconnectedActionReprepares
2026-10-06T11:03:42.9659756Z  65/277 Test  #387: meta.MetaFailoverValidationTest.KeepsUncontrolledReplacementWhenDisconnectedActionReprepares .......................................................   Passed    0.02 sec
2026-10-06T11:03:42.9662353Z         Start  394: meta.MetaFailoverValidationTest.RejectsControlledCommitWhenDisconnectedActionRepreparesAfterPlanning
2026-10-06T11:03:42.9904303Z  66/277 Test  #394: meta.MetaFailoverValidationTest.RejectsControlledCommitWhenDisconnectedActionRepreparesAfterPlanning ...............................................   Passed    0.02 sec
2026-10-06T11:03:42.9905607Z         Start  402: meta.MetaAuditStore.DefaultBoundedWindowRotatesAndReportsLoss
2026-10-06T11:03:42.9971059Z  67/277 Test  #402: meta.MetaAuditStore.DefaultBoundedWindowRotatesAndReportsLoss ......................................................................................   Passed    0.01 sec
2026-10-06T11:03:42.9972424Z         Start  411: meta.MetaAuditStore.RetainedCopyCanBeReadWhileOriginalChanges
2026-10-06T11:03:43.0202210Z  68/277 Test  #411: meta.MetaAuditStore.RetainedCopyCanBeReadWhileOriginalChanges ......................................................................................   Passed    0.02 sec
2026-10-06T11:03:43.0203600Z         Start  413: meta.MetaAuditStore.MultiPageSnapshotKeepsCanonicalFlatEncoding
2026-10-06T11:03:43.0306616Z  69/277 Test  #413: meta.MetaAuditStore.MultiPageSnapshotKeepsCanonicalFlatEncoding ....................................................................................   Passed    0.01 sec
2026-10-06T11:03:43.0307959Z         Start  424: meta.MetaOperationStore.TransitionsOnUnknownOrTerminalOperationsReject
2026-10-06T11:03:43.0371852Z  70/277 Test  #424: meta.MetaOperationStore.TransitionsOnUnknownOrTerminalOperationsReject .............................................................................   Passed    0.01 sec
2026-10-06T11:03:43.0373018Z         Start  431: meta.MetaOperationStore.ArchiveSummaryCapEnforced
2026-10-06T11:03:43.0436752Z  71/277 Test  #431: meta.MetaOperationStore.ArchiveSummaryCapEnforced ..................................................................................................   Passed    0.01 sec
2026-10-06T11:03:43.0437833Z         Start  434: meta.MetaOperationStore.ExportArchiveDrainsSummaries
2026-10-06T11:03:43.0502652Z  72/277 Test  #434: meta.MetaOperationStore.ExportArchiveDrainsSummaries ...............................................................................................   Passed    0.01 sec
2026-10-06T11:03:43.0503791Z         Start  435: meta.MetaOperationStore.SerializationRoundTripPreservesJournal
2026-10-06T11:03:43.0568441Z  73/277 Test  #435: meta.MetaOperationStore.SerializationRoundTripPreservesJournal .....................................................................................   Passed    0.01 sec
2026-10-06T11:03:43.0569706Z         Start  442: meta.MetaTopologyAuthority.ActivateRejectsZeroServingTerm
2026-10-06T11:03:43.0635773Z  74/277 Test  #442: meta.MetaTopologyAuthority.ActivateRejectsZeroServingTerm ..........................................................................................   Passed    0.01 sec
2026-10-06T11:03:43.0636832Z         Start  445: meta.MetaTopologyAuthority.FactQueriesTrackGrantState
2026-10-06T11:03:43.0708656Z  75/277 Test  #445: meta.MetaTopologyAuthority.FactQueriesTrackGrantState ..............................................................................................   Passed    0.01 sec
2026-10-06T11:03:43.0709673Z         Start  449: meta.MetaModelEncoding.NestedListRoundTrip
2026-10-06T11:03:43.0774258Z  76/277 Test  #449: meta.MetaModelEncoding.NestedListRoundTrip .........................................................................................................   Passed    0.01 sec
2026-10-06T11:03:43.0775325Z         Start  456: meta.MetaModelEncoding.TruncatedListElementFails
2026-10-06T11:03:43.0840989Z  77/277 Test  #456: meta.MetaModelEncoding.TruncatedListElementFails ...................................................................................................   Passed    0.01 sec
2026-10-06T11:03:43.0842413Z         Start  457: meta.MetaModelEncoding.BoolRoundTripAndInvalidTagFails
2026-10-06T11:03:43.0907666Z  78/277 Test  #457: meta.MetaModelEncoding.BoolRoundTripAndInvalidTagFails .............................................................................................   Passed    0.01 sec
2026-10-06T11:03:43.0909170Z         Start  466: meta.MetaModelCommands.TruncatedCommandFails
2026-10-06T11:03:43.0978616Z  79/277 Test  #466: meta.MetaModelCommands.TruncatedCommandFails .......................................................................................................   Passed    0.01 sec
2026-10-06T11:03:43.0979675Z         Start  471: meta.MetaModelCommands.RetireNodeRoundTrip
2026-10-06T11:03:43.1046160Z  80/277 Test  #471: meta.MetaModelCommands.RetireNodeRoundTrip .........................................................................................................   Passed    0.01 sec
2026-10-06T11:03:43.1047309Z         Start  480: meta.MetaModelCommands.FailoverTransitionValueRoundTrips
2026-10-06T11:03:43.1109610Z  81/277 Test  #480: meta.MetaModelCommands.FailoverTransitionValueRoundTrips ...........................................................................................   Passed    0.01 sec
2026-10-06T11:03:43.1110619Z         Start  490: meta.MetaModelCommands.AdministrativeCommandsRoundTrip
2026-10-06T11:03:43.1173676Z  82/277 Test  #490: meta.MetaModelCommands.AdministrativeCommandsRoundTrip .............................................................................................   Passed    0.01 sec
2026-10-06T11:03:43.1174684Z         Start  495: meta.MetaModelCommands.EncodeRejectsOutOfRangeSlotRange
2026-10-06T11:03:43.1238665Z  83/277 Test  #495: meta.MetaModelCommands.EncodeRejectsOutOfRangeSlotRange ............................................................................................   Passed    0.01 sec
2026-10-06T11:03:43.1239682Z         Start  500: meta.MetaModelCommands.DecodeRejectsBufferOverCommandCap
2026-10-06T11:03:43.1304811Z  84/277 Test  #500: meta.MetaModelCommands.DecodeRejectsBufferOverCommandCap ...........................................................................................   Passed    0.01 sec
2026-10-06T11:03:43.1306244Z         Start  504: meta.MetaStateApply.UpdateAndRetireNodeThroughDispatcher
2026-10-06T11:03:43.1378320Z  85/277 Test  #504: meta.MetaStateApply.UpdateAndRetireNodeThroughDispatcher ...........................................................................................   Passed    0.01 sec
2026-10-06T11:03:43.1379459Z         Start  507: meta.MetaStateApply.MetaStoresSnapshotRoundTrip
2026-10-06T11:03:43.1488304Z  86/277 Test  #507: meta.MetaStateApply.MetaStoresSnapshotRoundTrip ....................................................................................................   Passed    0.01 sec
2026-10-06T11:03:43.1489475Z         Start  509: meta.MetaStateApply.LogIndexZeroRejectedWithoutDispatchOrAudit
2026-10-06T11:03:43.1557578Z  87/277 Test  #509: meta.MetaStateApply.LogIndexZeroRejectedWithoutDispatchOrAudit .....................................................................................   Passed    0.01 sec
2026-10-06T11:03:43.1559073Z         Start  519: meta.MetaStateApply.SetSlotMapCannotClearSlotsCoveredByAnActiveGrant
2026-10-06T11:03:43.1791829Z  88/277 Test  #519: meta.MetaStateApply.SetSlotMapCannotClearSlotsCoveredByAnActiveGrant ...............................................................................   Passed    0.02 sec
2026-10-06T11:03:43.1793156Z         Start  530: meta.MetaStateApply.ClusterCreateAbortAtomicallyRecordsSafeFailure
2026-10-06T11:03:43.1876824Z  89/277 Test  #530: meta.MetaStateApply.ClusterCreateAbortAtomicallyRecordsSafeFailure .................................................................................   Passed    0.01 sec
2026-10-06T11:03:43.1878133Z         Start  532: meta.MetaStateApply.ClusterRootTerminalizationRejectsASingleStoreEffect
2026-10-06T11:03:43.1959357Z  90/277 Test  #532: meta.MetaStateApply.ClusterRootTerminalizationRejectsASingleStoreEffect ............................................................................   Passed    0.01 sec
2026-10-06T11:03:43.1960660Z         Start  543: meta.MetaStateApply.DirectiveIntentMustMatchCommittedAuthorityAndAssignment
2026-10-06T11:03:43.2035623Z  91/277 Test  #543: meta.MetaStateApply.DirectiveIntentMustMatchCommittedAuthorityAndAssignment ........................................................................   Passed    0.01 sec
2026-10-06T11:03:43.2037150Z         Start  547: meta.MetaStateApply.RejectedAnchorMutationDoesNotInvalidateDirective
2026-10-06T11:03:43.2109500Z  92/277 Test  #547: meta.MetaStateApply.RejectedAnchorMutationDoesNotInvalidateDirective ...............................................................................   Passed    0.01 sec
2026-10-06T11:03:43.2110695Z         Start  552: meta.MetaStateApply.ArchiveOperationsRejectsNonTerminal
2026-10-06T11:03:43.2179814Z  93/277 Test  #552: meta.MetaStateApply.ArchiveOperationsRejectsNonTerminal ............................................................................................   Passed    0.01 sec
2026-10-06T11:03:43.2180840Z         Start  556: meta.MetaObservationStore.AdoptThenIngestBootAndHealth
2026-10-06T11:03:43.2247849Z  94/277 Test  #556: meta.MetaObservationStore.AdoptThenIngestBootAndHealth .............................................................................................   Passed    0.01 sec
2026-10-06T11:03:43.2249148Z         Start  558: meta.MetaObservationStore.ExactDisconnectIsLatchedAcrossReplacementSessionUntilLeaderReset
2026-10-06T11:03:43.2316648Z  95/277 Test  #558: meta.MetaObservationStore.ExactDisconnectIsLatchedAcrossReplacementSessionUntilLeaderReset .........................................................   Passed    0.01 sec
2026-10-06T11:03:43.2318011Z         Start  568: meta.MetaObservationStore.IngestRejectsStaleAndFutureGeneration
2026-10-06T11:03:43.2381491Z  96/277 Test  #568: meta.MetaObservationStore.IngestRejectsStaleAndFutureGeneration ....................................................................................   Passed    0.01 sec
2026-10-06T11:03:43.2384315Z         Start  574: meta.MetaObservationStore.CandidateRequiresManifestMatch
2026-10-06T11:03:43.2448953Z  97/277 Test  #574: meta.MetaObservationStore.CandidateRequiresManifestMatch ...........................................................................................   Passed    0.01 sec
2026-10-06T11:03:43.2450190Z         Start  589: meta.MetaObservationStore.SweepExpiredDropsEntriesOlderThanTtl
2026-10-06T11:03:43.2517043Z  98/277 Test  #589: meta.MetaObservationStore.SweepExpiredDropsEntriesOlderThanTtl .....................................................................................   Passed    0.01 sec
2026-10-06T11:03:43.2518316Z         Start  593: meta.MetaObservationStore.PerNodeByteCapacityDoesNotPenalizeOtherNodes
2026-10-06T11:03:43.2583999Z  99/277 Test  #593: meta.MetaObservationStore.PerNodeByteCapacityDoesNotPenalizeOtherNodes .............................................................................   Passed    0.01 sec
2026-10-06T11:03:43.2585112Z         Start  595: meta.MetaObservationStore.OversizedPayloadFieldRejects
2026-10-06T11:03:43.2649970Z 100/277 Test  #595: meta.MetaObservationStore.OversizedPayloadFieldRejects .............................................................................................   Passed    0.01 sec
2026-10-06T11:03:43.2651593Z         Start  601: meta.MetaObservationFactsFixture.FailoverCapturesKeepGlobalEvidenceAndOnlyTheirCurrentPolicies
2026-10-06T11:03:43.2831725Z 101/277 Test  #601: meta.MetaObservationFactsFixture.FailoverCapturesKeepGlobalEvidenceAndOnlyTheirCurrentPolicies .....................................................   Passed    0.02 sec
2026-10-06T11:03:43.2833076Z         Start  605: meta.MetaProposalViewTest.AdmissionOwnsAuditAndIndicesAcrossAdvanceAndTeardown
2026-10-06T11:03:43.2905658Z 102/277 Test  #605: meta.MetaProposalViewTest.AdmissionOwnsAuditAndIndicesAcrossAdvanceAndTeardown .....................................................................   Passed    0.01 sec
2026-10-06T11:03:43.2906956Z         Start  618: meta.MetaOwnerServiceabilityTest.LaterHeartbeatPreservesEarlierCausalLeaseConfirmation
2026-10-06T11:03:43.2969727Z 103/277 Test  #618: meta.MetaOwnerServiceabilityTest.LaterHeartbeatPreservesEarlierCausalLeaseConfirmation .............................................................   Passed    0.01 sec
2026-10-06T11:03:43.2972380Z         Start  621: meta.MetaSentinelDiscoveryTest.PublicationGatesRetractPrimary
2026-10-06T11:03:43.3037622Z 104/277 Test  #621: meta.MetaSentinelDiscoveryTest.PublicationGatesRetractPrimary ......................................................................................   Passed    0.01 sec
2026-10-06T11:03:43.3038931Z         Start  626: meta.MetaSentinelDiscoveryTest.CompletionIsDeduplicatedAndReacquisitionIsBaseline
2026-10-06T11:03:43.3105154Z 105/277 Test  #626: meta.MetaSentinelDiscoveryTest.CompletionIsDeduplicatedAndReacquisitionIsBaseline ..................................................................   Passed    0.01 sec
2026-10-06T11:03:43.3106445Z         Start  628: meta.MetaSentinelDiscoveryTest.IncompleteSlotCoverageExposesNoService
2026-10-06T11:03:43.3172204Z 106/277 Test  #628: meta.MetaSentinelDiscoveryTest.IncompleteSlotCoverageExposesNoService ..............................................................................   Passed    0.01 sec
2026-10-06T11:03:43.3173442Z         Start  635: meta.MetaSentinelDiscoveryTest.ReplicaReadabilityRequiresSessionHealthAnchor
2026-10-06T11:03:43.3242989Z 107/277 Test  #635: meta.MetaSentinelDiscoveryTest.ReplicaReadabilityRequiresSessionHealthAnchor .......................................................................   Passed    0.01 sec
2026-10-06T11:03:43.3244224Z         Start  647: meta.MetaSentinelServerTest.ResignationRevokesConnectionAndRequiresNewTerm
2026-10-06T11:03:43.7025681Z 108/277 Test  #647: meta.MetaSentinelServerTest.ResignationRevokesConnectionAndRequiresNewTerm .........................................................................   Passed    0.38 sec
2026-10-06T11:03:43.7026904Z         Start  661: meta.MetaIdentitySecurity.MetaMemberBindingSurvivesSnapshotRoundTrip
2026-10-06T11:03:43.7097322Z 109/277 Test  #661: meta.MetaIdentitySecurity.MetaMemberBindingSurvivesSnapshotRoundTrip ...............................................................................   Passed    0.01 sec
2026-10-06T11:03:43.7098584Z         Start  662: meta.MetaIdentitySecurity.SentinelAddressIsDurableAndImmutable
2026-10-06T11:03:43.7166283Z 110/277 Test  #662: meta.MetaIdentitySecurity.SentinelAddressIsDurableAndImmutable .....................................................................................   Passed    0.01 sec
2026-10-06T11:03:43.7167727Z         Start  669: meta.MetaClusterStatusBracketTest.RejectsDetectorStateFromBeforeAnEligibilityAba
2026-10-06T11:03:43.7232218Z 111/277 Test  #669: meta.MetaClusterStatusBracketTest.RejectsDetectorStateFromBeforeAnEligibilityAba ...................................................................   Passed    0.01 sec
2026-10-06T11:03:43.7233893Z         Start  672: meta.MetaApplyResultTest.RejectsTagsAboveStartCandidateRecovery
2026-10-06T11:03:43.7297964Z 112/277 Test  #672: meta.MetaApplyResultTest.RejectsTagsAboveStartCandidateRecovery ....................................................................................   Passed    0.01 sec
2026-10-06T11:03:43.7299231Z         Start  675: meta.MetaStateMachineTest.LateConfigurationCallbackCannotRegressCursor
2026-10-06T11:03:43.9754031Z 113/277 Test  #675: meta.MetaStateMachineTest.LateConfigurationCallbackCannotRegressCursor .............................................................................   Passed    0.24 sec
2026-10-06T11:03:43.9755227Z         Start  680: meta.MetaStateMachineTest.SnapshotInstallRestoresAllStores
2026-10-06T11:03:43.9904921Z 114/277 Test  #680: meta.MetaStateMachineTest.SnapshotInstallRestoresAllStores .........................................................................................   Passed    0.01 sec
2026-10-06T11:03:43.9906530Z         Start  695: meta.MetaIdentityStore.RegisterNodePrincipalGloballyOneToOne
2026-10-06T11:03:43.9972355Z 115/277 Test  #695: meta.MetaIdentityStore.RegisterNodePrincipalGloballyOneToOne .......................................................................................   Passed    0.01 sec
2026-10-06T11:03:43.9974036Z         Start  702: meta.MetaIdentityStore.UpdateNodeRetiredNodeRejected
2026-10-06T11:03:44.0040183Z 116/277 Test  #702: meta.MetaIdentityStore.UpdateNodeRetiredNodeRejected ...............................................................................................   Passed    0.01 sec
2026-10-06T11:03:44.0043145Z         Start  706: meta.MetaIdentityStore.RetiredNodeCannotReregister
2026-10-06T11:03:44.0107860Z 117/277 Test  #706: meta.MetaIdentityStore.RetiredNodeCannotReregister .................................................................................................   Passed    0.01 sec
2026-10-06T11:03:44.0109672Z         Start  710: meta.MetaIdentityStore.DeserializeRejectsCorruption
2026-10-06T11:03:44.0179980Z 118/277 Test  #710: meta.MetaIdentityStore.DeserializeRejectsCorruption ................................................................................................   Passed    0.01 sec
2026-10-06T11:03:44.0183137Z         Start  715: meta.MetaTopologyStore.CreateGroupCreatesQueryableGroup
2026-10-06T11:03:44.0251118Z 119/277 Test  #715: meta.MetaTopologyStore.CreateGroupCreatesQueryableGroup ............................................................................................   Passed    0.01 sec
2026-10-06T11:03:44.0252264Z         Start  726: meta.MetaTopologyStore.AssignNodeToGroupUnknownGroupRejected
2026-10-06T11:03:44.0327819Z 120/277 Test  #726: meta.MetaTopologyStore.AssignNodeToGroupUnknownGroupRejected .......................................................................................   Passed    0.01 sec
2026-10-06T11:03:44.0329591Z         Start  740: meta.MetaTopologyStore.SetSlotMapIsAbsolute
2026-10-06T11:03:44.0405175Z 121/277 Test  #740: meta.MetaTopologyStore.SetSlotMapIsAbsolute ........................................................................................................   Passed    0.01 sec
2026-10-06T11:03:44.0406398Z         Start  743: meta.MetaTopologyStore.GranularPrimitivesSetRecordFields
2026-10-06T11:03:44.0475770Z 122/277 Test  #743: meta.MetaTopologyStore.GranularPrimitivesSetRecordFields ...........................................................................................   Passed    0.01 sec
2026-10-06T11:03:44.0476913Z         Start  744: meta.MetaTopologyStore.SetTopologyEpochRules
2026-10-06T11:03:44.0548701Z 123/277 Test  #744: meta.MetaTopologyStore.SetTopologyEpochRules .......................................................................................................   Passed    0.01 sec
2026-10-06T11:03:44.0551118Z         Start  745: meta.MetaTopologyStore.RemoveOwnerDoesNotCascade
2026-10-06T11:03:44.0620845Z 124/277 Test  #745: meta.MetaTopologyStore.RemoveOwnerDoesNotCascade ...................................................................................................   Passed    0.01 sec
2026-10-06T11:03:44.0622525Z         Start  751: meta.MetaTopologyStore.CurrentRawLayoutFixtureDecodes
2026-10-06T11:03:44.0705842Z 125/277 Test  #751: meta.MetaTopologyStore.CurrentRawLayoutFixtureDecodes ..............................................................................................   Passed    0.01 sec
2026-10-06T11:03:44.0706979Z         Start  759: meta.MetaPolicyStore.AuthorityLeaseSchemaIsStrict
2026-10-06T11:03:44.0776477Z 126/277 Test  #759: meta.MetaPolicyStore.AuthorityLeaseSchemaIsStrict ..................................................................................................   Passed    0.01 sec
2026-10-06T11:03:44.0777701Z         Start  763: meta.MetaPolicyStore.PutPolicyEvictsOldestVersionAfterHistoryCap
2026-10-06T11:03:44.0854439Z 127/277 Test  #763: meta.MetaPolicyStore.PutPolicyEvictsOldestVersionAfterHistoryCap ...................................................................................   Passed    0.01 sec
2026-10-06T11:03:44.0855741Z         Start  766: meta.MetaPolicyStore.SerializationIsDeterministic
2026-10-06T11:03:44.0922481Z 128/277 Test  #766: meta.MetaPolicyStore.SerializationIsDeterministic ..................................................................................................   Passed    0.01 sec
2026-10-06T11:03:44.0924402Z         Start  776: meta.FullObservationAndCursor/MetaSubscriptionCaptureTest.CommitBetweenCaptureAndRegistration/Observation  # GetParam() = 1
2026-10-06T11:03:44.1052839Z 129/277 Test  #776: meta.FullObservationAndCursor/MetaSubscriptionCaptureTest.CommitBetweenCaptureAndRegistration/Observation  # GetParam() = 1 ........................   Passed    0.01 sec
2026-10-06T11:03:44.1056586Z         Start  782: meta.FullObservationAndCursor/MetaSubscriptionCaptureTest.AdvanceBetweenCaptureAndRegistration/Cursor  # GetParam() = 3
2026-10-06T11:03:44.1185082Z 130/277 Test  #782: meta.FullObservationAndCursor/MetaSubscriptionCaptureTest.AdvanceBetweenCaptureAndRegistration/Cursor  # GetParam() = 3 ............................   Passed    0.01 sec
2026-10-06T11:03:44.1187890Z         Start  790: meta.FullObservationAndCursor/MetaSubscriptionCaptureTest.OverflowResyncReplayAndCallbackLifetime/Cursor  # GetParam() = 3
2026-10-06T11:03:44.1572257Z 131/277 Test  #790: meta.FullObservationAndCursor/MetaSubscriptionCaptureTest.OverflowResyncReplayAndCallbackLifetime/Cursor  # GetParam() = 3 .........................   Passed    0.04 sec
2026-10-06T11:03:44.1573496Z         Start  798: LocalSharedPtrDeathTest.RejectsForeignMoveBeforeTransferring
2026-10-06T11:03:44.2350534Z 132/277 Test  #798: LocalSharedPtrDeathTest.RejectsForeignMoveBeforeTransferring .......................................................................................   Passed    0.08 sec
2026-10-06T11:03:44.2352511Z         Start  876: NodeIdTest.ParsesAndFormatsCanonicalRedisIdentity
2026-10-06T11:03:44.2433079Z 133/277 Test  #876: NodeIdTest.ParsesAndFormatsCanonicalRedisIdentity ..................................................................................................   Passed    0.01 sec
2026-10-06T11:03:44.2434449Z         Start  879: ServingStateBuilderTest.RejectsMalformedNodeIds
2026-10-06T11:03:44.2489179Z 134/277 Test  #879: ServingStateBuilderTest.RejectsMalformedNodeIds ....................................................................................................   Passed    0.01 sec
2026-10-06T11:03:44.2490443Z         Start  884: ServingStateBuilderTest.RejectsUnknownReplicaNode
2026-10-06T11:03:44.2552683Z 135/277 Test  #884: ServingStateBuilderTest.RejectsUnknownReplicaNode ..................................................................................................   Passed    0.01 sec
2026-10-06T11:03:44.2555253Z         Start  891: ServingStateBuilderTest.AddSlotRangeAttachesToExistingGroup
2026-10-06T11:03:44.2618156Z 136/277 Test  #891: ServingStateBuilderTest.AddSlotRangeAttachesToExistingGroup ........................................................................................   Passed    0.01 sec
2026-10-06T11:03:44.2619467Z         Start  898: ServingStateTest.ContentHashIsOrderIndependent
2026-10-06T11:03:44.2717308Z 137/277 Test  #898: ServingStateTest.ContentHashIsOrderIndependent .....................................................................................................   Passed    0.01 sec
2026-10-06T11:03:44.2719510Z         Start  909: TopologyCacheTest.CachedReaderIsScopedToCacheInstance
2026-10-06T11:03:44.2819109Z 138/277 Test  #909: TopologyCacheTest.CachedReaderIsScopedToCacheInstance ..............................................................................................   Passed    0.01 sec
2026-10-06T11:03:44.2820295Z         Start  911: TopologyCacheTest.PublicationSequenceBracketsCompletedPairs
2026-10-06T11:03:44.2920142Z 139/277 Test  #911: TopologyCacheTest.PublicationSequenceBracketsCompletedPairs ........................................................................................   Passed    0.01 sec
2026-10-06T11:03:44.2922474Z         Start  916: RedisConfigTest.TokenizesQuotesEscapesAndComments
2026-10-06T11:03:44.2981439Z 140/277 Test  #916: RedisConfigTest.TokenizesQuotesEscapesAndComments ..................................................................................................   Passed    0.01 sec
2026-10-06T11:03:44.2983283Z         Start  917: RedisConfigTest.ParsesRedisMemorySizes
2026-10-06T11:03:44.3042216Z 141/277 Test  #917: RedisConfigTest.ParsesRedisMemorySizes .............................................................................................................   Passed    0.01 sec
2026-10-06T11:03:44.3043493Z         Start  929: RedisConfigTest.RemovedLocalModesGiveMigrationInstructions
2026-10-06T11:03:44.3104795Z 142/277 Test  #929: RedisConfigTest.RemovedLocalModesGiveMigrationInstructions .........................................................................................   Passed    0.01 sec
2026-10-06T11:03:44.3109877Z         Start  937: RedisConfigTest.LoadsFileAndReportsLineNumber
2026-10-06T11:03:44.3170276Z 143/277 Test  #937: RedisConfigTest.LoadsFileAndReportsLineNumber ......................................................................................................   Passed    0.01 sec
2026-10-06T11:03:44.3171617Z         Start  942: RedisConfigTest.AppliesMetaControlledClusterDirectives
2026-10-06T11:03:44.3231575Z 144/277 Test  #942: RedisConfigTest.AppliesMetaControlledClusterDirectives .............................................................................................   Passed    0.01 sec
2026-10-06T11:03:44.3233539Z         Start  946: RedisConfigTest.RejectsInvalidClusterDirectives
2026-10-06T11:03:44.3293533Z 145/277 Test  #946: RedisConfigTest.RejectsInvalidClusterDirectives ....................................................................................................   Passed    0.01 sec
2026-10-06T11:03:44.3295853Z         Start  955: ControlProtocolCodecTest.RoundTripsServerHelloWithoutIndependentHeartbeatCadence
2026-10-06T11:03:44.3354419Z 146/277 Test  #955: ControlProtocolCodecTest.RoundTripsServerHelloWithoutIndependentHeartbeatCadence ...................................................................   Passed    0.01 sec
2026-10-06T11:03:44.3356824Z         Start  965: ControlProtocolCodecTest.HelloRequiresBoundedSourceFlowCount
2026-10-06T11:03:44.3422056Z 147/277 Test  #965: ControlProtocolCodecTest.HelloRequiresBoundedSourceFlowCount .......................................................................................   Passed    0.01 sec
2026-10-06T11:03:44.3423254Z         Start  974: ControlProtocolFullStateTest.RoundTripsEmptyTopologyAtEpochZero
2026-10-06T11:03:44.3478628Z 148/277 Test  #974: ControlProtocolFullStateTest.RoundTripsEmptyTopologyAtEpochZero ....................................................................................   Passed    0.01 sec
2026-10-06T11:03:44.3480261Z         Start  975: ControlProtocolFullStateTest.ConsumingDecodeReleasesTransferredWireStorage
2026-10-06T11:03:44.3552556Z 149/277 Test  #975: ControlProtocolFullStateTest.ConsumingDecodeReleasesTransferredWireStorage .........................................................................   Passed    0.01 sec
2026-10-06T11:03:44.3555058Z         Start  983: ControlProtocolTransferTest.EnforcesPerEnvelopeTransferCaps
2026-10-06T11:03:44.3616396Z 150/277 Test  #983: ControlProtocolTransferTest.EnforcesPerEnvelopeTransferCaps ........................................................................................   Passed    0.01 sec
2026-10-06T11:03:44.3617525Z         Start  987: ControlNodeStateTest.UpdateRoundTripAndConflictingRevision
2026-10-06T11:03:44.3680861Z 151/277 Test  #987: ControlNodeStateTest.UpdateRoundTripAndConflictingRevision .........................................................................................   Passed    0.01 sec
2026-10-06T11:03:44.3682091Z         Start  988: ControlWriteQueueTest.AuthorityOvertakesEarlierBulkAndSoftWork
2026-10-06T11:03:44.3744405Z 152/277 Test  #988: ControlWriteQueueTest.AuthorityOvertakesEarlierBulkAndSoftWork .....................................................................................   Passed    0.01 sec
2026-10-06T11:03:44.3745614Z         Start  999: ControlSessionWriterTest.OversizedPreEncodedPayloadFailsWithoutPoisoningWriter
2026-10-06T11:03:44.3824278Z 153/277 Test  #999: ControlSessionWriterTest.OversizedPreEncodedPayloadFailsWithoutPoisoningWriter .....................................................................   Passed    0.01 sec
2026-10-06T11:03:44.3825527Z         Start 1005: CrossCoreActiveSenderTest.SelfPostActivatesImmediately
2026-10-06T11:03:44.3888748Z 154/277 Test #1005: CrossCoreActiveSenderTest.SelfPostActivatesImmediately .............................................................................................   Passed    0.01 sec
2026-10-06T11:03:44.3889951Z         Start 1025: GroupedHashTest.RejectsInnerCountBeforeDecodingEntryStorage
2026-10-06T11:03:44.3950823Z 155/277 Test #1025: GroupedHashTest.RejectsInnerCountBeforeDecodingEntryStorage ........................................................................................   Passed    0.01 sec
2026-10-06T11:03:44.3952114Z         Start 1028: GroupedHashTest.CompleteSnapshotsAreBinarySafeAndNotMutationLogs
2026-10-06T11:03:44.4013658Z 156/277 Test #1028: GroupedHashTest.CompleteSnapshotsAreBinarySafeAndNotMutationLogs ...................................................................................   Passed    0.01 sec
2026-10-06T11:03:44.4015819Z         Start 1036: GroupedHashTest.PromotionRoutesEveryFieldToOneBoundedGroup
2026-10-06T11:03:44.5484243Z 157/277 Test #1036: GroupedHashTest.PromotionRoutesEveryFieldToOneBoundedGroup .........................................................................................   Passed    0.15 sec
2026-10-06T11:03:44.5485610Z         Start 1039: GroupedHashTest.StreamingEncoderBorrowsTheLargeValueAndMatchesCodec
2026-10-06T11:03:44.5680979Z 158/277 Test #1039: GroupedHashTest.StreamingEncoderBorrowsTheLargeValueAndMatchesCodec ................................................................................   Passed    0.02 sec
2026-10-06T11:03:44.5682213Z         Start 1049: GroupedHashTest.EmptyLeafRemainsRoutableAfterDeletingItsLastField
2026-10-06T11:03:44.5750809Z 159/277 Test #1049: GroupedHashTest.EmptyLeafRemainsRoutableAfterDeletingItsLastField ..................................................................................   Passed    0.01 sec
2026-10-06T11:03:44.5752368Z         Start 1055: GroupedHashTest.MutationSplitIncludesOldLeafRetirement
2026-10-06T11:03:44.5819578Z 160/277 Test #1055: GroupedHashTest.MutationSplitIncludesOldLeafRetirement .............................................................................................   Passed    0.01 sec
2026-10-06T11:03:44.5822055Z         Start 1059: HashLookupMemoryTest.MultiLookupRetainsOrderAndReleasesPartialOutputOnOom
2026-10-06T11:03:44.5884431Z 161/277 Test #1059: HashLookupMemoryTest.MultiLookupRetainsOrderAndReleasesPartialOutputOnOom ..........................................................................   Passed    0.01 sec
2026-10-06T11:03:44.5885834Z         Start 1060: GroupedCommitDecisionTest.PrePublicationCheckDoesNotPromiseDurability
2026-10-06T11:03:44.5946146Z 162/277 Test #1060: GroupedCommitDecisionTest.PrePublicationCheckDoesNotPromiseDurability ..............................................................................   Passed    0.01 sec
2026-10-06T11:03:44.5947361Z         Start 1067: GroupedCollectionTest.SortedSetViewsMatchOwnedDecoderCorruptionChecks
2026-10-06T11:03:44.6039432Z 163/277 Test #1067: GroupedCollectionTest.SortedSetViewsMatchOwnedDecoderCorruptionChecks ..............................................................................   Passed    0.01 sec
2026-10-06T11:03:44.6040768Z         Start 1073: GroupedCollectionTest.StringSegmentsValidateLengthsAndDirectPositions
2026-10-06T11:03:44.6108334Z 164/277 Test #1073: GroupedCollectionTest.StringSegmentsValidateLengthsAndDirectPositions ..............................................................................   Passed    0.01 sec
2026-10-06T11:03:44.6109929Z         Start 1074: GroupedCollectionTest.BothRootShapesUseV1AndCheckMemberIndexPresence
2026-10-06T11:03:44.6171085Z 165/277 Test #1074: GroupedCollectionTest.BothRootShapesUseV1AndCheckMemberIndexPresence ...............................................................................   Passed    0.01 sec
2026-10-06T11:03:44.6172732Z         Start 1077: GroupedCollectionTest.SortedSetChecksOrderBinaryTiesNanAndDuplicateMembers
2026-10-06T11:03:44.6233640Z 166/277 Test #1077: GroupedCollectionTest.SortedSetChecksOrderBinaryTiesNanAndDuplicateMembers .........................................................................   Passed    0.01 sec
2026-10-06T11:03:44.6234840Z         Start 1088: GroupedCollectionTest.EveryPartialStructuralBatchKeepsOldRootRecoverable
2026-10-06T11:03:44.6308985Z 167/277 Test #1088: GroupedCollectionTest.EveryPartialStructuralBatchKeepsOldRootRecoverable ...........................................................................   Passed    0.01 sec
2026-10-06T11:03:44.6311634Z         Start 1089: GroupedCollectionTest.RecoveryFindsRetiredPagesFromUnorderedCandidates
2026-10-06T11:03:44.6386273Z 168/277 Test #1089: GroupedCollectionTest.RecoveryFindsRetiredPagesFromUnorderedCandidates .............................................................................   Passed    0.01 sec
2026-10-06T11:03:44.6390362Z         Start 1095: GroupedCollectionTest.StreamTailAppendRanksMatchRecoveryAndPinOldViews
2026-10-06T11:03:44.8259829Z 169/277 Test #1095: GroupedCollectionTest.StreamTailAppendRanksMatchRecoveryAndPinOldViews .............................................................................   Passed    0.19 sec
2026-10-06T11:03:44.8261405Z         Start 1105: GroupedSortedRewriteTest.SplitAndDisjointEditsPreserveUntouchedPages
2026-10-06T11:03:44.8511449Z 170/277 Test #1105: GroupedSortedRewriteTest.SplitAndDisjointEditsPreserveUntouchedPages ...............................................................................   Passed    0.02 sec
2026-10-06T11:03:44.8512686Z         Start 1111: OrderedCompactCodecTest.SizingSeparatesItemsFromAggregateCapacity
2026-10-06T11:03:44.8576000Z 171/277 Test #1111: OrderedCompactCodecTest.SizingSeparatesItemsFromAggregateCapacity ..................................................................................   Passed    0.01 sec
2026-10-06T11:03:44.8577299Z         Start 1130: StreamPageMaxKeyTest.ExactIdsAndLongNamesPreserveOrdering
2026-10-06T11:03:44.8639749Z 172/277 Test #1130: StreamPageMaxKeyTest.ExactIdsAndLongNamesPreserveOrdering ..........................................................................................   Passed    0.01 sec
2026-10-06T11:03:44.8641010Z         Start 1135: GroupedOrderedObjectTest.MemberIndexSharesPhysicalLifecycleAndOldViews
2026-10-06T11:03:44.8721990Z 173/277 Test #1135: GroupedOrderedObjectTest.MemberIndexSharesPhysicalLifecycleAndOldViews .............................................................................   Passed    0.01 sec
2026-10-06T11:03:44.8723240Z         Start 1142: RecordPayloadCursorTest.RejectsTruncationAndStickyFailures
2026-10-06T11:03:44.8788744Z 174/277 Test #1142: RecordPayloadCursorTest.RejectsTruncationAndStickyFailures .........................................................................................   Passed    0.01 sec
2026-10-06T11:03:44.8789955Z         Start 1151: GroupedObjectIndexTest.DetachedMetadataStaysChargedUntilLastReaderReleasesIt
2026-10-06T11:03:44.8915760Z 175/277 Test #1151: GroupedObjectIndexTest.DetachedMetadataStaysChargedUntilLastReaderReleasesIt .......................................................................   Passed    0.01 sec
2026-10-06T11:03:44.8917008Z         Start 1157: GroupedObjectIndexTest.PublishAndRollbackAreCompareAndSwap
2026-10-06T11:03:44.9062315Z 176/277 Test #1157: GroupedObjectIndexTest.PublishAndRollbackAreCompareAndSwap .........................................................................................   Passed    0.01 sec
2026-10-06T11:03:44.9063539Z         Start 1163: GroupedObjectIndexTest.MetadataHandleOutlivesRemovalWithoutPretendingToPinDisk
2026-10-06T11:03:44.9186926Z 177/277 Test #1163: GroupedObjectIndexTest.MetadataHandleOutlivesRemovalWithoutPretendingToPinDisk .....................................................................   Passed    0.01 sec
2026-10-06T11:03:44.9188462Z         Start 1172: GroupedObjectIndexTest.SplitRetainsParentMarkerAcrossFurtherMutations
2026-10-06T11:03:44.9268226Z 178/277 Test #1172: GroupedObjectIndexTest.SplitRetainsParentMarkerAcrossFurtherMutations ..............................................................................   Passed    0.01 sec
2026-10-06T11:03:44.9269708Z         Start 1174: GroupedObjectIndexTest.ReservedPublicationAndFinalizationAllocateNothing
2026-10-06T11:03:44.9395095Z 179/277 Test #1174: GroupedObjectIndexTest.ReservedPublicationAndFinalizationAllocateNothing ...........................................................................   Passed    0.01 sec
2026-10-06T11:03:44.9396512Z         Start 1178: GroupedObjectIndexTest.GroupRecoveryRequiresOuterAndCommandBatchDecisions
2026-10-06T11:03:44.9457869Z 180/277 Test #1178: GroupedObjectIndexTest.GroupRecoveryRequiresOuterAndCommandBatchDecisions ..........................................................................   Passed    0.01 sec
2026-10-06T11:03:44.9459445Z         Start 1185: GroupedMetadataArrayTest.PointUpdateChargesOnlyItsPathAndReleasesAllOwners
2026-10-06T11:03:45.0715400Z 181/277 Test #1185: GroupedMetadataArrayTest.PointUpdateChargesOnlyItsPathAndReleasesAllOwners .........................................................................   Passed    0.13 sec
2026-10-06T11:03:45.0716794Z         Start 1192: GroupedScratchBudgetTest.IndirectKeysDoNotReduceValueExtentAdmission
2026-10-06T11:03:45.0781256Z 182/277 Test #1192: GroupedScratchBudgetTest.IndirectKeysDoNotReduceValueExtentAdmission ...............................................................................   Passed    0.01 sec
2026-10-06T11:03:45.0782476Z         Start 1193: LocalSharedPtrTest.EmptyAndNullOperationsDoNotOwnAnything
2026-10-06T11:03:45.0844781Z 183/277 Test #1193: LocalSharedPtrTest.EmptyAndNullOperationsDoNotOwnAnything ..........................................................................................   Passed    0.01 sec
2026-10-06T11:03:45.0845946Z         Start 1203: LoggingTest.LogToStderrWinsWhenBothFlagsAreEnabled
2026-10-06T11:03:45.0910798Z 184/277 Test #1203: LoggingTest.LogToStderrWinsWhenBothFlagsAreEnabled .................................................................................................   Passed    0.01 sec
2026-10-06T11:03:45.0912093Z         Start 1209: MemoryTest.ClientBuffersHaveAWorkerLocalFivePercentLimit
2026-10-06T11:03:45.0973836Z 185/277 Test #1209: MemoryTest.ClientBuffersHaveAWorkerLocalFivePercentLimit ...........................................................................................   Passed    0.01 sec
2026-10-06T11:03:45.0974858Z         Start 1210: MemoryTest.TinyLimitsRetainAProtocolRecoveryAllowance
2026-10-06T11:03:45.1035894Z 186/277 Test #1210: MemoryTest.TinyLimitsRetainAProtocolRecoveryAllowance ..............................................................................................   Passed    0.01 sec
2026-10-06T11:03:45.1037024Z         Start 1223: MetaControlMapperTest.InstallsInitialEmptyTopologyAtEpochZero
2026-10-06T11:03:45.1100028Z 187/277 Test #1223: MetaControlMapperTest.InstallsInitialEmptyTopologyAtEpochZero ......................................................................................   Passed    0.01 sec
2026-10-06T11:03:45.1101339Z         Start 1227: MetaControlMapperTest.RejectsNodeAssignedToMultipleGroups
2026-10-06T11:03:45.1173961Z 188/277 Test #1227: MetaControlMapperTest.RejectsNodeAssignedToMultipleGroups ..........................................................................................   Passed    0.01 sec
2026-10-06T11:03:45.1175244Z         Start 1233: MetaControlIdentityTest.LearnedDialTargetPinsItsExactPrincipal
2026-10-06T11:03:45.1235472Z 189/277 Test #1233: MetaControlIdentityTest.LearnedDialTargetPinsItsExactPrincipal .....................................................................................   Passed    0.01 sec
2026-10-06T11:03:45.1237125Z         Start 1243: MetaLeaseChallengeRotationTest.HandlesProjectionReplacementAndNoOwner
2026-10-06T11:03:45.1296504Z 190/277 Test #1243: MetaLeaseChallengeRotationTest.HandlesProjectionReplacementAndNoOwner ..............................................................................   Passed    0.01 sec
2026-10-06T11:03:45.1297970Z         Start 1249: MetaDirectiveValidationTest.RequiresCurrentLocalAnchorsAndKindSpecificRecipient
2026-10-06T11:03:45.1359668Z 191/277 Test #1249: MetaDirectiveValidationTest.RequiresCurrentLocalAnchorsAndKindSpecificRecipient ....................................................................   Passed    0.01 sec
2026-10-06T11:03:45.1361059Z         Start 1254: MetaFailoverControlAdapterTest.ReconcilesSteadyOwnerOnlyAfterTransitionFinishes
2026-10-06T11:03:45.1433202Z 192/277 Test #1254: MetaFailoverControlAdapterTest.ReconcilesSteadyOwnerOnlyAfterTransitionFinishes ....................................................................   Passed    0.01 sec
2026-10-06T11:03:45.1434552Z         Start 1258: MetaFailoverHeartbeatTest.ProjectsFailureFromTheExactActionPopulation
2026-10-06T11:03:45.1494612Z 193/277 Test #1258: MetaFailoverHeartbeatTest.ProjectsFailureFromTheExactActionPopulation ..............................................................................   Passed    0.01 sec
2026-10-06T11:03:45.1496937Z         Start 1263: EstablishedExportScopeTest.SeparatesStableDataFlowIdentityFromAuthorityAndFailoverControl
2026-10-06T11:03:45.1556411Z 194/277 Test #1263: EstablishedExportScopeTest.SeparatesStableDataFlowIdentityFromAuthorityAndFailoverControl ..........................................................   Passed    0.01 sec
2026-10-06T11:03:45.1557732Z         Start 1265: NodeControlInstallerTest.SessionReplacementReconcilesEqualControlAfterRevokingRecovery
2026-10-06T11:03:45.1689777Z 195/277 Test #1265: NodeControlInstallerTest.SessionReplacementReconcilesEqualControlAfterRevokingRecovery .............................................................   Passed    0.01 sec
2026-10-06T11:03:45.1692070Z         Start 1271: NodeControlInstallerTest.FdsReplacementDuringPromotionActivationFailsFinalRecheckWithoutLease
2026-10-06T11:03:45.1805223Z 196/277 Test #1271: NodeControlInstallerTest.FdsReplacementDuringPromotionActivationFailsFinalRecheckWithoutLease ......................................................   Passed    0.01 sec
2026-10-06T11:03:45.1806621Z         Start 1274: NodeControlInstallerTest.SessionLossDuringExpirationEnableFailsFinalRecheckWithoutLease
2026-10-06T11:03:45.1897881Z 197/277 Test #1274: NodeControlInstallerTest.SessionLossDuringExpirationEnableFailsFinalRecheckWithoutLease ............................................................   Passed    0.01 sec
2026-10-06T11:03:45.1899433Z         Start 1280: NodeControlInstallerTest.RejectedDesiredAuthorityIncludesMessageAndDesiredGrantContexts
2026-10-06T11:03:45.1990370Z 198/277 Test #1280: NodeControlInstallerTest.RejectedDesiredAuthorityIncludesMessageAndDesiredGrantContexts ............................................................   Passed    0.01 sec
2026-10-06T11:03:45.1991807Z         Start 1292: NodeControlInstallerTest.CountsOneLocalExpirationPerExpiredLease
2026-10-06T11:03:45.2078567Z 199/277 Test #1292: NodeControlInstallerTest.CountsOneLocalExpirationPerExpiredLease ...................................................................................   Passed    0.01 sec
2026-10-06T11:03:45.2080955Z         Start 1295: NodeControlInstallerTest.AsyncFencePublishesBeforeRevocationAndCompletesAfterOldWorkDrains
2026-10-06T11:03:45.2187543Z 200/277 Test #1295: NodeControlInstallerTest.AsyncFencePublishesBeforeRevocationAndCompletesAfterOldWorkDrains .........................................................   Passed    0.01 sec
2026-10-06T11:03:45.2188825Z         Start 1301: NodeControlInstallerTest.StorageLossRetainsAnUncertainCleanupFailure
2026-10-06T11:03:45.2296211Z 201/277 Test #1301: NodeControlInstallerTest.StorageLossRetainsAnUncertainCleanupFailure ...............................................................................   Passed    0.01 sec
2026-10-06T11:03:45.2297847Z         Start 1304: NodeControlInstallerTest.FullStateReplayIsIdempotentAndOlderIndexIsRejected
2026-10-06T11:03:45.2428154Z 202/277 Test #1304: NodeControlInstallerTest.FullStateReplayIsIdempotentAndOlderIndexIsRejected ........................................................................   Passed    0.01 sec
2026-10-06T11:03:45.2429417Z         Start 1311: NodeControlInstallerTest.NewAuthorityWaitsForRetiredInFlightMutationsToDrain
2026-10-06T11:03:45.2538101Z 203/277 Test #1311: NodeControlInstallerTest.NewAuthorityWaitsForRetiredInFlightMutationsToDrain .......................................................................   Passed    0.01 sec
2026-10-06T11:03:45.2539281Z         Start 1321: NodeControlInstallerTest.RoutingRefreshPreservesLocalLeaseAndExecution
2026-10-06T11:03:45.2672670Z 204/277 Test #1321: NodeControlInstallerTest.RoutingRefreshPreservesLocalLeaseAndExecution .............................................................................   Passed    0.01 sec
2026-10-06T11:03:45.2673746Z         Start 1332: RespParserTest.IncrementallyParsesEveryByteExactlyOnce
2026-10-06T11:03:45.2735358Z 205/277 Test #1332: RespParserTest.IncrementallyParsesEveryByteExactlyOnce .............................................................................................   Passed    0.01 sec
2026-10-06T11:03:45.2736995Z         Start 1337: RespParserTest.AcceptsResp3ScalarAndVerbatimArguments
2026-10-06T11:03:45.2798277Z 206/277 Test #1337: RespParserTest.AcceptsResp3ScalarAndVerbatimArguments ..............................................................................................   Passed    0.01 sec
2026-10-06T11:03:45.2799644Z         Start 1339: ReplyBuilderTest.ReusesBoundedCapacityAndReleasesOversizedBuffer
2026-10-06T11:03:45.2861085Z 207/277 Test #1339: ReplyBuilderTest.ReusesBoundedCapacityAndReleasesOversizedBuffer ...................................................................................   Passed    0.01 sec
2026-10-06T11:03:45.2862404Z         Start 1352: ScanHashMapTest.CandidatePredicateContinuesIntoRehashTable
2026-10-06T11:03:45.2976522Z 208/277 Test #1352: ScanHashMapTest.CandidatePredicateContinuesIntoRehashTable .........................................................................................   Passed    0.01 sec
2026-10-06T11:03:45.2978557Z         Start 1354: ScanHashMapTest.EraseShrinksAndReleasesBucketsWithoutFurtherRequests
2026-10-06T11:03:45.3110200Z 209/277 Test #1354: ScanHashMapTest.EraseShrinksAndReleasesBucketsWithoutFurtherRequests ...............................................................................   Passed    0.01 sec
2026-10-06T11:03:45.3112349Z         Start 1356: ScanHashMapTest.ShrinkMergesOverflowChainsAndKeepsExternalEntryAddresses
2026-10-06T11:03:45.3231438Z 210/277 Test #1356: ScanHashMapTest.ShrinkMergesOverflowChainsAndKeepsExternalEntryAddresses ...........................................................................   Passed    0.01 sec
2026-10-06T11:03:45.3232632Z         Start 1366: ScanHashMapTest.RetainedArenaAccountingFollowsStorageLifetime
2026-10-06T11:03:45.3346180Z 211/277 Test #1366: ScanHashMapTest.RetainedArenaAccountingFollowsStorageLifetime ......................................................................................   Passed    0.01 sec
2026-10-06T11:03:45.3347634Z         Start 1373: ScanHashMapTest.KeyMetadataVarintUsesExpectedWidths
2026-10-06T11:03:45.3544016Z 212/277 Test #1373: ScanHashMapTest.KeyMetadataVarintUsesExpectedWidths ................................................................................................   Passed    0.02 sec
2026-10-06T11:03:45.3545514Z         Start 1386: SourceAuthorizationLedgerTest.SameRevisionRejectsConflictingSourceScope
2026-10-06T11:03:45.3611122Z 213/277 Test #1386: SourceAuthorizationLedgerTest.SameRevisionRejectsConflictingSourceScope ............................................................................   Passed    0.01 sec
2026-10-06T11:03:45.3613177Z         Start 1391: SourceAuthorizationLedgerTest.FdsReplayGapRemainsSuspendedUntilEveryExpectedCapabilityArrives
2026-10-06T11:03:45.3676006Z 214/277 Test #1391: SourceAuthorizationLedgerTest.FdsReplayGapRemainsSuspendedUntilEveryExpectedCapabilityArrives ......................................................   Passed    0.01 sec
2026-10-06T11:03:45.3677125Z         Start 1394: CommandTableTest.ResolvesEvalKeys
2026-10-06T11:03:45.3743300Z 215/277 Test #1394: CommandTableTest.ResolvesEvalKeys ..................................................................................................................   Passed    0.01 sec
2026-10-06T11:03:45.3745067Z         Start 1400: CommandTableTest.ResolvesSortedSetAndGeoStoreKeys
2026-10-06T11:03:45.3808880Z 216/277 Test #1400: CommandTableTest.ResolvesSortedSetAndGeoStoreKeys ..................................................................................................   Passed    0.01 sec
2026-10-06T11:03:45.3809910Z         Start 1411: RandomSampleTest.CompactUniqueSelectionIsOrderedAndDistinct
2026-10-06T11:03:45.3873088Z 217/277 Test #1411: RandomSampleTest.CompactUniqueSelectionIsOrderedAndDistinct ........................................................................................   Passed    0.01 sec
2026-10-06T11:03:45.3875019Z         Start 1416: RdbTest.LavikStreamV1RequiresMacroNodeCounts
2026-10-06T11:03:45.3938315Z 218/277 Test #1416: RdbTest.LavikStreamV1RequiresMacroNodeCounts .......................................................................................................   Passed    0.01 sec
2026-10-06T11:03:45.3939335Z         Start 1431: RdbTest.AcceptsRedis72PackedFixturesAndEmitsVersionEleven
2026-10-06T11:03:45.4011624Z 219/277 Test #1431: RdbTest.AcceptsRedis72PackedFixturesAndEmitsVersionEleven ..........................................................................................   Passed    0.01 sec
2026-10-06T11:03:45.4012627Z         Start 1434: RdbTest.RejectsChecksumAndMalformedObjects
2026-10-06T11:03:45.4078404Z 220/277 Test #1434: RdbTest.RejectsChecksumAndMalformedObjects .........................................................................................................   Passed    0.01 sec
2026-10-06T11:03:45.4079394Z         Start 1436: RdbCollectionTest.LargeMemberIsBorrowedNotSerializedAgain
2026-10-06T11:03:45.4169100Z 221/277 Test #1436: RdbCollectionTest.LargeMemberIsBorrowedNotSerializedAgain ..........................................................................................   Passed    0.01 sec
2026-10-06T11:03:45.4170245Z         Start 1445: RdbCollectionImportTest.PageAdmissionRejectsBeforeAllocatingThePage
2026-10-06T11:03:45.5730798Z 222/277 Test #1445: RdbCollectionImportTest.PageAdmissionRejectsBeforeAllocatingThePage ................................................................................   Passed    0.16 sec
2026-10-06T11:03:45.5732359Z         Start 1452: RecordLocationTest.PackedBlockIdentityRoundTripsMaximumValues
2026-10-06T11:03:45.5798814Z 223/277 Test #1452: RecordLocationTest.PackedBlockIdentityRoundTripsMaximumValues ......................................................................................   Passed    0.01 sec
2026-10-06T11:03:45.5800054Z         Start 1457: RecordLocationTest.TxUndoPrefixRetargetDoesNotRequireAddressCache
2026-10-06T11:03:45.5912329Z 224/277 Test #1457: RecordLocationTest.TxUndoPrefixRetargetDoesNotRequireAddressCache ..................................................................................   Passed    0.01 sec
2026-10-06T11:03:45.5913787Z         Start 1470: ReplicationCommandTest.TransactionEnvelopeRoundTripsCanonicalBitmap
2026-10-06T11:03:45.5977686Z 225/277 Test #1470: ReplicationCommandTest.TransactionEnvelopeRoundTripsCanonicalBitmap ................................................................................   Passed    0.01 sec
2026-10-06T11:03:45.5978828Z         Start 1472: ReplicationCommandTest.EnforcesCompleteEncodingLimit
2026-10-06T11:03:45.6048041Z 226/277 Test #1472: ReplicationCommandTest.EnforcesCompleteEncodingLimit ...............................................................................................   Passed    0.01 sec
2026-10-06T11:03:45.6049413Z         Start 1478: ReplicationGroupTest.RequiresBootScopedSafeSourceAuthorization
2026-10-06T11:03:45.6196945Z 227/277 Test #1478: ReplicationGroupTest.RequiresBootScopedSafeSourceAuthorization .....................................................................................   Passed    0.01 sec
2026-10-06T11:03:45.6198204Z         Start 1483: ReplicationGroupTest.EmptyPopulationPublishesReadinessWithoutASourceFlowCut
2026-10-06T11:03:45.6471452Z 228/277 Test #1483: ReplicationGroupTest.EmptyPopulationPublishesReadinessWithoutASourceFlowCut ........................................................................   Passed    0.03 sec
2026-10-06T11:03:45.6472684Z         Start 1491: ReplicationGroupTest.ReadyPopulationCarriesForwardAcrossAuthorityTermAdvance
2026-10-06T11:03:45.6745001Z 229/277 Test #1491: ReplicationGroupTest.ReadyPopulationCarriesForwardAcrossAuthorityTermAdvance .......................................................................   Passed    0.03 sec
2026-10-06T11:03:45.6746291Z         Start 1498: ReplicationHistoryTest.PrimaryPublicationEvictsWholeSecondaryEffects
2026-10-06T11:03:45.6813246Z 230/277 Test #1498: ReplicationHistoryTest.PrimaryPublicationEvictsWholeSecondaryEffects ...............................................................................   Passed    0.01 sec
2026-10-06T11:03:45.6814680Z         Start 1501: ReplicationHistoryTest.CapacityShrinkPreservesExistingPrimaryUntilRelease
2026-10-06T11:03:45.6890382Z 231/277 Test #1501: ReplicationHistoryTest.CapacityShrinkPreservesExistingPrimaryUntilRelease ..........................................................................   Passed    0.01 sec
2026-10-06T11:03:45.6892191Z         Start 1507: NativeRecoveryTest.EffectMetadataRejectsTruncationDuplicatesAndOversizedReceive
2026-10-06T11:03:45.6954390Z 232/277 Test #1507: NativeRecoveryTest.EffectMetadataRejectsTruncationDuplicatesAndOversizedReceive ....................................................................   Passed    0.01 sec
2026-10-06T11:03:45.6955794Z         Start 1515: NativeReplayTest.ControlBarrierRequiresEveryOriginFlowAndExactIdentity
2026-10-06T11:03:45.7017475Z 233/277 Test #1515: NativeReplayTest.ControlBarrierRequiresEveryOriginFlowAndExactIdentity .............................................................................   Passed    0.01 sec
2026-10-06T11:03:45.7018827Z         Start 1523: ReplicaAppliedFrontierTest.ScratchReuseKeepsLayoutsAndResultsIndependent
2026-10-06T11:03:45.7082678Z 234/277 Test #1523: ReplicaAppliedFrontierTest.ScratchReuseKeepsLayoutsAndResultsIndependent ...........................................................................   Passed    0.01 sec
2026-10-06T11:03:45.7083878Z         Start 1526: ReplicaAppliedFrontierTest.DiagnosticOffsetReflectsResetAndReplacement
2026-10-06T11:03:45.7146926Z 235/277 Test #1526: ReplicaAppliedFrontierTest.DiagnosticOffsetReflectsResetAndReplacement .............................................................................   Passed    0.01 sec
2026-10-06T11:03:45.7148218Z         Start 1530: FullSyncHandoffProgressTest.SessionReplacementAndOtherFlowsHaveIndependentProgress
2026-10-06T11:03:45.7211467Z 236/277 Test #1530: FullSyncHandoffProgressTest.SessionReplacementAndOtherFlowsHaveIndependentProgress .................................................................   Passed    0.01 sec
2026-10-06T11:03:45.7212730Z         Start 1533: RingBufferTest.PreparedPushUsesReservedSlotWithoutGrowth
2026-10-06T11:03:45.7276012Z 237/277 Test #1533: RingBufferTest.PreparedPushUsesReservedSlotWithoutGrowth ...........................................................................................   Passed    0.01 sec
2026-10-06T11:03:45.7277199Z         Start 1534: TxBlockLeases.ProbeDoesNotKeepWriterAliveOrDiscardDecisionMembership
2026-10-06T11:03:45.7340509Z 238/277 Test #1534: TxBlockLeases.ProbeDoesNotKeepWriterAliveOrDiscardDecisionMembership ...............................................................................   Passed    0.01 sec
2026-10-06T11:03:45.7342122Z         Start 1543: StorageFormatTest.GroupHeaderRejectsAmbiguousOrInvalidIdentity
2026-10-06T11:03:45.7404336Z 239/277 Test #1543: StorageFormatTest.GroupHeaderRejectsAmbiguousOrInvalidIdentity .....................................................................................   Passed    0.01 sec
2026-10-06T11:03:45.7405536Z         Start 1551: StorageFormatTest.ComputesRedisClusterSlotsAndHashTags
2026-10-06T11:03:45.7466724Z 240/277 Test #1551: StorageFormatTest.ComputesRedisClusterSlotsAndHashTags .............................................................................................   Passed    0.01 sec
2026-10-06T11:03:45.7467933Z         Start 1556: StorageFormatTest.RejectsOversizedInlineHeaderBeforeChecksumCopy
2026-10-06T11:03:45.7529997Z 241/277 Test #1556: StorageFormatTest.RejectsOversizedInlineHeaderBeforeChecksumCopy ...................................................................................   Passed    0.01 sec
2026-10-06T11:03:45.7531406Z         Start 1560: StorageExpirationAuthorityTest.RecognizesOnlyMarkedAuthorityCancellation
2026-10-06T11:03:45.7595640Z 242/277 Test #1560: StorageExpirationAuthorityTest.RecognizesOnlyMarkedAuthorityCancellation ...........................................................................   Passed    0.01 sec
2026-10-06T11:03:45.7597682Z         Start 1569: StorageCapacityTest.RejectsForeignDeviceDuringExpansion
2026-10-06T11:03:47.5595042Z 243/277 Test #1569: StorageCapacityTest.RejectsForeignDeviceDuringExpansion ............................................................................................   Passed    1.80 sec
2026-10-06T11:03:47.5596442Z         Start 1576: WorkerPlacementTest.InvalidServiceAndCpuPlacementNeverStartsServices
2026-10-06T11:03:47.5665320Z 244/277 Test #1576: WorkerPlacementTest.InvalidServiceAndCpuPlacementNeverStartsServices ...............................................................................   Passed    0.01 sec
2026-10-06T11:03:47.5666635Z         Start 1577: ReceiveModes/TcpStreamCloseTest.PendingReceiveDoesNotKeepPeerConnected/false
2026-10-06T11:03:47.6252880Z 245/277 Test #1577: ReceiveModes/TcpStreamCloseTest.PendingReceiveDoesNotKeepPeerConnected/false .......................................................................   Passed    0.06 sec
2026-10-06T11:03:47.6253765Z         Start 1579: lavik_runtime_backends
2026-10-06T11:03:49.8536085Z 246/277 Test #1579: lavik_runtime_backends .............................................................................................................................   Passed    2.23 sec
2026-10-06T11:03:49.8537207Z         Start 1581: lavik_version
2026-10-06T11:03:49.8674708Z 247/277 Test #1581: lavik_version ......................................................................................................................................   Passed    0.01 sec
2026-10-06T11:03:49.8675989Z         Start 1587: meta_integration.sentinel_recovery_probe
2026-10-06T11:03:50.0587090Z 248/277 Test #1587: meta_integration.sentinel_recovery_probe ...........................................................................................................   Passed    0.19 sec
2026-10-06T11:03:50.0588103Z         Start 1594: meta_integration.gate_initial_recovery
2026-10-06T11:04:39.9878207Z 249/277 Test #1594: meta_integration.gate_initial_recovery .............................................................................................................   Passed   49.93 sec
2026-10-06T11:04:39.9879120Z         Start 1606: meta_integration.data_control_fixture_startup
2026-10-06T11:04:40.1416767Z 250/277 Test #1606: meta_integration.data_control_fixture_startup ......................................................................................................***Failed    0.15 sec
2026-10-06T11:04:40.1417521Z E
2026-10-06T11:04:40.1417831Z ======================================================================
2026-10-06T11:04:40.1418940Z ERROR: test_waits_for_membership_before_committing_service_mode (__main__.DataControlFixtureStartupTest.test_waits_for_membership_before_committing_service_mode)
2026-10-06T11:04:40.1419755Z ----------------------------------------------------------------------
2026-10-06T11:04:40.1420181Z Traceback (most recent call last):
2026-10-06T11:04:40.1421003Z   File "/home/runner/work/lavik/lavik/tests/meta_integration/test_data_control_fixture_startup.py", line 39, in test_waits_for_membership_before_committing_service_mode
2026-10-06T11:04:40.1422018Z     D.commit_service_mode(leader, [leader])
2026-10-06T11:04:40.1422677Z   File "/home/runner/work/lavik/lavik/tests/meta_integration/gate_data_control.py", line 354, in commit_service_mode
2026-10-06T11:04:40.1423380Z     C.create_after_membership_admission(leader, request)
2026-10-06T11:04:40.1424129Z   File "/home/runner/work/lavik/lavik/tests/meta_integration/gate_cluster_create.py", line 65, in create_after_membership_admission
2026-10-06T11:04:40.1424839Z     reply = meta.ctl(request, timeout=min(5.0, remaining))
2026-10-06T11:04:40.1425369Z             ^^^^^^^^^^^^^^^^^^^^^^^^^^^^^^^^^^^^^^^^^^^^^^
2026-10-06T11:04:40.1425835Z   File "/usr/lib/python3.12/unittest/mock.py", line 1134, in __call__
2026-10-06T11:04:40.1426291Z     return self._mock_call(*args, **kwargs)
2026-10-06T11:04:40.1426694Z            ^^^^^^^^^^^^^^^^^^^^^^^^^^^^^^^^
2026-10-06T11:04:40.1427120Z   File "/usr/lib/python3.12/unittest/mock.py", line 1138, in _mock_call
2026-10-06T11:04:40.1427599Z     return self._execute_mock_call(*args, **kwargs)
2026-10-06T11:04:40.1428073Z            ^^^^^^^^^^^^^^^^^^^^^^^^^^^^^^^^^^^^^^^^
2026-10-06T11:04:40.1428566Z   File "/usr/lib/python3.12/unittest/mock.py", line 1199, in _execute_mock_call
2026-10-06T11:04:40.1429024Z     result = effect(*args, **kwargs)
2026-10-06T11:04:40.1429411Z              ^^^^^^^^^^^^^^^^^^^^^^^
2026-10-06T11:04:40.1430202Z TypeError: DataControlFixtureStartupTest.test_waits_for_membership_before_committing_service_mode.<locals>.create() got an unexpected keyword argument 'timeout'
2026-10-06T11:04:40.1430813Z 
2026-10-06T11:04:40.1431011Z ----------------------------------------------------------------------
2026-10-06T11:04:40.1431522Z Ran 1 test in 0.083s
2026-10-06T11:04:40.1431675Z 
2026-10-06T11:04:40.1431776Z FAILED (errors=1)
2026-10-06T11:04:40.1431961Z 
2026-10-06T11:04:40.1432221Z         Start 1607: meta_integration.gate_meta_follower_retry
2026-10-06T11:04:44.7690389Z 251/277 Test #1607: meta_integration.gate_meta_follower_retry ..........................................................................................................   Passed    4.63 sec
2026-10-06T11:04:44.7691827Z         Start 1612: meta_integration.gate_directive_results
2026-10-06T11:05:06.0518621Z 252/277 Test #1612: meta_integration.gate_directive_results ............................................................................................................   Passed   21.28 sec
2026-10-06T11:05:06.0519710Z         Start 1614: meta_integration.native_fixture_startup
2026-10-06T11:05:06.2398390Z 253/277 Test #1614: meta_integration.native_fixture_startup ............................................................................................................***Failed    0.19 sec
2026-10-06T11:05:06.2399283Z ..E......
2026-10-06T11:05:06.2399638Z ======================================================================
2026-10-06T11:05:06.2400485Z ERROR: test_data_control_retries_without_regenerating_creation_identity (__main__.BootstrapCreationAdmissionTest.test_data_control_retries_without_regenerating_creation_identity)
2026-10-06T11:05:06.2401622Z ----------------------------------------------------------------------
2026-10-06T11:05:06.2401996Z Traceback (most recent call last):
2026-10-06T11:05:06.2402858Z   File "/home/runner/work/lavik/lavik/tests/meta_integration/test_native_fixture_startup.py", line 119, in test_data_control_retries_without_regenerating_creation_identity
2026-10-06T11:05:06.2403987Z     D.commit_service_mode(meta, [meta])
2026-10-06T11:05:06.2404728Z   File "/home/runner/work/lavik/lavik/tests/meta_integration/gate_data_control.py", line 346, in commit_service_mode
2026-10-06T11:05:06.2405315Z     H.wait_until(
2026-10-06T11:05:06.2405784Z   File "/home/runner/work/lavik/lavik/tests/meta_integration/harness.py", line 127, in wait_until
2026-10-06T11:05:06.2406347Z     if fn():
2026-10-06T11:05:06.2406578Z        ^^^^
2026-10-06T11:05:06.2407097Z   File "/home/runner/work/lavik/lavik/tests/meta_integration/gate_data_control.py", line 349, in <lambda>
2026-10-06T11:05:06.2407756Z     lambda: C.cluster_status(leader)["meta_membership_stable"],
2026-10-06T11:05:06.2408225Z             ^^^^^^^^^^^^^^^^^^^^^^^^
2026-10-06T11:05:06.2408852Z   File "/home/runner/work/lavik/lavik/tests/meta_integration/gate_cluster_create.py", line 152, in cluster_status
2026-10-06T11:05:06.2409426Z     [CTL, "cluster-status", "--json"]
2026-10-06T11:05:06.2409748Z      ^^^
2026-10-06T11:05:06.2410000Z NameError: name 'CTL' is not defined
2026-10-06T11:05:06.2410176Z 
2026-10-06T11:05:06.2410417Z ----------------------------------------------------------------------
2026-10-06T11:05:06.2410790Z Ran 9 tests in 0.108s
2026-10-06T11:05:06.2410929Z 
2026-10-06T11:05:06.2411053Z FAILED (errors=1)
2026-10-06T11:05:06.2411434Z 
2026-10-06T11:05:06.2411695Z         Start 1615: meta_integration.gate_tomb_raider
2026-10-06T11:05:36.5815821Z 254/277 Test #1615: meta_integration.gate_tomb_raider ..................................................................................................................   Passed   30.34 sec
2026-10-06T11:05:36.5817031Z         Start 1617: meta_integration.gate_managed_single
2026-10-06T11:09:11.3293687Z 255/277 Test #1617: meta_integration.gate_managed_single ...............................................................................................................   Passed  214.75 sec
2026-10-06T11:09:11.3295187Z         Start 1622: meta_integration.gate_managed_save
2026-10-06T11:11:33.0945721Z 256/277 Test #1622: meta_integration.gate_managed_save .................................................................................................................   Passed  141.77 sec
2026-10-06T11:11:33.0946585Z         Start 1623: meta_integration.gate_managed_composite_stream_faults
2026-10-06T11:12:57.1096548Z 257/277 Test #1623: meta_integration.gate_managed_composite_stream_faults ..............................................................................................   Passed   84.01 sec
2026-10-06T11:12:57.1099205Z         Start 1628: meta_integration.gate_managed_flush
2026-10-06T11:13:20.5586908Z 258/277 Test #1628: meta_integration.gate_managed_flush ................................................................................................................   Passed   23.45 sec
2026-10-06T11:13:20.5587750Z         Start 1637: meta_integration.recovery_cluster_complete
2026-10-06T11:13:47.8730040Z 259/277 Test #1637: meta_integration.recovery_cluster_complete .........................................................................................................   Passed   27.31 sec
2026-10-06T11:13:47.8730907Z         Start 1646: meta_integration.single_failover_lease-fence
2026-10-06T11:14:51.9185631Z 260/277 Test #1646: meta_integration.single_failover_lease-fence .......................................................................................................   Passed   64.05 sec
2026-10-06T11:14:51.9187135Z         Start 1650: meta_integration.gate_failover_prepared_leader_resume
2026-10-06T11:15:23.0105677Z 261/277 Test #1650: meta_integration.gate_failover_prepared_leader_resume ..............................................................................................   Passed   31.09 sec
2026-10-06T11:15:23.0107640Z         Start 1657: meta_integration.gate_automatic_failover_owner_pause
2026-10-06T11:15:49.3188419Z 262/277 Test #1657: meta_integration.gate_automatic_failover_owner_pause ...............................................................................................   Passed   26.31 sec
2026-10-06T11:15:49.3190234Z         Start 1661: meta_integration.gate_automatic_failover_leader_proposal
2026-10-06T11:16:52.7221546Z 263/277 Test #1661: meta_integration.gate_automatic_failover_leader_proposal ...........................................................................................   Passed   63.40 sec
2026-10-06T11:16:52.7222521Z         Start 1670: meta_integration.single_population_recovery_crash_operator
2026-10-06T11:17:32.1380186Z 264/277 Test #1670: meta_integration.single_population_recovery_crash_operator .........................................................................................   Passed   39.42 sec
2026-10-06T11:17:32.1381162Z         Start 1671: meta_integration.gate_population_recovery_manual_fence
2026-10-06T11:17:45.8488549Z 265/277 Test #1671: meta_integration.gate_population_recovery_manual_fence .............................................................................................   Passed   13.71 sec
2026-10-06T11:17:45.8490877Z         Start 1672: meta_integration.gate_population_recovery_before_publish
2026-10-06T11:18:09.9109719Z 266/277 Test #1672: meta_integration.gate_population_recovery_before_publish ...........................................................................................   Passed   24.06 sec
2026-10-06T11:18:09.9110580Z         Start 1694: cluster_integration.population_fail_closed
2026-10-06T11:18:10.2254520Z 267/277 Test #1694: cluster_integration.population_fail_closed .........................................................................................................   Passed    0.31 sec
2026-10-06T11:18:10.2255914Z         Start 1708: lavik_redis_export_protocol
2026-10-06T11:18:19.9485608Z 268/277 Test #1708: lavik_redis_export_protocol ........................................................................................................................   Passed    9.72 sec
2026-10-06T11:18:19.9486399Z         Start 1711: lavik_redis_sync_reader_single-cluster
2026-10-06T11:18:34.4794826Z 269/277 Test #1711: lavik_redis_sync_reader_single-cluster .............................................................................................................   Passed   14.53 sec
2026-10-06T11:18:34.4797145Z         Start 1718: lavik_redis_sync_reader_single-incremental-tool
2026-10-06T11:18:43.5977979Z 270/277 Test #1718: lavik_redis_sync_reader_single-incremental-tool ....................................................................................................   Passed    9.12 sec
2026-10-06T11:18:43.5980472Z         Start 1723: lavik_redis_sync_reader_cluster-full-failover
2026-10-06T11:19:02.6106314Z 271/277 Test #1723: lavik_redis_sync_reader_cluster-full-failover ......................................................................................................   Passed   19.01 sec
2026-10-06T11:19:02.6107107Z         Start 1733: lavik_redis_py_bgsave_e2e
2026-10-06T11:19:03.6882869Z 272/277 Test #1733: lavik_redis_py_bgsave_e2e ..........................................................................................................................   Passed    1.08 sec
2026-10-06T11:19:03.6883984Z         Start 1737: lavik_pubsub_e2e
2026-10-06T11:19:05.8900112Z 273/277 Test #1737: lavik_pubsub_e2e ...................................................................................................................................   Passed    2.20 sec
2026-10-06T11:19:05.8901945Z         Start 1748: lavik_metrics_e2e
2026-10-06T11:19:09.6316623Z 274/277 Test #1748: lavik_metrics_e2e ..................................................................................................................................   Passed    3.74 sec
2026-10-06T11:19:09.6318734Z         Start 1750: lavik_defrag_payload_e2e
2026-10-06T11:19:35.7748832Z 275/277 Test #1750: lavik_defrag_payload_e2e ...........................................................................................................................   Passed   26.14 sec
2026-10-06T11:19:35.7750810Z         Start 1752: lavik_grouped_recovery_e2e
2026-10-06T11:21:05.5926573Z 276/277 Test #1752: lavik_grouped_recovery_e2e .........................................................................................................................   Passed   89.82 sec
2026-10-06T11:21:05.5928396Z         Start 1758: bycorf_task_transfer_check
2026-10-06T11:21:05.7152365Z 277/277 Test #1758: bycorf_task_transfer_check .........................................................................................................................   Passed    0.12 sec
2026-10-06T11:21:05.7162122Z 
2026-10-06T11:21:05.7162573Z 99% tests passed, 2 tests failed out of 277
2026-10-06T11:21:05.7162897Z 
2026-10-06T11:21:05.7163257Z Label Time Summary:
2026-10-06T11:21:05.7163646Z automatic-failover     =  89.71 sec*proc (2 tests)
2026-10-06T11:21:05.7164032Z cluster-integration    =   0.31 sec*proc (1 test)
2026-10-06T11:21:05.7164410Z cluster-model          =   0.01 sec*proc (6 tests)
2026-10-06T11:21:05.7164869Z failover               = 262.04 sec*proc (7 tests)
2026-10-06T11:21:05.7165237Z meta                   =  15.18 sec*proc (125 tests)
2026-10-06T11:21:05.7165674Z meta-integration       = 902.70 sec*proc (22 tests)
2026-10-06T11:21:05.7166049Z population-recovery    =  77.19 sec*proc (3 tests)
2026-10-06T11:21:05.7166537Z redis-import           =  42.66 sec*proc (3 tests)
2026-10-06T11:21:05.7166919Z runtime                =   0.12 sec*proc (1 test)
2026-10-06T11:21:05.7167280Z task                   =   0.12 sec*proc (1 test)
2026-10-06T11:21:05.7167494Z 
2026-10-06T11:21:05.7167627Z Total Test time (real) = 1056.83 sec
2026-10-06T11:21:05.7167803Z 
2026-10-06T11:21:05.7167938Z The following tests FAILED:
2026-10-06T11:21:05.7182332Z 	1606 - meta_integration.data_control_fixture_startup (Failed) meta-integration
2026-10-06T11:21:05.7183056Z 	1614 - meta_integration.native_fixture_startup (Failed)  meta-integration
2026-10-06T11:21:05.7208741Z Errors while running CTest
2026-10-06T11:21:05.7223269Z FAIL: ctest
2026-10-06T11:21:05.7264664Z Note: Google Test filter = GroupedRdbStreamE2e.LargeListOverOneGiBImportsAndExportsWithoutAggregate
2026-10-06T11:21:05.7265306Z [==========] Running 1 test from 1 test suite.
2026-10-06T11:21:05.7265854Z [----------] Global test environment set-up.
2026-10-06T11:21:05.7266217Z [----------] 1 test from GroupedRdbStreamE2e
2026-10-06T11:21:05.7266757Z [ RUN      ] GroupedRdbStreamE2e.LargeListOverOneGiBImportsAndExportsWithoutAggregate
2026-10-06T11:25:43.7802640Z [       OK ] GroupedRdbStreamE2e.LargeListOverOneGiBImportsAndExportsWithoutAggregate (278053 ms)
2026-10-06T11:25:43.7803313Z [----------] 1 test from GroupedRdbStreamE2e (278053 ms total)
2026-10-06T11:25:43.7803832Z 
2026-10-06T11:25:43.7804303Z [----------] Global test environment tear-down
2026-10-06T11:25:43.7809401Z [==========] 1 test from 1 test suite ran. (278053 ms total)
2026-10-06T11:25:43.7809940Z [  PASSED  ] 1 test.
2026-10-06T11:25:43.7813042Z PASS: large-rdb
2026-10-06T11:25:43.7903840Z ##[error]Process completed with exit code 1.
2026-10-06T11:25:43.7980499Z ##[group]Run actions/upload-artifact@v7
2026-10-06T11:25:43.7980785Z with:
2026-10-06T11:25:43.7980970Z   name: test-results-arm64-3
2026-10-06T11:25:43.7982184Z   path: build_ci/test-results/
build_ci/Testing/Temporary/
build_ci/meta-integration/**/*.log
build_ci/meta-integration/**/*.json
/mnt/dev/lavik-*.log
/mnt/dev/cluster_client_*/**/*.log
/tmp/lavik-*/**/*.log
/tmp/cluster_create_*/**/*.log
/tmp/cluster_client_*/**/*.log
/tmp/meta_*/**/*.log
/tmp/lavik-*.log

2026-10-06T11:25:43.7983284Z   if-no-files-found: ignore
2026-10-06T11:25:43.7983497Z   retention-days: 7
2026-10-06T11:25:43.7983695Z   compression-level: 6
2026-10-06T11:25:43.7983893Z   overwrite: false
2026-10-06T11:25:43.7984088Z   include-hidden-files: false
2026-10-06T11:25:43.7984307Z   archive: true
2026-10-06T11:25:43.7984480Z env:
2026-10-06T11:25:43.7984758Z   PYTHONPATH: /home/runner/work/lavik/lavik/build_ci/test_tools/redis_py
2026-10-06T11:25:43.7985108Z   GOTOOLCHAIN: local
2026-10-06T11:25:43.7985619Z ##[endgroup]
2026-10-06T11:25:43.9872503Z Multiple search paths detected. Calculating the least common ancestor of all paths
2026-10-06T11:25:43.9873715Z The least common ancestor is /. This will be the root directory of the artifact
2026-10-06T11:25:43.9874166Z With the provided path, there will be 10 files uploaded
2026-10-06T11:25:43.9874622Z Artifact name is valid!
2026-10-06T11:25:43.9874847Z Root directory input is valid!
2026-10-06T11:25:44.3012707Z Uploading artifact: test-results-arm64-3.zip
2026-10-06T11:25:44.3053698Z Beginning upload of artifact content to blob storage
2026-10-06T11:25:44.6928615Z Uploaded bytes 132314
2026-10-06T11:25:44.7478451Z Finished uploading artifact content to blob storage!
2026-10-06T11:25:44.7479060Z SHA256 digest of uploaded artifact is 8a86bf4f364a4f4a4ba445b809d6989f405a197144e6c5fe5a46eb71622ae6c4
2026-10-06T11:25:44.7479557Z Finalizing artifact upload
2026-10-06T11:25:45.0937564Z Artifact test-results-arm64-3 successfully finalized. Artifact ID 11408509075
2026-10-06T11:25:45.0938356Z Artifact test-results-arm64-3 has been successfully uploaded! Final size is 132314 bytes. Artifact ID is 11408509075
2026-10-06T11:25:45.0941716Z Artifact download URL: https://github.com/eloqdata/lavik/actions/runs/37452841525/artifacts/11408509075
2026-10-06T11:25:45.1112175Z Post job cleanup.
2026-10-06T11:25:45.1806507Z [command]/usr/bin/git version
2026-10-06T11:25:45.1843082Z git version 2.55.0
2026-10-06T11:25:45.1875156Z Temporarily overriding HOME='/home/runner/work/_temp/ca84309e-dd85-46fd-bf2a-d6da06e7b4f9' before making global git config changes
2026-10-06T11:25:45.1875918Z Adding repository directory to the temporary git global config as a safe directory
2026-10-06T11:25:45.1879518Z [command]/usr/bin/git config --global --add safe.directory /home/runner/work/lavik/lavik
2026-10-06T11:25:45.1911908Z Removing SSH command configuration
2026-10-06T11:25:45.1918600Z [command]/usr/bin/git config --local --name-only --get-regexp core\.sshCommand
2026-10-06T11:25:45.1949050Z [command]/usr/bin/git submodule foreach --recursive sh -c "git config --local --name-only --get-regexp 'core\.sshCommand' && git config --local --unset-all 'core.sshCommand' || :"
2026-10-06T11:25:45.2137718Z Removing HTTP extra header
2026-10-06T11:25:45.2143355Z [command]/usr/bin/git config --local --name-only --get-regexp http\.https\:\/\/github\.com\/\.extraheader
2026-10-06T11:25:45.2188290Z [command]/usr/bin/git submodule foreach --recursive sh -c "git config --local --name-only --get-regexp 'http\.https\:\/\/github\.com\/\.extraheader' && git config --local --unset-all 'http.https://github.com/.extraheader' || :"
2026-10-06T11:25:45.2368550Z Removing includeIf entries pointing to credentials config files
2026-10-06T11:25:45.2374544Z [command]/usr/bin/git config --local --name-only --get-regexp ^includeIf\.gitdir:
2026-10-06T11:25:45.2407506Z [command]/usr/bin/git submodule foreach --recursive git config --local --show-origin --name-only --get-regexp remote.origin.url
2026-10-06T11:25:45.2731508Z Cleaning up orphan processes
