2026-10-06T11:02:32.6633396Z Current runner version: '2.337.0'
2026-10-06T11:02:32.6657416Z ##[group]Runner Image Provisioner
2026-10-06T11:02:32.6658426Z Hosted Compute Agent
2026-10-06T11:02:32.6659060Z Version: 20260901.588
2026-10-06T11:02:32.6659754Z Commit: f88ec8081b781fac6c440065ac7ff9e710ce3d0b
2026-10-06T11:02:32.6660491Z Build Date: 2026-09-01T19:56:44Z
2026-10-06T11:02:32.6661203Z Worker ID: {195a6093-b483-482a-8ff3-d9012110b8d3}
2026-10-06T11:02:32.6662024Z Azure Region: westus
2026-10-06T11:02:32.6662591Z ##[endgroup]
2026-10-06T11:02:32.6664123Z ##[group]Operating System
2026-10-06T11:02:32.6664857Z Ubuntu
2026-10-06T11:02:32.6665595Z 24.04.5
2026-10-06T11:02:32.6666228Z LTS
2026-10-06T11:02:32.6666756Z ##[endgroup]
2026-10-06T11:02:32.6667381Z ##[group]Runner Image
2026-10-06T11:02:32.6667993Z Image: ubuntu-24.04
2026-10-06T11:02:32.6668593Z Version: 20260927.320.1
2026-10-06T11:02:32.6669934Z Included Software: https://github.com/actions/runner-images/blob/ubuntu24/20260927.320/images/ubuntu/Ubuntu2404-Readme.md
2026-10-06T11:02:32.6671539Z Image Release: https://github.com/actions/runner-images/releases/tag/ubuntu24%2F20260927.320
2026-10-06T11:02:32.6672527Z ##[endgroup]
2026-10-06T11:02:32.6673620Z ##[group]GITHUB_TOKEN Permissions
2026-10-06T11:02:32.6675788Z Contents: read
2026-10-06T11:02:32.6676397Z Metadata: read
2026-10-06T11:02:32.6677062Z ##[endgroup]
2026-10-06T11:02:32.6679142Z Secret source: Actions
2026-10-06T11:02:32.6680222Z Cache mode: write
2026-10-06T11:02:32.6680910Z Prepare workflow directory
2026-10-06T11:02:32.7256259Z Prepare all required actions
2026-10-06T11:02:32.7306658Z Getting action download info
2026-10-06T11:02:33.0828229Z Download action repository 'actions/checkout@v7' (SHA:3d3c42e5aac5ba805825da76410c181273ba90b1)
2026-10-06T11:02:33.2122491Z Download action repository 'actions/setup-go@b7ad1dad31e06c5925ef5d2fc7ad053ef454303e' (SHA:b7ad1dad31e06c5925ef5d2fc7ad053ef454303e)
2026-10-06T11:02:33.6504300Z Download action repository 'actions/download-artifact@3e5f45b2cfb9172054b4087a40e8e0b5a5461e7c' (SHA:3e5f45b2cfb9172054b4087a40e8e0b5a5461e7c)
2026-10-06T11:02:34.0147660Z Download action repository 'actions/upload-artifact@v7' (SHA:043fb46d1a93c77aae656e7c1c64a875d1fc6a0a)
2026-10-06T11:02:34.1850146Z Complete job name: Test shard (amd64, 0)
2026-10-06T11:02:34.2716534Z ##[group]Run actions/checkout@v7
2026-10-06T11:02:34.2717632Z with:
2026-10-06T11:02:34.2718240Z   persist-credentials: false
2026-10-06T11:02:34.2718924Z   repository: eloqdata/lavik
2026-10-06T11:02:34.2723301Z   token: ***
2026-10-06T11:02:34.2724146Z   ssh-strict: true
2026-10-06T11:02:34.2724711Z   ssh-user: git
2026-10-06T11:02:34.2725433Z   clean: true
2026-10-06T11:02:34.2726155Z   sparse-checkout-cone-mode: true
2026-10-06T11:02:34.2726785Z   fetch-depth: 1
2026-10-06T11:02:34.2727360Z   fetch-tags: false
2026-10-06T11:02:34.2727899Z   show-progress: true
2026-10-06T11:02:34.2728441Z   lfs: false
2026-10-06T11:02:34.2729048Z   submodules: false
2026-10-06T11:02:34.2729627Z   set-safe-directory: true
2026-10-06T11:02:34.2730299Z   allow-unsafe-pr-checkout: false
2026-10-06T11:02:34.2731287Z env:
2026-10-06T11:02:34.2731976Z   PYTHONPATH: /home/runner/work/lavik/lavik/build_ci/test_tools/redis_py
2026-10-06T11:02:34.2732926Z ##[endgroup]
2026-10-06T11:02:34.3728508Z Syncing repository: eloqdata/lavik
2026-10-06T11:02:34.3731352Z ##[group]Getting Git version info
2026-10-06T11:02:34.3732603Z Working directory is '/home/runner/work/lavik/lavik'
2026-10-06T11:02:34.3734602Z [command]/usr/bin/git version
2026-10-06T11:02:34.3799862Z git version 2.55.0
2026-10-06T11:02:34.3824213Z ##[endgroup]
2026-10-06T11:02:34.3835663Z Temporarily overriding HOME='/home/runner/work/_temp/0f1e6d7f-21f9-4e0e-a20c-35bbff9ed15d' before making global git config changes
2026-10-06T11:02:34.3838177Z Adding repository directory to the temporary git global config as a safe directory
2026-10-06T11:02:34.3841731Z [command]/usr/bin/git config --global --add safe.directory /home/runner/work/lavik/lavik
2026-10-06T11:02:34.3898557Z Deleting the contents of '/home/runner/work/lavik/lavik'
2026-10-06T11:02:34.3902568Z ##[group]Determining repository object format
2026-10-06T11:02:34.3904165Z ##[endgroup]
2026-10-06T11:02:34.3905891Z ##[group]Initializing the repository
2026-10-06T11:02:34.3908503Z [command]/usr/bin/git init /home/runner/work/lavik/lavik
2026-10-06T11:02:34.4037434Z hint: Using 'master' as the name for the initial branch. This default branch name
2026-10-06T11:02:34.4039044Z hint: will change to "main" in Git 3.0. To configure the initial branch name
2026-10-06T11:02:34.4040760Z hint: to use in all of your new repositories, which will suppress this warning,
2026-10-06T11:02:34.4041935Z hint: call:
2026-10-06T11:02:34.4042469Z hint:
2026-10-06T11:02:34.4043353Z hint: 	git config --global init.defaultBranch <name>
2026-10-06T11:02:34.4044704Z hint:
2026-10-06T11:02:34.4046248Z hint: Names commonly chosen instead of 'master' are 'main', 'trunk' and
2026-10-06T11:02:34.4048080Z hint: 'development'. The just-created branch can be renamed via this command:
2026-10-06T11:02:34.4132904Z hint:
2026-10-06T11:02:34.4133419Z hint: 	git branch -m <name>
2026-10-06T11:02:34.4134008Z hint:
2026-10-06T11:02:34.4134724Z hint: Disable this message with "git config set advice.defaultBranchName false"
2026-10-06T11:02:34.4137261Z Initialized empty Git repository in /home/runner/work/lavik/lavik/.git/
2026-10-06T11:02:34.4140349Z [command]/usr/bin/git remote add origin https://github.com/eloqdata/lavik
2026-10-06T11:02:34.4143429Z ##[endgroup]
2026-10-06T11:02:34.4145559Z ##[group]Disabling automatic garbage collection
2026-10-06T11:02:34.4147265Z [command]/usr/bin/git config --local gc.auto 0
2026-10-06T11:02:34.4167230Z ##[endgroup]
2026-10-06T11:02:34.4168460Z ##[group]Setting up auth
2026-10-06T11:02:34.4169336Z Removing SSH command configuration
2026-10-06T11:02:34.4176138Z [command]/usr/bin/git config --local --name-only --get-regexp core\.sshCommand
2026-10-06T11:02:34.4211786Z [command]/usr/bin/git submodule foreach --recursive sh -c "git config --local --name-only --get-regexp 'core\.sshCommand' && git config --local --unset-all 'core.sshCommand' || :"
2026-10-06T11:02:34.4589247Z Removing HTTP extra header
2026-10-06T11:02:34.4596654Z [command]/usr/bin/git config --local --name-only --get-regexp http\.https\:\/\/github\.com\/\.extraheader
2026-10-06T11:02:34.4636820Z [command]/usr/bin/git submodule foreach --recursive sh -c "git config --local --name-only --get-regexp 'http\.https\:\/\/github\.com\/\.extraheader' && git config --local --unset-all 'http.https://github.com/.extraheader' || :"
2026-10-06T11:02:34.4855800Z Removing includeIf entries pointing to credentials config files
2026-10-06T11:02:34.4860903Z [command]/usr/bin/git config --local --name-only --get-regexp ^includeIf\.gitdir:
2026-10-06T11:02:34.4900084Z [command]/usr/bin/git submodule foreach --recursive git config --local --show-origin --name-only --get-regexp remote.origin.url
2026-10-06T11:02:34.5126008Z [command]/usr/bin/git config --file /home/runner/work/_temp/git-credentials-2797fa90-abcd-4bd1-a305-1f002c8a6c71.config http.https://github.com/.extraheader AUTHORIZATION: basic ***
2026-10-06T11:02:34.5167119Z [command]/usr/bin/git config --local includeIf.gitdir:/home/runner/work/lavik/lavik/.git.path /home/runner/work/_temp/git-credentials-2797fa90-abcd-4bd1-a305-1f002c8a6c71.config
2026-10-06T11:02:34.5200342Z [command]/usr/bin/git config --local includeIf.gitdir:/home/runner/work/lavik/lavik/.git/worktrees/*.path /home/runner/work/_temp/git-credentials-2797fa90-abcd-4bd1-a305-1f002c8a6c71.config
2026-10-06T11:02:34.5238047Z [command]/usr/bin/git config --local includeIf.gitdir:/github/workspace/.git.path /github/runner_temp/git-credentials-2797fa90-abcd-4bd1-a305-1f002c8a6c71.config
2026-10-06T11:02:34.5272637Z [command]/usr/bin/git config --local includeIf.gitdir:/github/workspace/.git/worktrees/*.path /github/runner_temp/git-credentials-2797fa90-abcd-4bd1-a305-1f002c8a6c71.config
2026-10-06T11:02:34.5304724Z ##[endgroup]
2026-10-06T11:02:34.5306208Z ##[group]Fetching the repository
2026-10-06T11:02:34.5311399Z [command]/usr/bin/git -c protocol.version=2 fetch --no-tags --prune --no-recurse-submodules --depth=1 origin +196074ff8a8fcf607b1a0efad78255af5ab7015b:refs/remotes/pull/275/merge
2026-10-06T11:02:35.9538885Z From https://github.com/eloqdata/lavik
2026-10-06T11:02:35.9541446Z  * [new ref]         196074ff8a8fcf607b1a0efad78255af5ab7015b -> pull/275/merge
2026-10-06T11:02:35.9546546Z ##[endgroup]
2026-10-06T11:02:35.9548118Z ##[group]Determining the checkout info
2026-10-06T11:02:35.9549861Z ##[endgroup]
2026-10-06T11:02:35.9550652Z [command]/usr/bin/git sparse-checkout disable
2026-10-06T11:02:35.9623364Z [command]/usr/bin/git config --local --unset-all extensions.worktreeConfig
2026-10-06T11:02:35.9657526Z ##[group]Checking out the ref
2026-10-06T11:02:35.9661390Z [command]/usr/bin/git checkout --progress --force refs/remotes/pull/275/merge
2026-10-06T11:02:36.1341394Z Note: switching to 'refs/remotes/pull/275/merge'.
2026-10-06T11:02:36.1342468Z 
2026-10-06T11:02:36.1343193Z You are in 'detached HEAD' state. You can look around, make experimental
2026-10-06T11:02:36.1345005Z changes and commit them, and you can discard any commits you make in this
2026-10-06T11:02:36.1346977Z state without impacting any branches by switching back to a branch.
2026-10-06T11:02:36.1348028Z 
2026-10-06T11:02:36.1348723Z If you want to create a new branch to retain commits you create, you may
2026-10-06T11:02:36.1350288Z do so (now or later) by using -c with the switch command. Example:
2026-10-06T11:02:36.1351193Z 
2026-10-06T11:02:36.1351604Z   git switch -c <new-branch-name>
2026-10-06T11:02:36.1352270Z 
2026-10-06T11:02:36.1352725Z Or undo this operation with:
2026-10-06T11:02:36.1353397Z 
2026-10-06T11:02:36.1353806Z   git switch -
2026-10-06T11:02:36.1354402Z 
2026-10-06T11:02:36.1355792Z Turn off this advice by setting config variable advice.detachedHead to false
2026-10-06T11:02:36.1357877Z 
2026-10-06T11:02:36.1360097Z HEAD is now at 196074f Merge eccea5c79d4e71e39ae1e1217aecb226f4ff75e9 into d88a5e8fdcc5702272b26f9853f4baad7a146988
2026-10-06T11:02:36.1367439Z ##[endgroup]
2026-10-06T11:02:36.1414827Z [command]/usr/bin/git log -1 --format=%H
2026-10-06T11:02:36.1444621Z 196074ff8a8fcf607b1a0efad78255af5ab7015b
2026-10-06T11:02:36.1456200Z ##[group]Removing auth
2026-10-06T11:02:36.1457987Z Removing SSH command configuration
2026-10-06T11:02:36.1460774Z [command]/usr/bin/git config --local --name-only --get-regexp core\.sshCommand
2026-10-06T11:02:36.1503609Z [command]/usr/bin/git submodule foreach --recursive sh -c "git config --local --name-only --get-regexp 'core\.sshCommand' && git config --local --unset-all 'core.sshCommand' || :"
2026-10-06T11:02:36.1731787Z Removing HTTP extra header
2026-10-06T11:02:36.1735098Z [command]/usr/bin/git config --local --name-only --get-regexp http\.https\:\/\/github\.com\/\.extraheader
2026-10-06T11:02:36.1772481Z [command]/usr/bin/git submodule foreach --recursive sh -c "git config --local --name-only --get-regexp 'http\.https\:\/\/github\.com\/\.extraheader' && git config --local --unset-all 'http.https://github.com/.extraheader' || :"
2026-10-06T11:02:36.2007799Z Removing includeIf entries pointing to credentials config files
2026-10-06T11:02:36.2011703Z [command]/usr/bin/git config --local --name-only --get-regexp ^includeIf\.gitdir:
2026-10-06T11:02:36.2043173Z includeif.gitdir:/home/runner/work/lavik/lavik/.git.path
2026-10-06T11:02:36.2046555Z includeif.gitdir:/home/runner/work/lavik/lavik/.git/worktrees/*.path
2026-10-06T11:02:36.2049472Z includeif.gitdir:/github/workspace/.git.path
2026-10-06T11:02:36.2052082Z includeif.gitdir:/github/workspace/.git/worktrees/*.path
2026-10-06T11:02:36.2057436Z [command]/usr/bin/git config --local --get-all includeif.gitdir:/home/runner/work/lavik/lavik/.git.path
2026-10-06T11:02:36.2081194Z /home/runner/work/_temp/git-credentials-2797fa90-abcd-4bd1-a305-1f002c8a6c71.config
2026-10-06T11:02:36.2092692Z [command]/usr/bin/git config --local --unset includeif.gitdir:/home/runner/work/lavik/lavik/.git.path \/home\/runner\/work\/_temp\/git\-credentials\-2797fa90\-abcd\-4bd1\-a305\-1f002c8a6c71\.config
2026-10-06T11:02:36.2155511Z [command]/usr/bin/git config --local --get-all includeif.gitdir:/home/runner/work/lavik/lavik/.git/worktrees/*.path
2026-10-06T11:02:36.2216286Z /home/runner/work/_temp/git-credentials-2797fa90-abcd-4bd1-a305-1f002c8a6c71.config
2026-10-06T11:02:36.2225456Z [command]/usr/bin/git config --local --unset includeif.gitdir:/home/runner/work/lavik/lavik/.git/worktrees/*.path \/home\/runner\/work\/_temp\/git\-credentials\-2797fa90\-abcd\-4bd1\-a305\-1f002c8a6c71\.config
2026-10-06T11:02:36.2261270Z [command]/usr/bin/git config --local --get-all includeif.gitdir:/github/workspace/.git.path
2026-10-06T11:02:36.2290142Z /github/runner_temp/git-credentials-2797fa90-abcd-4bd1-a305-1f002c8a6c71.config
2026-10-06T11:02:36.2299128Z [command]/usr/bin/git config --local --unset includeif.gitdir:/github/workspace/.git.path \/github\/runner_temp\/git\-credentials\-2797fa90\-abcd\-4bd1\-a305\-1f002c8a6c71\.config
2026-10-06T11:02:36.2334947Z [command]/usr/bin/git config --local --get-all includeif.gitdir:/github/workspace/.git/worktrees/*.path
2026-10-06T11:02:36.2360738Z /github/runner_temp/git-credentials-2797fa90-abcd-4bd1-a305-1f002c8a6c71.config
2026-10-06T11:02:36.2424042Z [command]/usr/bin/git config --local --unset includeif.gitdir:/github/workspace/.git/worktrees/*.path \/github\/runner_temp\/git\-credentials\-2797fa90\-abcd\-4bd1\-a305\-1f002c8a6c71\.config
2026-10-06T11:02:36.2472366Z [command]/usr/bin/git submodule foreach --recursive git config --local --show-origin --name-only --get-regexp remote.origin.url
2026-10-06T11:02:36.2711455Z Removing credentials config '/home/runner/work/_temp/git-credentials-2797fa90-abcd-4bd1-a305-1f002c8a6c71.config'
2026-10-06T11:02:36.2721532Z ##[endgroup]
2026-10-06T11:02:36.3013290Z ##[group]Run actions/setup-go@b7ad1dad31e06c5925ef5d2fc7ad053ef454303e
2026-10-06T11:02:36.3014261Z with:
2026-10-06T11:02:36.3014953Z   go-version-file: raft/go.mod
2026-10-06T11:02:36.3016360Z   cache-dependency-path: raft/go.sum
tests/meta_integration/cluster_client_go/go.sum
tests/meta_integration/sentinel_client_go/go.sum

2026-10-06T11:02:36.3017635Z   check-latest: false
2026-10-06T11:02:36.3020975Z   token: ***
2026-10-06T11:02:36.3021653Z   cache: true
2026-10-06T11:02:36.3022314Z env:
2026-10-06T11:02:36.3023139Z   PYTHONPATH: /home/runner/work/lavik/lavik/build_ci/test_tools/redis_py
2026-10-06T11:02:36.3024065Z ##[endgroup]
2026-10-06T11:02:36.4215986Z Setup go version spec 1.26.8
2026-10-06T11:02:36.4231339Z Found in cache @ /opt/hostedtoolcache/go/1.26.8/x64
2026-10-06T11:02:36.4232529Z Added go to the path
2026-10-06T11:02:36.4235855Z Successfully set up Go version 1.26.8
2026-10-06T11:02:37.4396197Z [command]/opt/hostedtoolcache/go/1.26.8/x64/bin/go env GOMODCACHE
2026-10-06T11:02:37.4432933Z [command]/opt/hostedtoolcache/go/1.26.8/x64/bin/go env GOCACHE
2026-10-06T11:02:37.4467204Z /home/runner/go/pkg/mod
2026-10-06T11:02:37.4491065Z /home/runner/.cache/go-build
2026-10-06T11:02:37.7168728Z Cache hit for: setup-go-Linux-x64-ubuntu24-go-1.26.8-52a31333fdbe81b448a90130b1fe6ac14c2f243aba4a731c327db2137c0da2d4
2026-10-06T11:02:39.0128081Z Received 0 of 168101007 (0.0%), 0.0 MBs/sec
2026-10-06T11:02:40.0206377Z Received 134217728 of 168101007 (79.8%), 63.7 MBs/sec
2026-10-06T11:02:40.3000979Z Received 168101007 of 168101007 (100.0%), 70.0 MBs/sec
2026-10-06T11:02:40.3002081Z Cache Size: ~160 MB (168101007 B)
2026-10-06T11:02:40.3043209Z [command]/usr/bin/tar -xf /home/runner/work/_temp/93dd1ac2-9065-4ac8-befe-24365af2961d/cache.tzst -P -C /home/runner/work/lavik/lavik --use-compress-program unzstd
2026-10-06T11:02:41.6643480Z Cache restored successfully
2026-10-06T11:02:41.6972369Z Cache restored from key: setup-go-Linux-x64-ubuntu24-go-1.26.8-52a31333fdbe81b448a90130b1fe6ac14c2f243aba4a731c327db2137c0da2d4
2026-10-06T11:02:41.6998243Z go version go1.26.8 linux/amd64
2026-10-06T11:02:41.6998468Z 
2026-10-06T11:02:41.6998803Z ##[group]go env
2026-10-06T11:02:41.8157868Z AR='ar'
2026-10-06T11:02:41.8158240Z CC='gcc'
2026-10-06T11:02:41.8158886Z CGO_CFLAGS='-O2 -g'
2026-10-06T11:02:41.8159133Z CGO_CPPFLAGS=''
2026-10-06T11:02:41.8159361Z CGO_CXXFLAGS='-O2 -g'
2026-10-06T11:02:41.8159631Z CGO_ENABLED='1'
2026-10-06T11:02:41.8159841Z CGO_FFLAGS='-O2 -g'
2026-10-06T11:02:41.8160051Z CGO_LDFLAGS='-O2 -g'
2026-10-06T11:02:41.8160257Z CXX='g++'
2026-10-06T11:02:41.8160446Z GCCGO='gccgo'
2026-10-06T11:02:41.8160643Z GO111MODULE=''
2026-10-06T11:02:41.8160843Z GOAMD64='v1'
2026-10-06T11:02:41.8161036Z GOARCH='amd64'
2026-10-06T11:02:41.8161230Z GOAUTH='netrc'
2026-10-06T11:02:41.8161440Z GOBIN=''
2026-10-06T11:02:41.8161665Z GOCACHE='/home/runner/.cache/go-build'
2026-10-06T11:02:41.8161951Z GOCACHEPROG=''
2026-10-06T11:02:41.8162154Z GODEBUG=''
2026-10-06T11:02:41.8162388Z GOENV='/home/runner/.config/go/env'
2026-10-06T11:02:41.8162642Z GOEXE=''
2026-10-06T11:02:41.8162835Z GOEXPERIMENT=''
2026-10-06T11:02:41.8163039Z GOFIPS140='off'
2026-10-06T11:02:41.8163230Z GOFLAGS=''
2026-10-06T11:02:41.8163914Z GOGCCFLAGS='-fPIC -m64 -pthread -Wl,--no-gc-sections -fmessage-length=0 -ffile-prefix-map=/tmp/go-build4012748889=/tmp/go-build -gno-record-gcc-switches'
2026-10-06T11:02:41.8164619Z GOHOSTARCH='amd64'
2026-10-06T11:02:41.8164829Z GOHOSTOS='linux'
2026-10-06T11:02:41.8165034Z GOINSECURE=''
2026-10-06T11:02:41.8165671Z GOMOD='/dev/null'
2026-10-06T11:02:41.8166080Z GOMODCACHE='/home/runner/go/pkg/mod'
2026-10-06T11:02:41.8166538Z GONOPROXY=''
2026-10-06T11:02:41.8166868Z GONOSUMDB=''
2026-10-06T11:02:41.8167186Z GOOS='linux'
2026-10-06T11:02:41.8167461Z GOPATH='/home/runner/go'
2026-10-06T11:02:41.8167697Z GOPRIVATE=''
2026-10-06T11:02:41.8168021Z GOPROXY='https://proxy.golang.org,direct'
2026-10-06T11:02:41.8168362Z GOROOT='/opt/hostedtoolcache/go/1.26.8/x64'
2026-10-06T11:02:41.8168894Z GOSUMDB='sum.golang.org'
2026-10-06T11:02:41.8169148Z GOTELEMETRY='local'
2026-10-06T11:02:41.8169424Z GOTELEMETRYDIR='/home/runner/.config/go/telemetry'
2026-10-06T11:02:41.8169729Z GOTMPDIR=''
2026-10-06T11:02:41.8169921Z GOTOOLCHAIN='local'
2026-10-06T11:02:41.8170257Z GOTOOLDIR='/opt/hostedtoolcache/go/1.26.8/x64/pkg/tool/linux_amd64'
2026-10-06T11:02:41.8170634Z GOVCS=''
2026-10-06T11:02:41.8170834Z GOVERSION='go1.26.8'
2026-10-06T11:02:41.8171046Z GOWORK=''
2026-10-06T11:02:41.8171259Z PKG_CONFIG='pkg-config'
2026-10-06T11:02:41.8171400Z 
2026-10-06T11:02:41.8171761Z ##[endgroup]
2026-10-06T11:02:41.8331098Z ##[group]Run sudo apt-get update
2026-10-06T11:02:41.8331461Z [36;1msudo apt-get update[0m
2026-10-06T11:02:41.8331816Z [36;1msudo apt-get install -y --no-install-recommends \[0m
2026-10-06T11:02:41.8332269Z [36;1m  build-essential clang-18 cmake openssl python3 tcl zstd[0m
2026-10-06T11:02:41.8604081Z shell: /usr/bin/bash --noprofile --norc -e -o pipefail {0}
2026-10-06T11:02:41.8604484Z env:
2026-10-06T11:02:41.8604844Z   PYTHONPATH: /home/runner/work/lavik/lavik/build_ci/test_tools/redis_py
2026-10-06T11:02:41.8605542Z   GOTOOLCHAIN: local
2026-10-06T11:02:41.8605788Z ##[endgroup]
2026-10-06T11:02:41.9466622Z Get:1 file:/etc/apt/apt-mirrors.txt Mirrorlist [144 B]
2026-10-06T11:02:41.9693630Z Hit:2 http://azure.archive.ubuntu.com/ubuntu noble InRelease
2026-10-06T11:02:41.9726288Z Get:3 http://azure.archive.ubuntu.com/ubuntu noble-updates InRelease [126 kB]
2026-10-06T11:02:41.9733645Z Get:6 https://packages.microsoft.com/ubuntu/24.04/prod noble InRelease [3600 B]
2026-10-06T11:02:41.9756448Z Get:4 http://azure.archive.ubuntu.com/ubuntu noble-backports InRelease [126 kB]
2026-10-06T11:02:41.9784291Z Get:5 http://azure.archive.ubuntu.com/ubuntu noble-security InRelease [126 kB]
2026-10-06T11:02:42.1083579Z Get:7 https://packages.microsoft.com/ubuntu/24.04/prod noble/main armhf Packages [12.6 kB]
2026-10-06T11:02:42.1296482Z Get:8 https://packages.microsoft.com/ubuntu/24.04/prod noble/main amd64 Packages [515 kB]
2026-10-06T11:02:42.1386486Z Get:9 https://packages.microsoft.com/ubuntu/24.04/prod noble/main arm64 Packages [458 kB]
2026-10-06T11:02:42.1758767Z Get:10 http://azure.archive.ubuntu.com/ubuntu noble-updates/main amd64 Packages [1370 kB]
2026-10-06T11:02:42.1836455Z Get:11 http://azure.archive.ubuntu.com/ubuntu noble-updates/main Translation-en [305 kB]
2026-10-06T11:02:42.1856821Z Get:12 http://azure.archive.ubuntu.com/ubuntu noble-updates/main amd64 Components [181 kB]
2026-10-06T11:02:42.1869880Z Get:13 http://azure.archive.ubuntu.com/ubuntu noble-updates/universe amd64 Packages [1701 kB]
2026-10-06T11:02:42.1955849Z Get:14 http://azure.archive.ubuntu.com/ubuntu noble-updates/universe Translation-en [341 kB]
2026-10-06T11:02:42.1981026Z Get:15 http://azure.archive.ubuntu.com/ubuntu noble-updates/universe amd64 Components [388 kB]
2026-10-06T11:02:42.2004954Z Get:16 http://azure.archive.ubuntu.com/ubuntu noble-updates/restricted amd64 Packages [1728 kB]
2026-10-06T11:02:42.2090643Z Get:17 http://azure.archive.ubuntu.com/ubuntu noble-updates/restricted Translation-en [395 kB]
2026-10-06T11:02:42.2114434Z Get:18 http://azure.archive.ubuntu.com/ubuntu noble-updates/multiverse Translation-en [13.3 kB]
2026-10-06T11:02:42.2124196Z Get:19 http://azure.archive.ubuntu.com/ubuntu noble-updates/multiverse amd64 Components [940 B]
2026-10-06T11:02:42.2721550Z Get:20 http://azure.archive.ubuntu.com/ubuntu noble-backports/main amd64 Components [5764 B]
2026-10-06T11:02:42.2736863Z Get:21 http://azure.archive.ubuntu.com/ubuntu noble-backports/universe amd64 Components [12.6 kB]
2026-10-06T11:02:42.2966675Z Get:22 http://azure.archive.ubuntu.com/ubuntu noble-security/main amd64 Packages [1071 kB]
2026-10-06T11:02:42.3016522Z Get:23 http://azure.archive.ubuntu.com/ubuntu noble-security/main Translation-en [222 kB]
2026-10-06T11:02:42.3039729Z Get:24 http://azure.archive.ubuntu.com/ubuntu noble-security/main amd64 Components [46.4 kB]
2026-10-06T11:02:42.3046538Z Get:25 http://azure.archive.ubuntu.com/ubuntu noble-security/universe amd64 Packages [1216 kB]
2026-10-06T11:02:42.3108873Z Get:26 http://azure.archive.ubuntu.com/ubuntu noble-security/universe Translation-en [244 kB]
2026-10-06T11:02:42.3127005Z Get:27 http://azure.archive.ubuntu.com/ubuntu noble-security/universe amd64 Components [76.3 kB]
2026-10-06T11:02:42.3140472Z Get:28 http://azure.archive.ubuntu.com/ubuntu noble-security/restricted amd64 Packages [1566 kB]
2026-10-06T11:02:42.3217974Z Get:29 http://azure.archive.ubuntu.com/ubuntu noble-security/restricted Translation-en [361 kB]
2026-10-06T11:02:47.5361995Z Fetched 12.6 MB in 1s (9026 kB/s)
2026-10-06T11:02:48.3463492Z Reading package lists...
2026-10-06T11:02:48.3766469Z Reading package lists...
2026-10-06T11:02:48.5453411Z Building dependency tree...
2026-10-06T11:02:48.5461155Z Reading state information...
2026-10-06T11:02:48.6855886Z clang-18 is already the newest version (1:18.1.3-1ubuntu1).
2026-10-06T11:02:48.6856623Z python3 is already the newest version (3.12.3-0ubuntu2.1).
2026-10-06T11:02:48.6857225Z tcl is already the newest version (8.6.14build1).
2026-10-06T11:02:48.6857721Z tcl set to manually installed.
2026-10-06T11:02:48.6858223Z zstd is already the newest version (1.5.5+dfsg2-2build1.1).
2026-10-06T11:02:48.6858750Z zstd set to manually installed.
2026-10-06T11:02:48.6859215Z The following additional packages will be installed:
2026-10-06T11:02:48.6863583Z   cmake-data libjsoncpp25 librhash0 libssl-dev libssl3t64
2026-10-06T11:02:48.6869611Z Suggested packages:
2026-10-06T11:02:48.6870182Z   cmake-doc cmake-format elpa-cmake-mode ninja-build libssl-doc
2026-10-06T11:02:48.7960246Z The following NEW packages will be installed:
2026-10-06T11:02:48.7968052Z   build-essential cmake cmake-data libjsoncpp25 librhash0
2026-10-06T11:02:48.7974512Z The following packages will be upgraded:
2026-10-06T11:02:48.7976632Z   libssl-dev libssl3t64 openssl
2026-10-06T11:02:48.8144044Z 3 upgraded, 5 newly installed, 0 to remove and 22 not upgraded.
2026-10-06T11:02:48.8144603Z Need to get 18.9 MB of archives.
2026-10-06T11:02:48.8145004Z After this operation, 49.1 MB of additional disk space will be used.
2026-10-06T11:02:48.8146029Z Get:1 file:/etc/apt/apt-mirrors.txt Mirrorlist [144 B]
2026-10-06T11:02:48.9022558Z Get:2 http://azure.archive.ubuntu.com/ubuntu noble-updates/main amd64 libssl-dev amd64 3.0.13-0ubuntu3.16 [2409 kB]
2026-10-06T11:02:49.0280738Z Get:3 http://azure.archive.ubuntu.com/ubuntu noble-updates/main amd64 libssl3t64 amd64 3.0.13-0ubuntu3.16 [1945 kB]
2026-10-06T11:02:49.1388754Z Get:4 http://azure.archive.ubuntu.com/ubuntu noble-updates/main amd64 openssl amd64 3.0.13-0ubuntu3.16 [1004 kB]
2026-10-06T11:02:49.2291036Z Get:5 http://azure.archive.ubuntu.com/ubuntu noble/main amd64 build-essential amd64 12.10ubuntu1 [4928 B]
2026-10-06T11:02:49.2979195Z Get:6 http://azure.archive.ubuntu.com/ubuntu noble/main amd64 libjsoncpp25 amd64 1.9.5-6build1 [82.8 kB]
2026-10-06T11:02:49.3675842Z Get:7 http://azure.archive.ubuntu.com/ubuntu noble/main amd64 librhash0 amd64 1.4.3-3build1 [129 kB]
2026-10-06T11:02:49.4379110Z Get:8 http://azure.archive.ubuntu.com/ubuntu noble/main amd64 cmake-data all 3.28.3-1build7 [2155 kB]
2026-10-06T11:02:49.5528853Z Get:9 http://azure.archive.ubuntu.com/ubuntu noble/main amd64 cmake amd64 3.28.3-1build7 [11.2 MB]
2026-10-06T11:02:50.0440445Z Fetched 18.9 MB in 1s (19.0 MB/s)
2026-10-06T11:02:50.0969772Z (Reading database ... 
2026-10-06T11:02:50.0970401Z (Reading database ... 5%
2026-10-06T11:02:50.0970885Z (Reading database ... 10%
2026-10-06T11:02:50.0971256Z (Reading database ... 15%
2026-10-06T11:02:50.0971617Z (Reading database ... 20%
2026-10-06T11:02:50.0972000Z (Reading database ... 25%
2026-10-06T11:02:50.0972354Z (Reading database ... 30%
2026-10-06T11:02:50.0972711Z (Reading database ... 35%
2026-10-06T11:02:50.0973993Z (Reading database ... 40%
2026-10-06T11:02:50.0974565Z (Reading database ... 45%
2026-10-06T11:02:50.0975391Z (Reading database ... 50%
2026-10-06T11:02:50.1018212Z (Reading database ... 55%
2026-10-06T11:02:50.2498063Z (Reading database ... 60%
2026-10-06T11:02:50.4496826Z (Reading database ... 65%
2026-10-06T11:02:50.6393641Z (Reading database ... 70%
2026-10-06T11:02:50.8367957Z (Reading database ... 75%
2026-10-06T11:02:50.9805614Z (Reading database ... 80%
2026-10-06T11:02:51.1859704Z (Reading database ... 85%
2026-10-06T11:02:51.3550271Z (Reading database ... 90%
2026-10-06T11:02:51.4592116Z (Reading database ... 95%
2026-10-06T11:02:51.4592625Z (Reading database ... 100%
2026-10-06T11:02:51.4593250Z (Reading database ... 202296 files and directories currently installed.)
2026-10-06T11:02:51.4633900Z Preparing to unpack .../libssl-dev_3.0.13-0ubuntu3.16_amd64.deb ...
2026-10-06T11:02:51.4677916Z Unpacking libssl-dev:amd64 (3.0.13-0ubuntu3.16) over (3.0.13-0ubuntu3.15) ...
2026-10-06T11:02:51.6270327Z Preparing to unpack .../libssl3t64_3.0.13-0ubuntu3.16_amd64.deb ...
2026-10-06T11:02:51.6318465Z Unpacking libssl3t64:amd64 (3.0.13-0ubuntu3.16) over (3.0.13-0ubuntu3.15) ...
2026-10-06T11:02:51.6941983Z Setting up libssl3t64:amd64 (3.0.13-0ubuntu3.16) ...
2026-10-06T11:02:51.7266167Z (Reading database ... 
2026-10-06T11:02:51.7266931Z (Reading database ... 5%
2026-10-06T11:02:51.7267635Z (Reading database ... 10%
2026-10-06T11:02:51.7268340Z (Reading database ... 15%
2026-10-06T11:02:51.7269080Z (Reading database ... 20%
2026-10-06T11:02:51.7269762Z (Reading database ... 25%
2026-10-06T11:02:51.7270381Z (Reading database ... 30%
2026-10-06T11:02:51.7270794Z (Reading database ... 35%
2026-10-06T11:02:51.7271197Z (Reading database ... 40%
2026-10-06T11:02:51.7271604Z (Reading database ... 45%
2026-10-06T11:02:51.7272015Z (Reading database ... 50%
2026-10-06T11:02:51.7284307Z (Reading database ... 55%
2026-10-06T11:02:51.7401538Z (Reading database ... 60%
2026-10-06T11:02:51.7430220Z (Reading database ... 65%
2026-10-06T11:02:51.7452082Z (Reading database ... 70%
2026-10-06T11:02:51.7488171Z (Reading database ... 75%
2026-10-06T11:02:51.7519914Z (Reading database ... 80%
2026-10-06T11:02:51.7547108Z (Reading database ... 85%
2026-10-06T11:02:51.7701451Z (Reading database ... 90%
2026-10-06T11:02:51.7950257Z (Reading database ... 95%
2026-10-06T11:02:51.7950734Z (Reading database ... 100%
2026-10-06T11:02:51.7951336Z (Reading database ... 202296 files and directories currently installed.)
2026-10-06T11:02:51.7990703Z Preparing to unpack .../0-openssl_3.0.13-0ubuntu3.16_amd64.deb ...
2026-10-06T11:02:51.8016146Z Unpacking openssl (3.0.13-0ubuntu3.16) over (3.0.13-0ubuntu3.15) ...
2026-10-06T11:02:51.9276523Z Selecting previously unselected package build-essential.
2026-10-06T11:02:51.9403935Z Preparing to unpack .../1-build-essential_12.10ubuntu1_amd64.deb ...
2026-10-06T11:02:51.9412210Z Unpacking build-essential (12.10ubuntu1) ...
2026-10-06T11:02:51.9601919Z Selecting previously unselected package libjsoncpp25:amd64.
2026-10-06T11:02:51.9723440Z Preparing to unpack .../2-libjsoncpp25_1.9.5-6build1_amd64.deb ...
2026-10-06T11:02:51.9730910Z Unpacking libjsoncpp25:amd64 (1.9.5-6build1) ...
2026-10-06T11:02:51.9934661Z Selecting previously unselected package librhash0:amd64.
2026-10-06T11:02:52.0058228Z Preparing to unpack .../3-librhash0_1.4.3-3build1_amd64.deb ...
2026-10-06T11:02:52.0067315Z Unpacking librhash0:amd64 (1.4.3-3build1) ...
2026-10-06T11:02:52.0278763Z Selecting previously unselected package cmake-data.
2026-10-06T11:02:52.0399400Z Preparing to unpack .../4-cmake-data_3.28.3-1build7_all.deb ...
2026-10-06T11:02:52.0461826Z Unpacking cmake-data (3.28.3-1build7) ...
2026-10-06T11:02:52.5647643Z Selecting previously unselected package cmake.
2026-10-06T11:02:52.5784032Z Preparing to unpack .../5-cmake_3.28.3-1build7_amd64.deb ...
2026-10-06T11:02:52.5789981Z Unpacking cmake (3.28.3-1build7) ...
2026-10-06T11:02:52.7497835Z Setting up libssl-dev:amd64 (3.0.13-0ubuntu3.16) ...
2026-10-06T11:02:52.7517061Z Setting up libjsoncpp25:amd64 (1.9.5-6build1) ...
2026-10-06T11:02:52.7535782Z Setting up librhash0:amd64 (1.4.3-3build1) ...
2026-10-06T11:02:52.7556431Z Setting up build-essential (12.10ubuntu1) ...
2026-10-06T11:02:52.7574713Z Setting up cmake-data (3.28.3-1build7) ...
2026-10-06T11:02:52.7637947Z Setting up openssl (3.0.13-0ubuntu3.16) ...
2026-10-06T11:02:52.7677244Z Setting up cmake (3.28.3-1build7) ...
2026-10-06T11:02:52.7698754Z Processing triggers for man-db (2.12.0-4build2) ...
2026-10-06T11:02:52.7718612Z Not building database; man-db/auto-update is not 'true'.
2026-10-06T11:02:52.7730400Z Processing triggers for libc-bin (2.39-0ubuntu8.9) ...
2026-10-06T11:02:53.3305934Z 
2026-10-06T11:02:53.3306499Z Running kernel seems to be up-to-date.
2026-10-06T11:02:53.3306902Z 
2026-10-06T11:02:53.3307293Z Restarting services...
2026-10-06T11:02:53.3744680Z  /etc/needrestart/restart.d/systemd-manager
2026-10-06T11:02:53.7169595Z  systemctl restart packagekit.service php8.3-fpm.service systemd-journald.service systemd-networkd.service systemd-resolved.service systemd-udevd.service udisks2.service
2026-10-06T11:02:53.9726861Z 
2026-10-06T11:02:53.9727487Z Service restarts being deferred:
2026-10-06T11:02:53.9728453Z  systemctl restart hosted-compute-agent.service
2026-10-06T11:02:53.9752637Z  systemctl restart systemd-logind.service
2026-10-06T11:02:53.9753269Z  systemctl restart walinuxagent.service
2026-10-06T11:02:53.9753635Z 
2026-10-06T11:02:53.9753853Z No containers need to be restarted.
2026-10-06T11:02:53.9754203Z 
2026-10-06T11:02:53.9754428Z User sessions running outdated binaries:
2026-10-06T11:02:53.9754976Z  runner @ user manager service: systemd[1210]
2026-10-06T11:02:53.9813147Z 
2026-10-06T11:02:53.9814092Z No VM guests are running outdated hypervisor (qemu) binaries on this host.
2026-10-06T11:02:54.8075017Z ##[group]Run actions/download-artifact@3e5f45b2cfb9172054b4087a40e8e0b5a5461e7c
2026-10-06T11:02:54.8075769Z with:
2026-10-06T11:02:54.8075970Z   name: ci-build-amd64
2026-10-06T11:02:54.8076221Z   path: /home/runner/work/_temp/ci-build
2026-10-06T11:02:54.8076501Z   merge-multiple: false
2026-10-06T11:02:54.8076739Z   repository: eloqdata/lavik
2026-10-06T11:02:54.8076972Z   run-id: 37452841525
2026-10-06T11:02:54.8077194Z   skip-decompress: false
2026-10-06T11:02:54.8077425Z   digest-mismatch: error
2026-10-06T11:02:54.8077637Z env:
2026-10-06T11:02:54.8077935Z   PYTHONPATH: /home/runner/work/lavik/lavik/build_ci/test_tools/redis_py
2026-10-06T11:02:54.8078321Z   GOTOOLCHAIN: local
2026-10-06T11:02:54.8078712Z ##[endgroup]
2026-10-06T11:02:54.9440510Z Downloading single artifact
2026-10-06T11:02:55.2246363Z Preparing to download the following artifacts:
2026-10-06T11:02:55.2247748Z - ci-build-amd64 (ID: 11408021894, Size: 692937571, Expected Digest: sha256:42c675cc9df3a74e2861860d7838d898ce47f957f8e20d9245a8d490320d31c7)
2026-10-06T11:02:55.7391508Z Redirecting to blob download url: https://productionresultssa16.blob.core.windows.net/actions-results/fe00e528-ba73-8c1f-9cfb-9c92e0b0fd69/workflow-job-run-7d74449c-9538-5e1d-89b9-370219eaccd9/artifacts/45a14443d635eb3d4c6ee37b808d356c379206d3589beffc615b9de9fc162f6e.zip
2026-10-06T11:02:55.7393544Z Starting download of artifact to: /home/runner/work/_temp/ci-build
2026-10-06T11:02:56.0754687Z (node:3089) [DEP0005] DeprecationWarning: Buffer() is deprecated due to security and usability issues. Please use the Buffer.alloc(), Buffer.allocUnsafe(), or Buffer.from() methods instead.
2026-10-06T11:02:56.0756379Z (Use `node --trace-deprecation ...` to show where the warning was created)
2026-10-06T11:03:10.0482302Z SHA256 digest of downloaded artifact is 42c675cc9df3a74e2861860d7838d898ce47f957f8e20d9245a8d490320d31c7
2026-10-06T11:03:10.0483331Z Artifact download completed successfully.
2026-10-06T11:03:10.0483747Z Total of 1 artifact(s) downloaded
2026-10-06T11:03:10.0490061Z Download artifact has finished successfully
2026-10-06T11:03:10.0633581Z ##[group]Run tar --zstd -xf "$RUNNER_TEMP/ci-build/ci-build.tar.zst"
2026-10-06T11:03:10.0634500Z [36;1mtar --zstd -xf "$RUNNER_TEMP/ci-build/ci-build.tar.zst"[0m
2026-10-06T11:03:10.0635605Z [36;1mpython3 scripts/ci_build_bundle.py validate build_ci[0m
2026-10-06T11:03:10.0636527Z [36;1mecho "$GITHUB_WORKSPACE/build_ci/test_tools/redis" >> "$GITHUB_PATH"[0m
2026-10-06T11:03:10.0637239Z [36;1mecho "$GITHUB_WORKSPACE/build_ci/test_tools/redis-shake" >> "$GITHUB_PATH"[0m
2026-10-06T11:03:10.0700453Z shell: /usr/bin/bash --noprofile --norc -e -o pipefail {0}
2026-10-06T11:03:10.0700802Z env:
2026-10-06T11:03:10.0701128Z   PYTHONPATH: /home/runner/work/lavik/lavik/build_ci/test_tools/redis_py
2026-10-06T11:03:10.0701520Z   GOTOOLCHAIN: local
2026-10-06T11:03:10.0701741Z ##[endgroup]
2026-10-06T11:03:18.4254767Z Validated /home/runner/work/lavik/lavik/build_ci: 1761 CTest cases
2026-10-06T11:03:18.4377741Z ##[group]Run sudo sysctl -w kernel.io_uring_disabled=0
2026-10-06T11:03:18.4378199Z [36;1msudo sysctl -w kernel.io_uring_disabled=0[0m
2026-10-06T11:03:18.4378591Z [36;1msudo install -d -o "$(id -u)" -g "$(id -g)" /mnt/dev[0m
2026-10-06T11:03:18.4441707Z shell: /usr/bin/bash --noprofile --norc -e -o pipefail {0}
2026-10-06T11:03:18.4442053Z env:
2026-10-06T11:03:18.4442366Z   PYTHONPATH: /home/runner/work/lavik/lavik/build_ci/test_tools/redis_py
2026-10-06T11:03:18.4442767Z   GOTOOLCHAIN: local
2026-10-06T11:03:18.4443039Z ##[endgroup]
2026-10-06T11:03:18.4587425Z kernel.io_uring_disabled = 0
2026-10-06T11:03:18.4734493Z ##[group]Run sudo prlimit --pid "$$" --memlock=unlimited
2026-10-06T11:03:18.4734964Z [36;1msudo prlimit --pid "$$" --memlock=unlimited[0m
2026-10-06T11:03:18.4735737Z [36;1m# Each shard has an isolated VM and remains serial internally, so[0m
2026-10-06T11:03:18.4736340Z [36;1m# fixed ports, large fixtures, and timing-sensitive faults cannot race.[0m
2026-10-06T11:03:18.4736845Z [36;1mscratch_image=$(mktemp "$RUNNER_TEMP/lavik-ci-gate.XXXXXX")[0m
2026-10-06T11:03:18.4737214Z [36;1mscratch_device=[0m
2026-10-06T11:03:18.4737452Z [36;1mcleanup() {[0m
2026-10-06T11:03:18.4737701Z [36;1m  if [[ -n "$scratch_device" ]]; then[0m
2026-10-06T11:03:18.4738054Z [36;1m    sudo losetup --detach "$scratch_device"[0m
2026-10-06T11:03:18.4738356Z [36;1m  fi[0m
2026-10-06T11:03:18.4738571Z [36;1m  rm -f -- "$scratch_image"[0m
2026-10-06T11:03:18.4738831Z [36;1m}[0m
2026-10-06T11:03:18.4739033Z [36;1mtrap cleanup EXIT[0m
2026-10-06T11:03:18.4739325Z [36;1mtruncate -s 16M "$scratch_image"[0m
2026-10-06T11:03:18.4739709Z [36;1mscratch_device=$(sudo losetup --find --show "$scratch_image")[0m
2026-10-06T11:03:18.4740309Z [36;1mexport LAVIK_CLUSTER_HARDWARE_OPT_IN=1[0m
2026-10-06T11:03:18.4740679Z [36;1mexport LAVIK_CLUSTER_SCRATCH_DEVICE="$scratch_device"[0m
2026-10-06T11:03:18.4741175Z [36;1m./scripts/run_ci_tests.sh build_ci --shard-index "$SHARD_INDEX" --shard-count 6[0m
2026-10-06T11:03:18.4798573Z shell: /usr/bin/bash --noprofile --norc -e -o pipefail {0}
2026-10-06T11:03:18.4798925Z env:
2026-10-06T11:03:18.4799238Z   PYTHONPATH: /home/runner/work/lavik/lavik/build_ci/test_tools/redis_py
2026-10-06T11:03:18.4799622Z   GOTOOLCHAIN: local
2026-10-06T11:03:18.4799852Z   SHARD_INDEX: 0
2026-10-06T11:03:18.4800056Z ##[endgroup]
2026-10-06T11:03:18.7194160Z Discovered 1761 CTest cases and 4 external suites; inventory 81f61c56cf7324f72aa15915d56458c6c096af528cce2ce82b59d064d3f65976
2026-10-06T11:03:18.7195029Z Shard 0/6: 277 items, estimated 30.2 minutes
2026-10-06T11:03:18.7195936Z Shard 1/6: 303 items, estimated 30.2 minutes
2026-10-06T11:03:18.7196375Z Shard 2/6: 278 items, estimated 30.2 minutes
2026-10-06T11:03:18.7196792Z Shard 3/6: 278 items, estimated 30.2 minutes
2026-10-06T11:03:18.7197189Z Shard 4/6: 326 items, estimated 30.2 minutes
2026-10-06T11:03:18.7197571Z Shard 5/6: 303 items, estimated 30.2 minutes
2026-10-06T11:03:18.7198273Z Selected shard 0; full manifest: /home/runner/work/lavik/lavik/build_ci/test-results/shard-0-of-6/plan.json
2026-10-06T11:03:18.7279548Z Internal ctest changing into directory: /home/runner/work/lavik/lavik/build_ci
2026-10-06T11:03:18.7282988Z Test project /home/runner/work/lavik/lavik/build_ci
2026-10-06T11:03:18.7857374Z         Start    8: cluster_model.LftTraceTest.ActionCodecPreservesTypedArgumentsAndPayload
2026-10-06T11:03:18.7931892Z   1/277 Test    #8: cluster_model.LftTraceTest.ActionCodecPreservesTypedArgumentsAndPayload ............................................................................................   Passed    0.00 sec
2026-10-06T11:03:18.7933522Z         Start   11: cluster_model.ScenarioRunnerTest.GoodScenarioExploresAndReplaysDistinctSchedules
2026-10-06T11:03:19.3767480Z   2/277 Test   #11: cluster_model.ScenarioRunnerTest.GoodScenarioExploresAndReplaysDistinctSchedules ...................................................................................   Passed    0.58 sec
2026-10-06T11:03:19.3769443Z         Start   16: cluster_model.ClusterInvariantTest.AcceptsDirectiveForTheAssignedReplicationGroup
2026-10-06T11:03:19.3797000Z   3/277 Test   #16: cluster_model.ClusterInvariantTest.AcceptsDirectiveForTheAssignedReplicationGroup ..................................................................................   Passed    0.00 sec
2026-10-06T11:03:19.3798939Z         Start   17: cluster_model.ClusterInvariantTest.RejectsDestructiveResetWithoutSafeSource
2026-10-06T11:03:19.3822521Z   4/277 Test   #17: cluster_model.ClusterInvariantTest.RejectsDestructiveResetWithoutSafeSource ........................................................................................   Passed    0.00 sec
2026-10-06T11:03:19.3823873Z         Start   23: cluster_model.ClusterInvariantTest.RejectsRetryAfterPopulationFailedStopped
2026-10-06T11:03:19.3847115Z   5/277 Test   #23: cluster_model.ClusterInvariantTest.RejectsRetryAfterPopulationFailedStopped ........................................................................................   Passed    0.00 sec
2026-10-06T11:03:19.3849762Z         Start   33: cluster_model.RequiredFaults/CounterexampleTest.GeneratesReplaysAndMinimizesStableFinding/(1-byte object <03>, "replication.reparent-requires-complete-history")
2026-10-06T11:03:19.3879915Z   6/277 Test   #33: cluster_model.RequiredFaults/CounterexampleTest.GeneratesReplaysAndMinimizesStableFinding/(1-byte object <03>, "replication.reparent-requires-complete-history") ...   Passed    0.00 sec
2026-10-06T11:03:19.3881944Z         Start   44: cluster_status.ClusterCreateManifestTest.ParsesStrictBootstrapPolicyOverrides
2026-10-06T11:03:19.3924836Z   7/277 Test   #44: cluster_status.ClusterCreateManifestTest.ParsesStrictBootstrapPolicyOverrides ......................................................................................   Passed    0.00 sec
2026-10-06T11:03:19.3927452Z         Start   50: cluster_status.ClusterCreateManifestTest.SentinelRegistrationRequiresUniqueUsableRoutesAndSingleCoverage
2026-10-06T11:03:19.3967625Z   8/277 Test   #50: cluster_status.ClusterCreateManifestTest.SentinelRegistrationRequiresUniqueUsableRoutesAndSingleCoverage ...........................................................   Passed    0.00 sec
2026-10-06T11:03:19.3969309Z         Start   53: cluster_status.ClusterCreateManifestTest.RejectsInvalidReplicaMembership
2026-10-06T11:03:19.4004830Z   9/277 Test   #53: cluster_status.ClusterCreateManifestTest.RejectsInvalidReplicaMembership ...........................................................................................   Passed    0.00 sec
2026-10-06T11:03:19.4006938Z         Start   62: cluster_status.ClusterCreateOperatorTest.RejectsActiveCreateBeforeMutation
2026-10-06T11:03:19.4038432Z  10/277 Test   #62: cluster_status.ClusterCreateOperatorTest.RejectsActiveCreateBeforeMutation .........................................................................................   Passed    0.00 sec
2026-10-06T11:03:19.4040031Z         Start   67: cluster_status.MetaClusterStatusWireTest.RoundTripsStrictBoundedV1Messages
2026-10-06T11:03:19.4068640Z  11/277 Test   #67: cluster_status.MetaClusterStatusWireTest.RoundTripsStrictBoundedV1Messages .........................................................................................   Passed    0.00 sec
2026-10-06T11:03:19.4070336Z         Start   70: cluster_status.MetaClusterStatusWireTest.AllowsBlockedPrePolicyDiagnosticsForNonPristineGroup
2026-10-06T11:03:19.4098001Z  12/277 Test   #70: cluster_status.MetaClusterStatusWireTest.AllowsBlockedPrePolicyDiagnosticsForNonPristineGroup ......................................................................   Passed    0.00 sec
2026-10-06T11:03:19.4100513Z         Start   75: cluster_status.MetaClusterStatusOperatorTest.LearnedTcpRequiresExplicitSecurityMode
2026-10-06T11:03:19.4127687Z  13/277 Test   #75: cluster_status.MetaClusterStatusOperatorTest.LearnedTcpRequiresExplicitSecurityMode ................................................................................   Passed    0.00 sec
2026-10-06T11:03:19.4129494Z         Start   77: cluster_status.MetaClusterStatusOperatorTest.TypedBusyExpiresAsRetryable
2026-10-06T11:03:19.4275426Z  14/277 Test   #77: cluster_status.MetaClusterStatusOperatorTest.TypedBusyExpiresAsRetryable ...........................................................................................   Passed    0.01 sec
2026-10-06T11:03:19.4278119Z         Start   89: cluster_status.MetaFailoverOperatorTest.SubmitsStableRequestToTheDiscoveredLeaderAndReportsCommit
2026-10-06T11:03:19.4305999Z  15/277 Test   #89: cluster_status.MetaFailoverOperatorTest.SubmitsStableRequestToTheDiscoveredLeaderAndReportsCommit ..................................................................   Passed    0.00 sec
2026-10-06T11:03:19.4307884Z         Start  102: meta.MetaAutomaticFailoverStateMachineTest.ExactFailureTriggersOnceAtTheThreshold
2026-10-06T11:03:19.4394982Z  16/277 Test  #102: meta.MetaAutomaticFailoverStateMachineTest.ExactFailureTriggersOnceAtTheThreshold ..................................................................................   Passed    0.01 sec
2026-10-06T11:03:19.4396986Z         Start  112: meta.MetaAutomaticFailoverStateMachineTest.OwnerServiceabilityBlockersRemainStructured
2026-10-06T11:03:19.4474228Z  17/277 Test  #112: meta.MetaAutomaticFailoverStateMachineTest.OwnerServiceabilityBlockersRemainStructured .............................................................................   Passed    0.01 sec
2026-10-06T11:03:19.4476309Z         Start  116: meta.MetaAutomaticFailoverDiagnosticsRegistryTest.ConcurrentPublishAndSnapshotNeverExposeAPartialBatch
2026-10-06T11:03:19.4634193Z  18/277 Test  #116: meta.MetaAutomaticFailoverDiagnosticsRegistryTest.ConcurrentPublishAndSnapshotNeverExposeAPartialBatch .............................................................   Passed    0.02 sec
2026-10-06T11:03:19.4636701Z         Start  117: meta.MetaAutomaticFailoverReconcilerTest.IndependentGroupsFillBoundedProposalWindowBeforeEarlierAppendReturns
2026-10-06T11:03:20.3365526Z  19/277 Test  #117: meta.MetaAutomaticFailoverReconcilerTest.IndependentGroupsFillBoundedProposalWindowBeforeEarlierAppendReturns ......................................................   Passed    0.87 sec
2026-10-06T11:03:20.3588951Z         Start  121: meta.MetaAutomaticFailoverReconcilerTest.CommitBetweenDetectionAndTriggerPreservesDebounceAndDefersIds
2026-10-06T11:03:21.1162726Z  20/277 Test  #121: meta.MetaAutomaticFailoverReconcilerTest.CommitBetweenDetectionAndTriggerPreservesDebounceAndDefersIds .............................................................   Passed    0.76 sec
2026-10-06T11:03:21.1165890Z         Start  125: meta.MetaAutomaticFailoverReconcilerTest.ProposalRevalidatesEligibilityContinuityImmediatelyBeforeAppend
2026-10-06T11:03:22.1178474Z  21/277 Test  #125: meta.MetaAutomaticFailoverReconcilerTest.ProposalRevalidatesEligibilityContinuityImmediatelyBeforeAppend ...........................................................   Passed    1.00 sec
2026-10-06T11:03:22.1181587Z         Start  137: meta.MetaAutomaticFailoverReconcilerTimeoutTest.ConcurrentTimeoutsRetainEachGroupIdentityAndReconcileLateCommits
2026-10-06T11:03:23.3809945Z  22/277 Test  #137: meta.MetaAutomaticFailoverReconcilerTimeoutTest.ConcurrentTimeoutsRetainEachGroupIdentityAndReconcileLateCommits ...................................................   Passed    1.26 sec
2026-10-06T11:03:23.3811893Z         Start  140: meta.ClusterCreateV1RecoveryTest.CapturePreservesExtraDataAndGroupsForRejection
2026-10-06T11:03:24.3742521Z  23/277 Test  #140: meta.ClusterCreateV1RecoveryTest.CapturePreservesExtraDataAndGroupsForRejection ....................................................................................   Passed    0.99 sec
2026-10-06T11:03:24.3744123Z         Start  146: meta.ClusterCreateV1RecoveryTest.InstallsRecoveryPolicyBeforeDataTopology
2026-10-06T11:03:25.2165931Z  24/277 Test  #146: meta.ClusterCreateV1RecoveryTest.InstallsRecoveryPolicyBeforeDataTopology ..........................................................................................   Passed    0.84 sec
2026-10-06T11:03:25.2167731Z         Start  148: meta.ClusterCreateV1RecoveryTest.PreservesValidPoliciesPreseededBeforeBootstrap
2026-10-06T11:03:26.0496713Z  25/277 Test  #148: meta.ClusterCreateV1RecoveryTest.PreservesValidPoliciesPreseededBeforeBootstrap ....................................................................................   Passed    0.83 sec
2026-10-06T11:03:26.0498401Z         Start  151: meta.ClusterCreateV1RecoveryTest.WaitsForCurrentSourceLeaseBeforeReplicaRebuild
2026-10-06T11:03:27.6542401Z  26/277 Test  #151: meta.ClusterCreateV1RecoveryTest.WaitsForCurrentSourceLeaseBeforeReplicaRebuild ....................................................................................   Passed    1.60 sec
2026-10-06T11:03:27.6544628Z         Start  152: meta.ClusterCreateV1RecoveryTest.SlowReplicaDoesNotBlockIndependentGroup
2026-10-06T11:03:29.7219558Z  27/277 Test  #152: meta.ClusterCreateV1RecoveryTest.SlowReplicaDoesNotBlockIndependentGroup ...........................................................................................   Passed    2.07 sec
2026-10-06T11:03:29.7221967Z         Start  170: meta.MembershipRecoveryTest.TaggedSentinelJoinRecoversEveryCheckpoint
2026-10-06T11:03:29.8105451Z  28/277 Test  #170: meta.MembershipRecoveryTest.TaggedSentinelJoinRecoversEveryCheckpoint ..............................................................................................   Passed    0.09 sec
2026-10-06T11:03:29.8108071Z         Start  173: meta.MembershipRecoveryTest.InitialConfigBindingConflictAndPostGenesisGapFailClosed
2026-10-06T11:03:29.8302006Z  29/277 Test  #173: meta.MembershipRecoveryTest.InitialConfigBindingConflictAndPostGenesisGapFailClosed ................................................................................   Passed    0.02 sec
2026-10-06T11:03:29.8304749Z         Start  174: meta.MembershipRecoveryTest.AddRestoresEveryCommittedPrefix
2026-10-06T11:03:29.9162750Z  30/277 Test  #174: meta.MembershipRecoveryTest.AddRestoresEveryCommittedPrefix ........................................................................................................   Passed    0.09 sec
2026-10-06T11:03:29.9164451Z         Start  185: meta.MetaCoordinatorComponentTest.ObservationSubscriptionOwnsInitialCut
2026-10-06T11:03:29.9317505Z  31/277 Test  #185: meta.MetaCoordinatorComponentTest.ObservationSubscriptionOwnsInitialCut ............................................................................................   Passed    0.02 sec
2026-10-06T11:03:29.9319899Z         Start  191: meta.MetaCoordinatorComponentTest.SubscriptionReplayDuplicatesAndDedupRule
2026-10-06T11:03:29.9567302Z  32/277 Test  #191: meta.MetaCoordinatorComponentTest.SubscriptionReplayDuplicatesAndDedupRule .........................................................................................   Passed    0.02 sec
2026-10-06T11:03:29.9569289Z         Start  200: meta.MetaCoordinatorServerTest.FailSafeWalGate
2026-10-06T11:03:30.1439633Z  33/277 Test  #200: meta.MetaCoordinatorServerTest.FailSafeWalGate .....................................................................................................................   Passed    0.19 sec
2026-10-06T11:03:30.1441081Z         Start  207: meta.MetaCoordinatorServerTest.FailSafeAuditWindowGate
2026-10-06T11:03:37.6129753Z  34/277 Test  #207: meta.MetaCoordinatorServerTest.FailSafeAuditWindowGate .............................................................................................................   Passed    7.47 sec
2026-10-06T11:03:37.6131258Z         Start  212: meta.MetaCoordinatorServerTest.UncertainOutcomeCancelIsReconcilable
2026-10-06T11:03:42.7818509Z  35/277 Test  #212: meta.MetaCoordinatorServerTest.UncertainOutcomeCancelIsReconcilable ................................................................................................   Passed    5.17 sec
2026-10-06T11:03:42.7819925Z         Start  218: meta.MetaCandidatePlanTest.RefusesMixedSourceLineages
2026-10-06T11:03:42.7909202Z  36/277 Test  #218: meta.MetaCandidatePlanTest.RefusesMixedSourceLineages ..............................................................................................................   Passed    0.01 sec
2026-10-06T11:03:42.7911629Z         Start  220: meta.MetaCandidatePlanTest.UncontrolledSelectionPrefersNewestDomainWithoutComparingLsns
2026-10-06T11:03:42.7994810Z  37/277 Test  #220: meta.MetaCandidatePlanTest.UncontrolledSelectionPrefersNewestDomainWithoutComparingLsns ............................................................................   Passed    0.01 sec
2026-10-06T11:03:42.7996988Z         Start  227: meta.MetaControlProjector.MissingAuthorityLeasePolicyFailsClosed
2026-10-06T11:03:42.8092943Z  38/277 Test  #227: meta.MetaControlProjector.MissingAuthorityLeasePolicyFailsClosed ...................................................................................................   Passed    0.01 sec
2026-10-06T11:03:42.8095318Z         Start  237: meta.MetaControlProjector.RoutesSourceActionsToSourceWithoutRebindingTheRebuildTarget
2026-10-06T11:03:42.8243502Z  39/277 Test  #237: meta.MetaControlProjector.RoutesSourceActionsToSourceWithoutRebindingTheRebuildTarget ..............................................................................   Passed    0.01 sec
2026-10-06T11:03:42.8246224Z         Start  238: meta.MetaControlProjector.ClusterCreateRebuildWaitsForCommittedSourceAuthorization
2026-10-06T11:03:42.8477229Z  40/277 Test  #238: meta.MetaControlProjector.ClusterCreateRebuildWaitsForCommittedSourceAuthorization .................................................................................   Passed    0.02 sec
2026-10-06T11:03:42.8480069Z         Start  241: meta.MetaDataPublicationViewTest.SelectsOperationsAndReferencedManifestsBeforeCopying
2026-10-06T11:03:42.8641843Z  41/277 Test  #241: meta.MetaDataPublicationViewTest.SelectsOperationsAndReferencedManifestsBeforeCopying ..............................................................................   Passed    0.02 sec
2026-10-06T11:03:42.8644544Z         Start  250: meta.MetaDataControlRuntimeStatusTest.EligibilityMutationReportsTheCurrentGenerationEffectiveState
2026-10-06T11:03:42.8727422Z  42/277 Test  #250: meta.MetaDataControlRuntimeStatusTest.EligibilityMutationReportsTheCurrentGenerationEffectiveState .................................................................   Passed    0.01 sec
2026-10-06T11:03:42.8729992Z         Start  255: meta.MetaDataPublicationHandshakeTest.RetirementBetweenDiscoveryAndAcceptance
2026-10-06T11:03:42.8829635Z  43/277 Test  #255: meta.MetaDataPublicationHandshakeTest.RetirementBetweenDiscoveryAndAcceptance ......................................................................................   Passed    0.01 sec
2026-10-06T11:03:42.8832313Z         Start  259: meta.MetaPublisherAdoptionGateTest.HoldsFollowingHeartbeatUntilPublisherAdoptsAppliedProjection
2026-10-06T11:03:42.8910891Z  44/277 Test  #259: meta.MetaPublisherAdoptionGateTest.HoldsFollowingHeartbeatUntilPublisherAdoptsAppliedProjection ....................................................................   Passed    0.01 sec
2026-10-06T11:03:42.8913022Z         Start  260: meta.MetaDataControlLeaseTest.PolicyBridgeRequiresUnchangedScopeAndNondecreasingDuration
2026-10-06T11:03:42.8996171Z  45/277 Test  #260: meta.MetaDataControlLeaseTest.PolicyBridgeRequiresUnchangedScopeAndNondecreasingDuration ...........................................................................   Passed    0.01 sec
2026-10-06T11:03:42.8997711Z         Start  268: meta.MetaDataControlLeaseTest.MetaLeaderClockRegressionFailsClosed
2026-10-06T11:03:42.9079544Z  46/277 Test  #268: meta.MetaDataControlLeaseTest.MetaLeaderClockRegressionFailsClosed .................................................................................................   Passed    0.01 sec
2026-10-06T11:03:42.9082001Z         Start  272: meta.MetaDataControlLifecycleTest.CompletedShutdownMakesCancellationAnExecutorIndependentNoOp
2026-10-06T11:03:42.9160097Z  47/277 Test  #272: meta.MetaDataControlLifecycleTest.CompletedShutdownMakesCancellationAnExecutorIndependentNoOp ......................................................................   Passed    0.01 sec
2026-10-06T11:03:42.9162520Z         Start  274: meta.MetaDataControlHandshakeLimitTest.FollowerRetainsPermitUntilRedirectCompletion
2026-10-06T11:03:42.9243659Z  48/277 Test  #274: meta.MetaDataControlHandshakeLimitTest.FollowerRetainsPermitUntilRedirectCompletion ................................................................................   Passed    0.01 sec
2026-10-06T11:03:42.9246734Z         Start  283: meta.MetaDataControlDirectoryTest.DuplicateEndpointIsRejectedBeforeCommitAndPriorStateStillProjects
2026-10-06T11:03:42.9343055Z  49/277 Test  #283: meta.MetaDataControlDirectoryTest.DuplicateEndpointIsRejectedBeforeCommitAndPriorStateStillProjects ................................................................   Passed    0.01 sec
2026-10-06T11:03:42.9345863Z         Start  292: meta.MetaHeartbeatObservationTest.LeaseOnlyHeartbeatRetainsOperatorRecoveryWithoutRefreshingExpiry
2026-10-06T11:03:42.9427278Z  50/277 Test  #292: meta.MetaHeartbeatObservationTest.LeaseOnlyHeartbeatRetainsOperatorRecoveryWithoutRefreshingExpiry .................................................................   Passed    0.01 sec
2026-10-06T11:03:42.9429995Z         Start  296: meta.MetaFailoverTransitionApply.BeginUncontrolledWithoutCandidateAtomicallyFencesAndPersists
2026-10-06T11:03:42.9584308Z  51/277 Test  #296: meta.MetaFailoverTransitionApply.BeginUncontrolledWithoutCandidateAtomicallyFencesAndPersists ......................................................................   Passed    0.02 sec
2026-10-06T11:03:42.9587162Z         Start  297: meta.MetaFailoverTransitionApply.AutomaticBeginAtomicallyPreemptsPristineControlledRequest
2026-10-06T11:03:42.9703804Z  52/277 Test  #297: meta.MetaFailoverTransitionApply.AutomaticBeginAtomicallyPreemptsPristineControlledRequest .........................................................................   Passed    0.01 sec
2026-10-06T11:03:42.9705831Z         Start  307: meta.MetaFailoverTransitionApply.BeginUncontrolledRejectsOperationCleanupPartialStateWithoutRepair
2026-10-06T11:03:42.9825782Z  53/277 Test  #307: meta.MetaFailoverTransitionApply.BeginUncontrolledRejectsOperationCleanupPartialStateWithoutRepair .................................................................   Passed    0.01 sec
2026-10-06T11:03:42.9827779Z         Start  316: meta.MetaFailoverTransitionW2.ControlledBeginPersistsTransitionWithoutChangingAuthority
2026-10-06T11:03:42.9958637Z  54/277 Test  #316: meta.MetaFailoverTransitionW2.ControlledBeginPersistsTransitionWithoutChangingAuthority ............................................................................   Passed    0.01 sec
2026-10-06T11:03:42.9961787Z         Start  321: meta.MetaFailoverTransitionW2.PostBeginTypedAbortAtomicallyClearsTransitionAndRejectsPartialRepair
2026-10-06T11:03:43.0096012Z  55/277 Test  #321: meta.MetaFailoverTransitionW2.PostBeginTypedAbortAtomicallyClearsTransitionAndRejectsPartialRepair .................................................................   Passed    0.01 sec
2026-10-06T11:03:43.0097719Z         Start  329: meta.MetaFailoverAggregateRevision.RestoreRejectsCreatedClusterMissingEitherRequiredCurrentPolicy
2026-10-06T11:03:43.0281369Z  56/277 Test  #329: meta.MetaFailoverAggregateRevision.RestoreRejectsCreatedClusterMissingEitherRequiredCurrentPolicy ..................................................................   Passed    0.02 sec
2026-10-06T11:03:43.0284117Z         Start  332: meta.MetaFailoverObservationStore.SourceDisconnectRetainsExactObservationOnlyThroughIndependentGrace
2026-10-06T11:03:43.0368337Z  57/277 Test  #332: meta.MetaFailoverObservationStore.SourceDisconnectRetainsExactObservationOnlyThroughIndependentGrace ...............................................................   Passed    0.01 sec
2026-10-06T11:03:43.0370899Z         Start  345: meta.MetaFailoverReconcilerPlannerTest.ControlledCandidateDisconnectAbortsWhileSourceIsHealthy
2026-10-06T11:03:43.0593304Z  58/277 Test  #345: meta.MetaFailoverReconcilerPlannerTest.ControlledCandidateDisconnectAbortsWhileSourceIsHealthy .....................................................................   Passed    0.02 sec
2026-10-06T11:03:43.0594915Z         Start  352: meta.MetaFailoverReconcilerPlannerTest.MatchingPreparedFromNewSessionDoesNotReviveDisconnectedAction
2026-10-06T11:03:43.0865982Z  59/277 Test  #352: meta.MetaFailoverReconcilerPlannerTest.MatchingPreparedFromNewSessionDoesNotReviveDisconnectedAction ...............................................................   Passed    0.03 sec
2026-10-06T11:03:43.0868277Z         Start  356: meta.MetaFailoverReconcilerPlannerTest.ControlledSourceDisconnectWaitsGraceThenDegradesAndClearsCandidate
2026-10-06T11:03:43.1139517Z  60/277 Test  #356: meta.MetaFailoverReconcilerPlannerTest.ControlledSourceDisconnectWaitsGraceThenDegradesAndClearsCandidate ..........................................................   Passed    0.03 sec
2026-10-06T11:03:43.1142220Z         Start  362: meta.MetaFailoverReconcilerPlannerTest.SubmittedControlledFailuresUseTypedPreBeginAbort
2026-10-06T11:03:43.1484041Z  61/277 Test  #362: meta.MetaFailoverReconcilerPlannerTest.SubmittedControlledFailuresUseTypedPreBeginAbort ............................................................................   Passed    0.03 sec
2026-10-06T11:03:43.1486152Z         Start  368: meta.MetaFailoverReconcilerPlannerTest.UncontrolledWaitsWithoutCandidateThenReplacesFailureAndCommits
2026-10-06T11:03:43.1841304Z  62/277 Test  #368: meta.MetaFailoverReconcilerPlannerTest.UncontrolledWaitsWithoutCandidateThenReplacesFailureAndCommits ..............................................................   Passed    0.04 sec
2026-10-06T11:03:43.1844675Z         Start  371: meta.MetaFailoverReconcilerLifecycleTest.LostProposalReplyIsRecoveredFromCommittedTransitionAndCancellationJoins
2026-10-06T11:03:44.7183653Z  63/277 Test  #371: meta.MetaFailoverReconcilerLifecycleTest.LostProposalReplyIsRecoveredFromCommittedTransitionAndCancellationJoins ...................................................   Passed    1.53 sec
2026-10-06T11:03:44.7186537Z         Start  373: meta.MetaFailoverViewsTest.DiscoveryOwnsSelectedOperationsInSequenceOrder
2026-10-06T11:03:44.7355593Z  64/277 Test  #373: meta.MetaFailoverViewsTest.DiscoveryOwnsSelectedOperationsInSequenceOrder ..........................................................................................   Passed    0.02 sec
2026-10-06T11:03:44.7357806Z         Start  382: meta.MetaFailoverValidationTest.RejectsControlledBeginWhenCandidateDisconnectsAfterPlanning
2026-10-06T11:03:44.7584282Z  65/277 Test  #382: meta.MetaFailoverValidationTest.RejectsControlledBeginWhenCandidateDisconnectsAfterPlanning ........................................................................   Passed    0.02 sec
2026-10-06T11:03:44.7587270Z         Start  383: meta.MetaFailoverValidationTest.AcceptsControlledBeginAfterSameSessionCandidateProgressAdvances
2026-10-06T11:03:44.7781272Z  66/277 Test  #383: meta.MetaFailoverValidationTest.AcceptsControlledBeginAfterSameSessionCandidateProgressAdvances ....................................................................   Passed    0.02 sec
2026-10-06T11:03:44.7784280Z         Start  391: meta.MetaFailoverValidationTest.RejectsRetainingCandidateOnDegradeWhenObservationIsWithdrawnAfterPlanning
2026-10-06T11:03:44.8115446Z  67/277 Test  #391: meta.MetaFailoverValidationTest.RejectsRetainingCandidateOnDegradeWhenObservationIsWithdrawnAfterPlanning ..........................................................   Passed    0.03 sec
2026-10-06T11:03:44.8117089Z         Start  397: meta.MetaAuditStore.IndependentStoresSerializeTheSameOrderedRecords
2026-10-06T11:03:44.8202524Z  68/277 Test  #397: meta.MetaAuditStore.IndependentStoresSerializeTheSameOrderedRecords ................................................................................................   Passed    0.01 sec
2026-10-06T11:03:44.8209977Z         Start  401: meta.MetaAuditStore.RejectsOverCapFields
2026-10-06T11:03:44.8286549Z  69/277 Test  #401: meta.MetaAuditStore.RejectsOverCapFields ...........................................................................................................................   Passed    0.01 sec
2026-10-06T11:03:44.8287833Z         Start  412: meta.MetaAuditStore.ConcurrentCopiesOfConstStoreRemainIndependent
2026-10-06T11:03:44.8451400Z  70/277 Test  #412: meta.MetaAuditStore.ConcurrentCopiesOfConstStoreRemainIndependent ..................................................................................................   Passed    0.02 sec
2026-10-06T11:03:44.8453461Z         Start  416: meta.MetaOperationStore.PruneArchiveFreesCapacityAfterExternalExport
2026-10-06T11:03:44.8537186Z  71/277 Test  #416: meta.MetaOperationStore.PruneArchiveFreesCapacityAfterExternalExport ...............................................................................................   Passed    0.01 sec
2026-10-06T11:03:44.8538785Z         Start  419: meta.MetaOperationStore.DirectiveRevisionTracksOnlySemanticChanges
2026-10-06T11:03:44.8624983Z  72/277 Test  #419: meta.MetaOperationStore.DirectiveRevisionTracksOnlySemanticChanges .................................................................................................   Passed    0.01 sec
2026-10-06T11:03:44.8626670Z         Start  420: meta.MetaOperationStore.TerminalReceiptSurvivesLostAckReplayArchiveAndSnapshot
2026-10-06T11:03:44.8715587Z  73/277 Test  #420: meta.MetaOperationStore.TerminalReceiptSurvivesLostAckReplayArchiveAndSnapshot .....................................................................................   Passed    0.01 sec
2026-10-06T11:03:44.8717181Z         Start  426: meta.MetaOperationStore.AbortIsTerminalAndReplayIdempotent
2026-10-06T11:03:44.8797936Z  74/277 Test  #426: meta.MetaOperationStore.AbortIsTerminalAndReplayIdempotent .........................................................................................................   Passed    0.01 sec
2026-10-06T11:03:44.8799806Z         Start  437: meta.MetaTopologyAuthority.CommandsOnUnknownGroupReject
2026-10-06T11:03:44.8890898Z  75/277 Test  #437: meta.MetaTopologyAuthority.CommandsOnUnknownGroupReject ............................................................................................................   Passed    0.01 sec
2026-10-06T11:03:44.8892715Z         Start  454: meta.MetaModelEncoding.StringLengthPrefixOverCapFailsWithoutBody
2026-10-06T11:03:44.8979974Z  76/277 Test  #454: meta.MetaModelEncoding.StringLengthPrefixOverCapFailsWithoutBody ...................................................................................................   Passed    0.01 sec
2026-10-06T11:03:44.8981519Z         Start  455: meta.MetaModelEncoding.ListCountOverCapFails
2026-10-06T11:03:44.9064802Z  77/277 Test  #455: meta.MetaModelEncoding.ListCountOverCapFails .......................................................................................................................   Passed    0.01 sec
2026-10-06T11:03:44.9066763Z         Start  462: meta.MetaModelCommands.RegisterNodeRoundTrip
2026-10-06T11:03:44.9150331Z  78/277 Test  #462: meta.MetaModelCommands.RegisterNodeRoundTrip .......................................................................................................................   Passed    0.01 sec
2026-10-06T11:03:44.9152377Z         Start  463: meta.MetaModelCommands.EnvelopeStartsWithFormatVersionThenTag
2026-10-06T11:03:44.9233393Z  79/277 Test  #463: meta.MetaModelCommands.EnvelopeStartsWithFormatVersionThenTag ......................................................................................................   Passed    0.01 sec
2026-10-06T11:03:44.9235735Z         Start  467: meta.MetaModelCommands.ActorContextRoundTripsOnTheWire
2026-10-06T11:03:44.9316012Z  80/277 Test  #467: meta.MetaModelCommands.ActorContextRoundTripsOnTheWire .............................................................................................................   Passed    0.01 sec
2026-10-06T11:03:44.9317819Z         Start  470: meta.MetaModelCommands.UpdateNodeRoundTrip
2026-10-06T11:03:44.9398577Z  81/277 Test  #470: meta.MetaModelCommands.UpdateNodeRoundTrip .........................................................................................................................   Passed    0.01 sec
2026-10-06T11:03:44.9400000Z         Start  484: meta.MetaModelCommands.SubmitOperationRoundTrip
2026-10-06T11:03:44.9482066Z  82/277 Test  #484: meta.MetaModelCommands.SubmitOperationRoundTrip ....................................................................................................................   Passed    0.01 sec
2026-10-06T11:03:44.9483516Z         Start  486: meta.MetaModelCommands.CompleteOperationRoundTrip
2026-10-06T11:03:44.9565551Z  83/277 Test  #486: meta.MetaModelCommands.CompleteOperationRoundTrip ..................................................................................................................   Passed    0.01 sec
2026-10-06T11:03:44.9566831Z         Start  499: meta.MetaModelCommands.DecodeRejectsTrailingBytes
2026-10-06T11:03:44.9649875Z  84/277 Test  #499: meta.MetaModelCommands.DecodeRejectsTrailingBytes ..................................................................................................................   Passed    0.01 sec
2026-10-06T11:03:44.9651159Z         Start  502: meta.MetaStateApply.ReplaySameIndexProducesSameVerdictStateAndAudit
2026-10-06T11:03:44.9749768Z  85/277 Test  #502: meta.MetaStateApply.ReplaySameIndexProducesSameVerdictStateAndAudit ................................................................................................   Passed    0.01 sec
2026-10-06T11:03:44.9751788Z         Start  506: meta.MetaStateApply.CreateGroupEpochMustBeExactlyNext
2026-10-06T11:03:44.9849462Z  86/277 Test  #506: meta.MetaStateApply.CreateGroupEpochMustBeExactlyNext ..............................................................................................................   Passed    0.01 sec
2026-10-06T11:03:44.9851892Z         Start  524: meta.MetaStateApply.ActivateAuthorityReplaySameIndexIsIdempotent
2026-10-06T11:03:44.9952665Z  87/277 Test  #524: meta.MetaStateApply.ActivateAuthorityReplaySameIndexIsIdempotent ...................................................................................................   Passed    0.01 sec
2026-10-06T11:03:44.9954308Z         Start  525: meta.MetaStateApply.FenceRequiresNewTermBeforeSameOwnerReauthorization
2026-10-06T11:03:45.0110032Z  88/277 Test  #525: meta.MetaStateApply.FenceRequiresNewTermBeforeSameOwnerReauthorization .............................................................................................   Passed    0.02 sec
2026-10-06T11:03:45.0111585Z         Start  528: meta.MetaStateApply.PreseededCurrentPoliciesRemainPristineAndSurviveGenesisAdmission
2026-10-06T11:03:45.0229017Z  89/277 Test  #528: meta.MetaStateApply.PreseededCurrentPoliciesRemainPristineAndSurviveGenesisAdmission ...............................................................................   Passed    0.01 sec
2026-10-06T11:03:45.0230606Z         Start  534: meta.MetaStateApply.ClusterRootTerminalReplayRejectsEitherMissingHalf
2026-10-06T11:03:45.0370477Z  90/277 Test  #534: meta.MetaStateApply.ClusterRootTerminalReplayRejectsEitherMissingHalf ..............................................................................................   Passed    0.01 sec
2026-10-06T11:03:45.0372885Z         Start  537: meta.MetaStateApply.MetaStoresDeserializeRejectsInactiveMembershipAndAnchorDrift
2026-10-06T11:03:45.0549220Z  91/277 Test  #537: meta.MetaStateApply.MetaStoresDeserializeRejectsInactiveMembershipAndAnchorDrift ...................................................................................   Passed    0.02 sec
2026-10-06T11:03:45.0551514Z         Start  540: meta.MetaStateApply.SubmitOperationSeqIsLogIndexAndActorPersisted
2026-10-06T11:03:45.0645798Z  92/277 Test  #540: meta.MetaStateApply.SubmitOperationSeqIsLogIndexAndActorPersisted ..................................................................................................   Passed    0.01 sec
2026-10-06T11:03:45.0647768Z         Start  545: meta.MetaStateApply.AuthorityAnchorMutationsInvalidateLiveDirectives
2026-10-06T11:03:45.0761101Z  93/277 Test  #545: meta.MetaStateApply.AuthorityAnchorMutationsInvalidateLiveDirectives ...............................................................................................   Passed    0.01 sec
2026-10-06T11:03:45.0763529Z         Start  561: meta.MetaObservationStore.HandoffPendingSurvivesReplacementUntilLaterDecisionIsWritten
2026-10-06T11:03:45.0849178Z  94/277 Test  #561: meta.MetaObservationStore.HandoffPendingSurvivesReplacementUntilLaterDecisionIsWritten .............................................................................   Passed    0.01 sec
2026-10-06T11:03:45.0851052Z         Start  565: meta.MetaObservationStore.OwnerCutDoesNotJoinRejectedDiagnosticHealthToNewCausalAck
2026-10-06T11:03:45.0937828Z  95/277 Test  #565: meta.MetaObservationStore.OwnerCutDoesNotJoinRejectedDiagnosticHealthToNewCausalAck ................................................................................   Passed    0.01 sec
2026-10-06T11:03:45.0940086Z         Start  572: meta.MetaObservationStore.LeadershipChangeDropsSessionsAndAllSoftState
2026-10-06T11:03:45.1023699Z  96/277 Test  #572: meta.MetaObservationStore.LeadershipChangeDropsSessionsAndAllSoftState .............................................................................................   Passed    0.01 sec
2026-10-06T11:03:45.1026070Z         Start  573: meta.MetaObservationStore.CandidateRequiresCurrentTerm
2026-10-06T11:03:45.1111567Z  97/277 Test  #573: meta.MetaObservationStore.CandidateRequiresCurrentTerm .............................................................................................................   Passed    0.01 sec
2026-10-06T11:03:45.1113681Z         Start  585: meta.MetaObservationStore.DefaultResourceLimitsTrackWireAndDomainCaps
2026-10-06T11:03:45.1195634Z  98/277 Test  #585: meta.MetaObservationStore.DefaultResourceLimitsTrackWireAndDomainCaps ..............................................................................................   Passed    0.01 sec
2026-10-06T11:03:45.1197844Z         Start  586: meta.MetaObservationStore.RevalidateAllPurgesCommitStaleObservations
2026-10-06T11:03:45.1281986Z  99/277 Test  #586: meta.MetaObservationStore.RevalidateAllPurgesCommitStaleObservations ...............................................................................................   Passed    0.01 sec
2026-10-06T11:03:45.1283683Z         Start  598: meta.MetaObservationFactsTest.ConcurrentCommitAdvanceAndInstallKeepOneCut
2026-10-06T11:03:45.2396031Z 100/277 Test  #598: meta.MetaObservationFactsTest.ConcurrentCommitAdvanceAndInstallKeepOneCut ..........................................................................................   Passed    0.11 sec
2026-10-06T11:03:45.2398084Z         Start  603: meta.MetaObservationFactsFixture.CopiedAndMovedFactsPreserveFencedOwnerEvidenceAfterStateReplacement
2026-10-06T11:03:45.2634273Z 101/277 Test  #603: meta.MetaObservationFactsFixture.CopiedAndMovedFactsPreserveFencedOwnerEvidenceAfterStateReplacement ...............................................................   Passed    0.02 sec
2026-10-06T11:03:45.2637209Z         Start  615: meta.MetaOwnerServiceabilityTest.UnknownCausalFreshnessCannotManufactureOwnerFailure
2026-10-06T11:03:45.2720059Z 102/277 Test  #615: meta.MetaOwnerServiceabilityTest.UnknownCausalFreshnessCannotManufactureOwnerFailure ...............................................................................   Passed    0.01 sec
2026-10-06T11:03:45.2722440Z         Start  617: meta.MetaOwnerServiceabilityTest.ExpiredCausalProgressIsAHeartbeatFailure
2026-10-06T11:03:45.2810069Z 103/277 Test  #617: meta.MetaOwnerServiceabilityTest.ExpiredCausalProgressIsAHeartbeatFailure ..........................................................................................   Passed    0.01 sec
2026-10-06T11:03:45.2811643Z         Start  634: meta.MetaSentinelDiscoveryTest.ObservationGraceMasksOnlyNeverObserved
2026-10-06T11:03:45.2897427Z 104/277 Test  #634: meta.MetaSentinelDiscoveryTest.ObservationGraceMasksOnlyNeverObserved ..............................................................................................   Passed    0.01 sec
2026-10-06T11:03:45.2899494Z         Start  640: meta.MetaSentinelDiscoveryTest.ReplicaFlagsSpelling
2026-10-06T11:03:45.2992731Z 105/277 Test  #640: meta.MetaSentinelDiscoveryTest.ReplicaFlagsSpelling ................................................................................................................   Passed    0.01 sec
2026-10-06T11:03:45.2995481Z         Start  641: meta.MetaSentinelDiscoveryTest.GenericClientParseInvariants
2026-10-06T11:03:45.3088641Z 106/277 Test  #641: meta.MetaSentinelDiscoveryTest.GenericClientParseInvariants ........................................................................................................   Passed    0.01 sec
2026-10-06T11:03:45.3090330Z         Start  642: meta.PasswordAuthenticatorTest.IndependentPasswordsAndBinaryInput
2026-10-06T11:03:45.3196151Z 107/277 Test  #642: meta.PasswordAuthenticatorTest.IndependentPasswordsAndBinaryInput ..................................................................................................   Passed    0.01 sec
2026-10-06T11:03:45.3197958Z         Start  643: meta.MetaSentinelServerTest.OutputLimitClosesConnectionAndShutdownIsIdempotent
2026-10-06T11:03:45.3556083Z 108/277 Test  #643: meta.MetaSentinelServerTest.OutputLimitClosesConnectionAndShutdownIsIdempotent .....................................................................................   Passed    0.04 sec
2026-10-06T11:03:45.3557322Z         Start  653: meta.MetaIdentitySecurity.MemberDescriptorRoundTrips
2026-10-06T11:03:45.3645626Z 109/277 Test  #653: meta.MetaIdentitySecurity.MemberDescriptorRoundTrips ...............................................................................................................   Passed    0.01 sec
2026-10-06T11:03:45.3648084Z         Start  658: meta.MetaIdentitySecurity.UnixAdminRequiresPathAndExplicitUid
2026-10-06T11:03:45.3732204Z 110/277 Test  #658: meta.MetaIdentitySecurity.UnixAdminRequiresPathAndExplicitUid ......................................................................................................   Passed    0.01 sec
2026-10-06T11:03:45.3733731Z         Start  659: meta.MetaIdentitySecurity.RegistrationRejectsPrincipalForAnotherNode
2026-10-06T11:03:45.3821869Z 111/277 Test  #659: meta.MetaIdentitySecurity.RegistrationRejectsPrincipalForAnotherNode ...............................................................................................   Passed    0.01 sec
2026-10-06T11:03:45.3823294Z         Start  674: meta.MetaStateMachineTest.CommitAppliesRealCommands
2026-10-06T11:03:45.3939805Z 112/277 Test  #674: meta.MetaStateMachineTest.CommitAppliesRealCommands ................................................................................................................   Passed    0.01 sec
2026-10-06T11:03:45.3941178Z         Start  677: meta.MetaStateMachineTest.UndecodableCommitFailsStop
2026-10-06T11:03:45.7815071Z 113/277 Test  #677: meta.MetaStateMachineTest.UndecodableCommitFailsStop ...............................................................................................................   Passed    0.39 sec
2026-10-06T11:03:45.7820276Z         Start  685: meta.MetaStateMachineTest.RetainedStoresSurviveApplyAndSnapshotInstall
2026-10-06T11:03:45.8098043Z 114/277 Test  #685: meta.MetaStateMachineTest.RetainedStoresSurviveApplyAndSnapshotInstall .............................................................................................   Passed    0.03 sec
2026-10-06T11:03:45.8104857Z         Start  691: meta.MetaServerIntegrationTest.ShutdownJoinsAllCallbacks
2026-10-06T11:03:45.9996030Z 115/277 Test  #691: meta.MetaServerIntegrationTest.ShutdownJoinsAllCallbacks ...........................................................................................................   Passed    0.19 sec
2026-10-06T11:03:45.9997470Z         Start  692: meta.MetaIdentityStore.RegisterNodeCreatesQueryableRecord
2026-10-06T11:03:46.0086505Z 116/277 Test  #692: meta.MetaIdentityStore.RegisterNodeCreatesQueryableRecord ..........................................................................................................   Passed    0.01 sec
2026-10-06T11:03:46.0088084Z         Start  699: meta.MetaIdentityStore.UpdateNodeCasConflictRejected
2026-10-06T11:03:46.0173399Z 117/277 Test  #699: meta.MetaIdentityStore.UpdateNodeCasConflictRejected ...............................................................................................................   Passed    0.01 sec
2026-10-06T11:03:46.0175983Z         Start  704: meta.MetaIdentityStore.RetireNodeReplayIsIdempotentAccept
2026-10-06T11:03:46.0260578Z 118/277 Test  #704: meta.MetaIdentityStore.RetireNodeReplayIsIdempotentAccept ..........................................................................................................   Passed    0.01 sec
2026-10-06T11:03:46.0262850Z         Start  712: meta.MetaTopologyStore.ClusterLifecycleBeginsAndCompletesIndependently
2026-10-06T11:03:46.0357496Z 119/277 Test  #712: meta.MetaTopologyStore.ClusterLifecycleBeginsAndCompletesIndependently .............................................................................................   Passed    0.01 sec
2026-10-06T11:03:46.0359679Z         Start  717: meta.MetaTopologyStore.CreateGroupReplayIsIdempotentAccept
2026-10-06T11:03:46.0455505Z 120/277 Test  #717: meta.MetaTopologyStore.CreateGroupReplayIsIdempotentAccept .........................................................................................................   Passed    0.01 sec
2026-10-06T11:03:46.0457172Z         Start  727: meta.MetaTopologyStore.AssignNodeToGroupCasConflictRejected
2026-10-06T11:03:46.0549409Z 121/277 Test  #727: meta.MetaTopologyStore.AssignNodeToGroupCasConflictRejected ........................................................................................................   Passed    0.01 sec
2026-10-06T11:03:46.0550742Z         Start  731: meta.MetaTopologyStore.RemoveNodeFromGroupRemovesMember
2026-10-06T11:03:46.0647471Z 122/277 Test  #731: meta.MetaTopologyStore.RemoveNodeFromGroupRemovesMember ............................................................................................................   Passed    0.01 sec
2026-10-06T11:03:46.0648768Z         Start  735: meta.MetaTopologyStore.SetSlotMapAssignsSlotsAndTopologyEpoch
2026-10-06T11:03:46.0750839Z 123/277 Test  #735: meta.MetaTopologyStore.SetSlotMapAssignsSlotsAndTopologyEpoch ......................................................................................................   Passed    0.01 sec
2026-10-06T11:03:46.0753106Z         Start  742: meta.MetaTopologyStore.SetSlotMapReplayIdempotentAndConflictRejected
2026-10-06T11:03:46.0869292Z 124/277 Test  #742: meta.MetaTopologyStore.SetSlotMapReplayIdempotentAndConflictRejected ...............................................................................................   Passed    0.01 sec
2026-10-06T11:03:46.0870710Z         Start  748: meta.MetaTopologyStore.EmptyTopologyRoundTrip
2026-10-06T11:03:46.0987634Z 125/277 Test  #748: meta.MetaTopologyStore.EmptyTopologyRoundTrip ......................................................................................................................   Passed    0.01 sec
2026-10-06T11:03:46.0989887Z         Start  755: meta.MetaPolicyStore.RecoveryBudgetAcceptsZeroAndSurvivesAlongsideOtherPolicies
2026-10-06T11:03:46.1078924Z 126/277 Test  #755: meta.MetaPolicyStore.RecoveryBudgetAcceptsZeroAndSurvivesAlongsideOtherPolicies ....................................................................................   Passed    0.01 sec
2026-10-06T11:03:46.1081130Z         Start  768: meta.MetaPolicyStore.DeserializeRejectsInvariantViolations
2026-10-06T11:03:46.1169878Z 127/277 Test  #768: meta.MetaPolicyStore.DeserializeRejectsInvariantViolations .........................................................................................................   Passed    0.01 sec
2026-10-06T11:03:46.1172277Z         Start  769: meta.MetaPopulationManifestStore.StoresCanonicalImmutableDocumentsAndRoundTrips
2026-10-06T11:03:46.1273475Z 128/277 Test  #769: meta.MetaPopulationManifestStore.StoresCanonicalImmutableDocumentsAndRoundTrips ....................................................................................   Passed    0.01 sec
2026-10-06T11:03:46.1276240Z         Start  774: meta.AllActivePhases/ClusterCreateSiblingFailureTest.RetiresAllStartedWorkBeforeRootAbort/3
2026-10-06T11:03:47.7463143Z 129/277 Test  #774: meta.AllActivePhases/ClusterCreateSiblingFailureTest.RetiresAllStartedWorkBeforeRootAbort/3 ........................................................................   Passed    1.62 sec
2026-10-06T11:03:47.7466221Z         Start  778: meta.FullObservationAndCursor/MetaSubscriptionCaptureTest.CommitBetweenCaptureAndRegistration/Cursor  # GetParam() = 3
2026-10-06T11:03:47.7620634Z 130/277 Test  #778: meta.FullObservationAndCursor/MetaSubscriptionCaptureTest.CommitBetweenCaptureAndRegistration/Cursor  # GetParam() = 3 .............................................   Passed    0.02 sec
2026-10-06T11:03:47.7622445Z         Start  784: meta.FullObservationAndCursor/MetaSubscriptionCaptureTest.InstallBetweenCaptureAndRegistration/Observation  # GetParam() = 1
2026-10-06T11:03:47.7831017Z 131/277 Test  #784: meta.FullObservationAndCursor/MetaSubscriptionCaptureTest.InstallBetweenCaptureAndRegistration/Observation  # GetParam() = 1 .......................................   Passed    0.02 sec
2026-10-06T11:03:47.7833573Z         Start  793: cluster_integration.ProcessSupportTest.SpawnsWithEnvironmentAndControlsLifecycle
2026-10-06T11:03:47.8866059Z 132/277 Test  #793: cluster_integration.ProcessSupportTest.SpawnsWithEnvironmentAndControlsLifecycle ...................................................................................   Passed    0.10 sec
2026-10-06T11:03:47.8868738Z         Start  800: LocalSharedPtrDeathTest.RejectsForeignAccess
2026-10-06T11:03:48.0051170Z 133/277 Test  #800: LocalSharedPtrDeathTest.RejectsForeignAccess .......................................................................................................................   Passed    0.12 sec
2026-10-06T11:03:48.0067274Z         Start  851: GroupInFlightTest.MoveTransfersOwnership
2026-10-06T11:03:48.0165904Z 134/277 Test  #851: GroupInFlightTest.MoveTransfersOwnership ...........................................................................................................................   Passed    0.01 sec
2026-10-06T11:03:48.0167566Z         Start  878: NodeDescriptorTest.PreservesInlineAndOverflowHosts
2026-10-06T11:03:48.0243177Z 135/277 Test  #878: NodeDescriptorTest.PreservesInlineAndOverflowHosts .................................................................................................................   Passed    0.01 sec
2026-10-06T11:03:48.0245569Z         Start  886: ServingStateBuilderTest.RejectsInconsistentGroupNodeRoles
2026-10-06T11:03:48.0317455Z 136/277 Test  #886: ServingStateBuilderTest.RejectsInconsistentGroupNodeRoles ..........................................................................................................   Passed    0.01 sec
2026-10-06T11:03:48.0319638Z         Start  888: ServingStateBuilderTest.RejectsSlotRangeBeyondSlotCount
2026-10-06T11:03:48.0416438Z 137/277 Test  #888: ServingStateBuilderTest.RejectsSlotRangeBeyondSlotCount ............................................................................................................   Passed    0.01 sec
2026-10-06T11:03:48.0418940Z         Start  900: ServingStateTest.AuthorityToken
2026-10-06T11:03:48.0629120Z 138/277 Test  #900: ServingStateTest.AuthorityToken ....................................................................................................................................   Passed    0.02 sec
2026-10-06T11:03:48.0631944Z         Start  905: TopologyCacheTest.ContentIdenticalRepublishKeepsVersionAndSnapshot
2026-10-06T11:03:48.0743307Z 139/277 Test  #905: TopologyCacheTest.ContentIdenticalRepublishKeepsVersionAndSnapshot .................................................................................................   Passed    0.01 sec
2026-10-06T11:03:48.0746132Z         Start  910: TopologyCacheTest.CachedOwnersIsolateRequestCopiesAndOutliveWorkers
2026-10-06T11:03:48.0860618Z 140/277 Test  #910: TopologyCacheTest.CachedOwnersIsolateRequestCopiesAndOutliveWorkers ................................................................................................   Passed    0.01 sec
2026-10-06T11:03:48.0863045Z         Start  918: RedisConfigTest.ParsesClientBufferPercentAndAbsoluteLimits
2026-10-06T11:03:48.0934411Z 141/277 Test  #918: RedisConfigTest.ParsesClientBufferPercentAndAbsoluteLimits .........................................................................................................   Passed    0.01 sec
2026-10-06T11:03:48.0937366Z         Start  930: RedisConfigTest.ClusterModeRejectsStandalonePopulationSources
2026-10-06T11:03:48.1039246Z 142/277 Test  #930: RedisConfigTest.ClusterModeRejectsStandalonePopulationSources ......................................................................................................   Passed    0.01 sec
2026-10-06T11:03:48.1041405Z         Start  932: RedisConfigTest.RejectsLoadRdbWithReplicaOf
2026-10-06T11:03:48.1141496Z 143/277 Test  #932: RedisConfigTest.RejectsLoadRdbWithReplicaOf ........................................................................................................................   Passed    0.01 sec
2026-10-06T11:03:48.1144184Z         Start  934: RedisConfigTest.RejectsConflictingRedisPsyncSources
2026-10-06T11:03:48.1215783Z 144/277 Test  #934: RedisConfigTest.RejectsConflictingRedisPsyncSources ................................................................................................................   Passed    0.01 sec
2026-10-06T11:03:48.1218154Z         Start  941: RedisConfigTest.AppliesClusterDirectives
2026-10-06T11:03:48.1289212Z 145/277 Test  #941: RedisConfigTest.AppliesClusterDirectives ...........................................................................................................................   Passed    0.01 sec
2026-10-06T11:03:48.1291233Z         Start  947: RedisConfigTest.RequiresNodeIdAndMetaSeedWhenManaged
2026-10-06T11:03:48.1362832Z 146/277 Test  #947: RedisConfigTest.RequiresNodeIdAndMetaSeedWhenManaged ...............................................................................................................   Passed    0.01 sec
2026-10-06T11:03:48.1366307Z         Start  952: ControlProtocolFrameTest.EncodesNetworkOrderAndChecksCrcAndSequence
2026-10-06T11:03:48.1466688Z 147/277 Test  #952: ControlProtocolFrameTest.EncodesNetworkOrderAndChecksCrcAndSequence ................................................................................................   Passed    0.01 sec
2026-10-06T11:03:48.1469085Z         Start  957: ControlProtocolCodecTest.RejectsMalformedTypedCandidateAndRoleTag
2026-10-06T11:03:48.1572397Z 148/277 Test  #957: ControlProtocolCodecTest.RejectsMalformedTypedCandidateAndRoleTag ..................................................................................................   Passed    0.01 sec
2026-10-06T11:03:48.1575517Z         Start  961: ControlProtocolCodecTest.FailoverObservationValidationAndSingleFrameBudgetAreStrict
2026-10-06T11:03:48.1657838Z 149/277 Test  #961: ControlProtocolCodecTest.FailoverObservationValidationAndSingleFrameBudgetAreStrict ................................................................................   Passed    0.01 sec
2026-10-06T11:03:48.1660705Z         Start  972: ControlProtocolFullStateTest.RejectsZeroLeaseAndDerivesHeartbeatCadence
2026-10-06T11:03:48.1733850Z 150/277 Test  #972: ControlProtocolFullStateTest.RejectsZeroLeaseAndDerivesHeartbeatCadence ............................................................................................   Passed    0.01 sec
2026-10-06T11:03:48.1736638Z         Start  984: ControlProtocolIdentityTest.GeneratesCanonicalIndependentIdentities
2026-10-06T11:03:48.1809036Z 151/277 Test  #984: ControlProtocolIdentityTest.GeneratesCanonicalIndependentIdentities ................................................................................................   Passed    0.01 sec
2026-10-06T11:03:48.1812373Z         Start  985: ControlNodeStateTest.RemoteWorkDoesNotAdvanceLocalControl
2026-10-06T11:03:48.1892954Z 152/277 Test  #985: ControlNodeStateTest.RemoteWorkDoesNotAdvanceLocalControl ..........................................................................................................   Passed    0.01 sec
2026-10-06T11:03:48.1895391Z         Start  992: ControlSessionWriterTest.AuthorityOvertakesTransferBetweenBulkChunks
2026-10-06T11:03:48.2026554Z 153/277 Test  #992: ControlSessionWriterTest.AuthorityOvertakesTransferBetweenBulkChunks ...............................................................................................   Passed    0.01 sec
2026-10-06T11:03:48.2028719Z         Start  995: ControlSessionWriterTest.TerminalWriteErrorPoisonsQueuedAndFutureWork
2026-10-06T11:03:48.2157148Z 154/277 Test  #995: ControlSessionWriterTest.TerminalWriteErrorPoisonsQueuedAndFutureWork ..............................................................................................   Passed    0.01 sec
2026-10-06T11:03:48.2159281Z         Start 1002: SpscRingTest.RefreshesCachedHeadAfterConsumerProgress
2026-10-06T11:03:48.2229485Z 155/277 Test #1002: SpscRingTest.RefreshesCachedHeadAfterConsumerProgress ..............................................................................................................   Passed    0.01 sec
2026-10-06T11:03:48.2230718Z         Start 1006: CrossCoreActiveSenderTest.ConcurrentDrainReactivatesNonemptyLanes
2026-10-06T11:03:48.2580058Z 156/277 Test #1006: CrossCoreActiveSenderTest.ConcurrentDrainReactivatesNonemptyLanes ..................................................................................................   Passed    0.03 sec
2026-10-06T11:03:48.2581601Z         Start 1008: DeviceAffinityTest.RejectsInsufficientQpairCapacity
2026-10-06T11:03:48.2653848Z 157/277 Test #1008: DeviceAffinityTest.RejectsInsufficientQpairCapacity ................................................................................................................   Passed    0.01 sec
2026-10-06T11:03:48.2656617Z         Start 1017: HashGroupEdits.SplitsAndOversizedValuesKeepOwnedStreamingPath
2026-10-06T11:03:48.2739558Z 158/277 Test #1017: HashGroupEdits.SplitsAndOversizedValuesKeepOwnedStreamingPath ......................................................................................................   Passed    0.01 sec
2026-10-06T11:03:48.2741584Z         Start 1022: GroupedHashTest.CompactReaderPreservesBinaryViewsAndCopiedPosition
2026-10-06T11:03:48.2815517Z 159/277 Test #1022: GroupedHashTest.CompactReaderPreservesBinaryViewsAndCopiedPosition .................................................................................................   Passed    0.01 sec
2026-10-06T11:03:48.2817600Z         Start 1030: GroupedHashTest.PointLookupRejectsCorruptionAfterMatch
2026-10-06T11:03:48.2890065Z 160/277 Test #1030: GroupedHashTest.PointLookupRejectsCorruptionAfterMatch .............................................................................................................   Passed    0.01 sec
2026-10-06T11:03:48.2892151Z         Start 1038: GroupedHashTest.MaximalIndividualValueLeavesRoomForGroupFraming
2026-10-06T11:03:48.2962513Z 161/277 Test #1038: GroupedHashTest.MaximalIndividualValueLeavesRoomForGroupFraming ....................................................................................................   Passed    0.01 sec
2026-10-06T11:03:48.2964642Z         Start 1045: GroupedHashTest.DurableRoutingDoesNotDependOnProcessLookupSeed
2026-10-06T11:03:48.3042735Z 162/277 Test #1045: GroupedHashTest.DurableRoutingDoesNotDependOnProcessLookupSeed .....................................................................................................   Passed    0.01 sec
2026-10-06T11:03:48.3045079Z         Start 1051: GroupedHashTest.RejectsCountsGapsOverlapsAndMalformedIdentities
2026-10-06T11:03:48.3123256Z 163/277 Test #1051: GroupedHashTest.RejectsCountsGapsOverlapsAndMalformedIdentities ....................................................................................................   Passed    0.01 sec
2026-10-06T11:03:48.3126701Z         Start 1052: GroupedHashTest.SingleFieldUpdateWritesOnlyItsGroup
2026-10-06T11:03:48.3261865Z 164/277 Test #1052: GroupedHashTest.SingleFieldUpdateWritesOnlyItsGroup ................................................................................................................   Passed    0.01 sec
2026-10-06T11:03:48.3264256Z         Start 1062: GroupedCommitDecisionTest.DurableDecisionCannotBeReversedByLateFailure
2026-10-06T11:03:48.3346514Z 165/277 Test #1062: GroupedCommitDecisionTest.DurableDecisionCannotBeReversedByLateFailure .............................................................................................   Passed    0.01 sec
2026-10-06T11:03:48.3348907Z         Start 1068: GroupedCollectionTest.StringAndStreamHaveDistinctDurableKinds
2026-10-06T11:03:48.3435590Z 166/277 Test #1068: GroupedCollectionTest.StringAndStreamHaveDistinctDurableKinds ......................................................................................................   Passed    0.01 sec
2026-10-06T11:03:48.3437098Z         Start 1075: GroupedCollectionTest.MemberScoresAreExactAndRejectMalformedValues
2026-10-06T11:03:48.3515605Z 167/277 Test #1075: GroupedCollectionTest.MemberScoresAreExactAndRejectMalformedValues .................................................................................................   Passed    0.01 sec
2026-10-06T11:03:48.3517470Z         Start 1085: GroupedCollectionTest.SameSizeListReplacementNeedsOnlyItsOwnPage
2026-10-06T11:03:48.3598346Z 168/277 Test #1085: GroupedCollectionTest.SameSizeListReplacementNeedsOnlyItsOwnPage ...................................................................................................   Passed    0.01 sec
2026-10-06T11:03:48.3600207Z         Start 1087: GroupedCollectionTest.SortedSetSpliceChecksBoundsAndRepositionsCompleteEntries
2026-10-06T11:03:48.3692900Z 169/277 Test #1087: GroupedCollectionTest.SortedSetSpliceChecksBoundsAndRepositionsCompleteEntries .....................................................................................   Passed    0.01 sec
2026-10-06T11:03:48.3694394Z         Start 1091: GroupedCollectionTest.EnvelopeOnlyDecodeAndDualDecisionRetirement
2026-10-06T11:03:48.3781326Z 170/277 Test #1091: GroupedCollectionTest.EnvelopeOnlyDecodeAndDualDecisionRetirement ..................................................................................................   Passed    0.01 sec
2026-10-06T11:03:48.3783921Z         Start 1092: GroupedCollectionTest.StreamRanksMatchCountsAcrossSparseUpdatesAndSnapshots
2026-10-06T11:03:52.7157653Z 171/277 Test #1092: GroupedCollectionTest.StreamRanksMatchCountsAcrossSparseUpdatesAndSnapshots ........................................................................................   Passed    4.34 sec
2026-10-06T11:03:52.7159685Z         Start 1106: GroupedSortedRewriteTest.NoopDeletionAndInvalidOrder
2026-10-06T11:03:52.7249072Z 172/277 Test #1106: GroupedSortedRewriteTest.NoopDeletionAndInvalidOrder ...............................................................................................................   Passed    0.01 sec
2026-10-06T11:03:52.7251468Z         Start 1113: OrderedCompactCodecTest.LargeSortedSetRoundTripsBeyondRecordLimit
2026-10-06T11:04:00.7008542Z 173/277 Test #1113: OrderedCompactCodecTest.LargeSortedSetRoundTripsBeyondRecordLimit ..................................................................................................   Passed    7.98 sec
2026-10-06T11:04:00.7010643Z         Start 1134: GroupedOrderedObjectTest.BothKindsRetainRetiredPhysicalRecordsAndRanks
2026-10-06T11:04:00.7102825Z 174/277 Test #1134: GroupedOrderedObjectTest.BothKindsRetainRetiredPhysicalRecordsAndRanks .............................................................................................   Passed    0.01 sec
2026-10-06T11:04:00.7116833Z         Start 1136: GroupedOrderedObjectTest.UpdatesSameCommandRevisionAndPreservesOldView
2026-10-06T11:04:00.7207365Z 175/277 Test #1136: GroupedOrderedObjectTest.UpdatesSameCommandRevisionAndPreservesOldView .............................................................................................   Passed    0.01 sec
2026-10-06T11:04:00.7212216Z         Start 1144: RecordPayloadCursorTest.RefusesUnconsumedAndOverlongOutput
2026-10-06T11:04:00.7307608Z 176/277 Test #1144: RecordPayloadCursorTest.RefusesUnconsumedAndOverlongOutput .........................................................................................................   Passed    0.01 sec
2026-10-06T11:04:00.7310057Z         Start 1149: GroupedObjectIndexTest.PartialConstructionFailureUnwindsGroupEntries
2026-10-06T11:04:01.2147627Z 177/277 Test #1149: GroupedObjectIndexTest.PartialConstructionFailureUnwindsGroupEntries ...............................................................................................   Passed    0.48 sec
2026-10-06T11:04:01.2149956Z         Start 1153: GroupedObjectIndexTest.ManifestReaderRetainsItsOwnMemoryCharge
2026-10-06T11:04:01.2330086Z 178/277 Test #1153: GroupedObjectIndexTest.ManifestReaderRetainsItsOwnMemoryCharge .....................................................................................................   Passed    0.02 sec
2026-10-06T11:04:01.2332542Z         Start 1169: GroupedObjectIndexTest.RejectsConflictingAllocationsBeforeCompactingLocations
2026-10-06T11:04:01.2458911Z 179/277 Test #1169: GroupedObjectIndexTest.RejectsConflictingAllocationsBeforeCompactingLocations ......................................................................................   Passed    0.01 sec
2026-10-06T11:04:01.2462047Z         Start 1173: GroupedObjectIndexTest.RootRelocationSharesAllMetadataAndRefreshesGroupGc
2026-10-06T11:04:01.2667046Z 180/277 Test #1173: GroupedObjectIndexTest.RootRelocationSharesAllMetadataAndRefreshesGroupGc ..........................................................................................   Passed    0.02 sec
2026-10-06T11:04:01.2669314Z         Start 1181: GroupedObjectIndexTest.CoordinateChangesPreserveSnapshotsAndTraversal
2026-10-06T11:04:01.4588028Z 181/277 Test #1181: GroupedObjectIndexTest.CoordinateChangesPreserveSnapshotsAndTraversal ..............................................................................................   Passed    0.19 sec
2026-10-06T11:04:01.4589642Z         Start 1182: GroupedObjectIndexTest.ExternalReplacementFoldsPendingInlineCoordinates
2026-10-06T11:04:01.4808950Z 182/277 Test #1182: GroupedObjectIndexTest.ExternalReplacementFoldsPendingInlineCoordinates ............................................................................................   Passed    0.02 sec
2026-10-06T11:04:01.4812091Z         Start 1187: GroupedMetadataArrayTest.AppendsPreservePinnedTailsAcrossTreeGrowth
2026-10-06T11:04:01.5130578Z 183/277 Test #1187: GroupedMetadataArrayTest.AppendsPreservePinnedTailsAcrossTreeGrowth ................................................................................................   Passed    0.03 sec
2026-10-06T11:04:01.5133143Z         Start 1197: LocalSharedPtrTest.ConstructorFailureDoesNotLeak
2026-10-06T11:04:01.5244044Z 184/277 Test #1197: LocalSharedPtrTest.ConstructorFailureDoesNotLeak ...................................................................................................................   Passed    0.01 sec
2026-10-06T11:04:01.5246411Z         Start 1200: LoggingTest.DefaultsToRotatingFileOnly
2026-10-06T11:04:01.5352884Z 185/277 Test #1200: LoggingTest.DefaultsToRotatingFileOnly .............................................................................................................................   Passed    0.01 sec
2026-10-06T11:04:01.5355773Z         Start 1207: LuaEvalTest.CatalogSwapKeepsSuspendedExecutionRuntimeAlive
2026-10-06T11:04:01.5440611Z 186/277 Test #1207: LuaEvalTest.CatalogSwapKeepsSuspendedExecutionRuntimeAlive .........................................................................................................   Passed    0.01 sec
2026-10-06T11:04:01.5443176Z         Start 1215: MemoryTest.RetainedChargeTransfersOwnershipWithoutGlobalNewHooks
2026-10-06T11:04:01.5524689Z 187/277 Test #1215: MemoryTest.RetainedChargeTransfersOwnershipWithoutGlobalNewHooks ...................................................................................................   Passed    0.01 sec
2026-10-06T11:04:01.5527039Z         Start 1221: MetaControlMapperTest.SourceIndexDoesNotBecomeTopologyEpoch
2026-10-06T11:04:01.5630023Z 188/277 Test #1221: MetaControlMapperTest.SourceIndexDoesNotBecomeTopologyEpoch ........................................................................................................   Passed    0.01 sec
2026-10-06T11:04:01.5632443Z         Start 1225: MetaControlMapperTest.AcceptsGrantlessGroupWithOwnerIntent
2026-10-06T11:04:01.5752935Z 189/277 Test #1225: MetaControlMapperTest.AcceptsGrantlessGroupWithOwnerIntent .........................................................................................................   Passed    0.01 sec
2026-10-06T11:04:01.5755047Z         Start 1229: MetaControlMapperTest.RejectsMalformedNodeHosts
2026-10-06T11:04:01.5876754Z 190/277 Test #1229: MetaControlMapperTest.RejectsMalformedNodeHosts ....................................................................................................................   Passed    0.01 sec
2026-10-06T11:04:01.5878242Z         Start 1237: MetaSessionRunResultTest.StopAfterSessionReturnStillPropagatesCleanupFailure
2026-10-06T11:04:01.5951009Z 191/277 Test #1237: MetaSessionRunResultTest.StopAfterSessionReturnStillPropagatesCleanupFailure .......................................................................................   Passed    0.01 sec
2026-10-06T11:04:01.5954059Z         Start 1241: MetaEndpointDirectoryTest.RejectsMissingOrMismatchedPrincipalBinding
2026-10-06T11:04:01.6026617Z 192/277 Test #1241: MetaEndpointDirectoryTest.RejectsMissingOrMismatchedPrincipalBinding ...............................................................................................   Passed    0.01 sec
2026-10-06T11:04:01.6028171Z         Start 1246: MetaCandidateProjectionTest.FencedHistoricalOwnerUsesAuthenticatedSelfOriginLineage
2026-10-06T11:04:01.6103003Z 193/277 Test #1246: MetaCandidateProjectionTest.FencedHistoricalOwnerUsesAuthenticatedSelfOriginLineage ................................................................................   Passed    0.01 sec
2026-10-06T11:04:01.6105653Z         Start 1248: MetaInboundTransferAbortTest.SupersededFullStateKeepsTheAuthenticatedSessionAndHeartbeat
2026-10-06T11:04:01.6204068Z 194/277 Test #1248: MetaInboundTransferAbortTest.SupersededFullStateKeepsTheAuthenticatedSessionAndHeartbeat ...........................................................................   Passed    0.01 sec
2026-10-06T11:04:01.6207092Z         Start 1259: MetaFailoverHeartbeatTest.ExactPreparingAndPreparedActionsBridgeHistoryRotationUntilCutover
2026-10-06T11:04:01.6294306Z 195/277 Test #1259: MetaFailoverHeartbeatTest.ExactPreparingAndPreparedActionsBridgeHistoryRotationUntilCutover ........................................................................   Passed    0.01 sec
2026-10-06T11:04:01.6296739Z         Start 1264: NodeControlInstallerTest.FullStateReconcilesChangedClusterControlAfterSourceCleanupOnly
2026-10-06T11:04:01.6445936Z 196/277 Test #1264: NodeControlInstallerTest.FullStateReconcilesChangedClusterControlAfterSourceCleanupOnly ............................................................................   Passed    0.01 sec
2026-10-06T11:04:01.6448519Z         Start 1267: NodeControlInstallerTest.ControlledPausePreservesFiniteLeaseAndRejectsOnlyMutations
2026-10-06T11:04:01.6711382Z 197/277 Test #1267: NodeControlInstallerTest.ControlledPausePreservesFiniteLeaseAndRejectsOnlyMutations ................................................................................   Passed    0.03 sec
2026-10-06T11:04:01.6713522Z         Start 1279: NodeControlInstallerTest.SteadyOwnerGrantSkipsPromotionAndEnablesFiniteExpirationFirst
2026-10-06T11:04:01.6852590Z 198/277 Test #1279: NodeControlInstallerTest.SteadyOwnerGrantSkipsPromotionAndEnablesFiniteExpirationFirst .............................................................................   Passed    0.01 sec
2026-10-06T11:04:01.6856908Z         Start 1283: NodeControlInstallerTest.SessionLossRevokesFiniteExpirationAuthorityAndTheWriteLease
2026-10-06T11:04:01.6994714Z 199/277 Test #1283: NodeControlInstallerTest.SessionLossRevokesFiniteExpirationAuthorityAndTheWriteLease ...............................................................................   Passed    0.01 sec
2026-10-06T11:04:01.6998693Z         Start 1285: NodeControlInstallerTest.ProjectionRefreshPreservesSharedLeaseCapability
2026-10-06T11:04:01.7160091Z 200/277 Test #1285: NodeControlInstallerTest.ProjectionRefreshPreservesSharedLeaseCapability ...........................................................................................   Passed    0.02 sec
2026-10-06T11:04:01.7163815Z         Start 1302: NodeControlInstallerTest.LeaseTimerExpiresExactLeaseButCannotRevokeItsRenewal
2026-10-06T11:04:03.6317105Z 201/277 Test #1302: NodeControlInstallerTest.LeaseTimerExpiresExactLeaseButCannotRevokeItsRenewal ......................................................................................   Passed    1.92 sec
2026-10-06T11:04:03.6319913Z         Start 1312: NodeControlInstallerTest.ExactFdsRefreshPreservesSourceExportsAndAuthorityChangeDrainsOldWork
2026-10-06T11:04:03.6523954Z 202/277 Test #1312: NodeControlInstallerTest.ExactFdsRefreshPreservesSourceExportsAndAuthorityChangeDrainsOldWork ......................................................................   Passed    0.02 sec
2026-10-06T11:04:03.6526943Z         Start 1315: NodeControlInstallerTest.SessionInvalidationClosesLeaseBeforeAsynchronousCleanup
2026-10-06T11:04:03.6665726Z 203/277 Test #1315: NodeControlInstallerTest.SessionInvalidationClosesLeaseBeforeAsynchronousCleanup ...................................................................................   Passed    0.01 sec
2026-10-06T11:04:03.6668430Z         Start 1320: NodeControlInstallerTest.ReplicaReadinessAndRebuildUseTargetMemberAssignment
2026-10-06T11:04:03.6987941Z 204/277 Test #1320: NodeControlInstallerTest.ReplicaReadinessAndRebuildUseTargetMemberAssignment .......................................................................................   Passed    0.03 sec
2026-10-06T11:04:03.6990103Z         Start 1331: RespParserTest.DoesNotEagerlyAllocateDeclaredArrayLength
2026-10-06T11:04:03.7098834Z 205/277 Test #1331: RespParserTest.DoesNotEagerlyAllocateDeclaredArrayLength ...........................................................................................................   Passed    0.01 sec
2026-10-06T11:04:03.7100915Z         Start 1333: RespParserTest.ReturnsPipelinedCommandsInWireOrder
2026-10-06T11:04:03.7179305Z 206/277 Test #1333: RespParserTest.ReturnsPipelinedCommandsInWireOrder .................................................................................................................   Passed    0.01 sec
2026-10-06T11:04:03.7182608Z         Start 1336: RespParserTest.AcceptsInlineCommandsQuotesAndEscapesIncrementally
2026-10-06T11:04:03.7285375Z 207/277 Test #1336: RespParserTest.AcceptsInlineCommandsQuotesAndEscapesIncrementally ..................................................................................................   Passed    0.01 sec
2026-10-06T11:04:03.7287440Z         Start 1340: ReplyBuilderTest.EncodesProtocolSpecificResp3Types
2026-10-06T11:04:03.7366360Z 208/277 Test #1340: ReplyBuilderTest.EncodesProtocolSpecificResp3Types .................................................................................................................   Passed    0.01 sec
2026-10-06T11:04:03.7368739Z         Start 1348: ScanHashMapTest.TaggedAddressSurvivesChainCompactionAndRejectsStaleSlots
2026-10-06T11:04:03.7529190Z 209/277 Test #1348: ScanHashMapTest.TaggedAddressSurvivesChainCompactionAndRejectsStaleSlots ...........................................................................................   Passed    0.02 sec
2026-10-06T11:04:03.7551671Z         Start 1360: ScanHashMapTest.SharedArenaReusesSlotsAndRejectsPageIdExhaustion
2026-10-06T11:04:03.7827579Z 210/277 Test #1360: ScanHashMapTest.SharedArenaReusesSlotsAndRejectsPageIdExhaustion ...................................................................................................   Passed    0.03 sec
2026-10-06T11:04:03.7830363Z         Start 1368: ScanHashMapTest.AmortizesAlignmentAcrossSixteenLogicalPages
2026-10-06T11:04:03.8003878Z 211/277 Test #1368: ScanHashMapTest.AmortizesAlignmentAcrossSixteenLogicalPages ........................................................................................................   Passed    0.02 sec
2026-10-06T11:04:03.8006967Z         Start 1369: ScanHashMapTest.RehashDefersOverflowAllocationWhenAdmissionIsFull
2026-10-06T11:04:03.8178783Z 212/277 Test #1369: ScanHashMapTest.RehashDefersOverflowAllocationWhenAdmissionIsFull ..................................................................................................   Passed    0.02 sec
2026-10-06T11:04:03.8196582Z         Start 1372: ScanHashMapTest.InlineShortKeyComparisonCoversEveryByte
2026-10-06T11:04:03.8357750Z 213/277 Test #1372: ScanHashMapTest.InlineShortKeyComparisonCoversEveryByte ............................................................................................................   Passed    0.02 sec
2026-10-06T11:04:03.8360011Z         Start 1375: ScanHashMapTest.ConstAndMutableLookupCrossBucketBoundaries
2026-10-06T11:04:03.8656405Z 214/277 Test #1375: ScanHashMapTest.ConstAndMutableLookupCrossBucketBoundaries .........................................................................................................   Passed    0.03 sec
2026-10-06T11:04:03.8660014Z         Start 1383: SourceAuthorizationLedgerTest.RevocationRejectsTheOldRevisionButAllowsANewerCompleteIdentity
2026-10-06T11:04:03.8771504Z 215/277 Test #1383: SourceAuthorizationLedgerTest.RevocationRejectsTheOldRevisionButAllowsANewerCompleteIdentity .......................................................................   Passed    0.01 sec
2026-10-06T11:04:03.8774571Z         Start 1387: SourceAuthorizationLedgerTest.AuthorizationIsBoundToTheExactDirectiveIdentity
2026-10-06T11:04:03.8863181Z 216/277 Test #1387: SourceAuthorizationLedgerTest.AuthorizationIsBoundToTheExactDirectiveIdentity ......................................................................................   Passed    0.01 sec
2026-10-06T11:04:03.8865599Z         Start 1396: CommandTableTest.ResolvesSortStoreDestination
2026-10-06T11:04:03.8944785Z 217/277 Test #1396: CommandTableTest.ResolvesSortStoreDestination ......................................................................................................................   Passed    0.01 sec
2026-10-06T11:04:03.8949128Z         Start 1407: CommandTableTest.ReplicationGateCandidatesAreClassified
2026-10-06T11:04:03.9029180Z 218/277 Test #1407: CommandTableTest.ReplicationGateCandidatesAreClassified ............................................................................................................   Passed    0.01 sec
2026-10-06T11:04:03.9031719Z         Start 1415: RdbTest.StreamEncoderSupportsRedisSevenCompatibilityHeader
2026-10-06T11:04:03.9107781Z 219/277 Test #1415: RdbTest.StreamEncoderSupportsRedisSevenCompatibilityHeader .........................................................................................................   Passed    0.01 sec
2026-10-06T11:04:03.9110153Z         Start 1422: RdbTest.DecodesLzfAcrossFileBuffersWithoutBorrowedInput
2026-10-06T11:04:04.8417249Z 220/277 Test #1422: RdbTest.DecodesLzfAcrossFileBuffersWithoutBorrowedInput ............................................................................................................   Passed    0.93 sec
2026-10-06T11:04:04.8420118Z         Start 1424: RdbTest.ReadsFileMetadataDatabasesAndExpirations
2026-10-06T11:04:04.8506463Z 221/277 Test #1424: RdbTest.ReadsFileMetadataDatabasesAndExpirations ...................................................................................................................   Passed    0.01 sec
2026-10-06T11:04:04.8508354Z         Start 1433: RdbTest.AcceptsAllRedisStreamEncodings
2026-10-06T11:04:04.8586364Z 222/277 Test #1433: RdbTest.AcceptsAllRedisStreamEncodings .............................................................................................................................   Passed    0.01 sec
2026-10-06T11:04:04.8588541Z         Start 1439: RdbCollectionTest.AggregateCountUsesRdb64BitLengthWithoutAllocation
2026-10-06T11:04:04.8663039Z 223/277 Test #1439: RdbCollectionTest.AggregateCountUsesRdb64BitLengthWithoutAllocation ................................................................................................   Passed    0.01 sec
2026-10-06T11:04:04.8665773Z         Start 1441: RdbCollectionImportTest.FourTypesConsumeAdmittedPagesAndRewind
2026-10-06T11:04:07.1441354Z 224/277 Test #1441: RdbCollectionImportTest.FourTypesConsumeAdmittedPagesAndRewind .....................................................................................................   Passed    2.28 sec
2026-10-06T11:04:07.1443018Z         Start 1451: RecordLocationTest.GroupedRepresentationSurvivesIndexAndExpiryChanges
2026-10-06T11:04:07.1597916Z 225/277 Test #1451: RecordLocationTest.GroupedRepresentationSurvivesIndexAndExpiryChanges ..............................................................................................   Passed    0.02 sec
2026-10-06T11:04:07.1600259Z         Start 1454: RecordLocationTest.RemoteMaterializationRejectsReusedBlockByEpoch
2026-10-06T11:04:07.1768569Z 226/277 Test #1454: RecordLocationTest.RemoteMaterializationRejectsReusedBlockByEpoch ..................................................................................................   Passed    0.02 sec
2026-10-06T11:04:07.1771287Z         Start 1462: ReplicationCommandTest.CapturePreparationOomPreservesEarlierEffects
2026-10-06T11:04:07.1855648Z 227/277 Test #1462: ReplicationCommandTest.CapturePreparationOomPreservesEarlierEffects ................................................................................................   Passed    0.01 sec
2026-10-06T11:04:07.1857759Z         Start 1464: ReplicationCommandTest.SetAlreadyCarriesFinalExpirationSemantics
2026-10-06T11:04:07.1931759Z 228/277 Test #1464: ReplicationCommandTest.SetAlreadyCarriesFinalExpirationSemantics ...................................................................................................   Passed    0.01 sec
2026-10-06T11:04:07.1933747Z         Start 1474: PopulationManifestTest.SupportsEmptyAndFullDesiredPopulations
2026-10-06T11:04:07.2104515Z 229/277 Test #1474: PopulationManifestTest.SupportsEmptyAndFullDesiredPopulations ......................................................................................................   Passed    0.02 sec
2026-10-06T11:04:07.2106788Z         Start 1485: ReplicationGroupTest.RejectsStaleIdentityAndAttemptReuse
2026-10-06T11:04:07.2277764Z 230/277 Test #1485: ReplicationGroupTest.RejectsStaleIdentityAndAttemptReuse ...........................................................................................................   Passed    0.02 sec
2026-10-06T11:04:07.2279988Z         Start 1488: ReplicationGroupTest.InvalidatePublishedProofRequiresFreshAttempt
2026-10-06T11:04:07.2589382Z 231/277 Test #1488: ReplicationGroupTest.InvalidatePublishedProofRequiresFreshAttempt ..................................................................................................   Passed    0.03 sec
2026-10-06T11:04:07.2590866Z         Start 1489: ReplicationGroupTest.RestartDropsProofAtEveryRebuildBoundary
2026-10-06T11:04:07.2912999Z 232/277 Test #1489: ReplicationGroupTest.RestartDropsProofAtEveryRebuildBoundary .......................................................................................................   Passed    0.03 sec
2026-10-06T11:04:07.2915364Z         Start 1495: ReplicationGroupTest.ConflictingFlowCutVectorCannotBeRewritten
2026-10-06T11:04:07.3087666Z 233/277 Test #1495: ReplicationGroupTest.ConflictingFlowCutVectorCannotBeRewritten .....................................................................................................   Passed    0.02 sec
2026-10-06T11:04:07.3090039Z         Start 1500: ReplicationHistoryTest.GapsAndHistoryChangesNeverAdvertiseInventedCoverage
2026-10-06T11:04:07.3169011Z 234/277 Test #1500: ReplicationHistoryTest.GapsAndHistoryChangesNeverAdvertiseInventedCoverage .........................................................................................   Passed    0.01 sec
2026-10-06T11:04:07.3173100Z         Start 1513: NativeReplayTest.SingleFlowCompletionDoesNotRequireOptionalRetention
2026-10-06T11:04:07.3263107Z 235/277 Test #1513: NativeReplayTest.SingleFlowCompletionDoesNotRequireOptionalRetention ...............................................................................................   Passed    0.01 sec
2026-10-06T11:04:07.3264994Z         Start 1517: NativeReparentTest.LaggingRequiresEveryParentSuffixAndNoDivergentComponent
2026-10-06T11:04:07.3346016Z 236/277 Test #1517: NativeReparentTest.LaggingRequiresEveryParentSuffixAndNoDivergentComponent .........................................................................................   Passed    0.01 sec
2026-10-06T11:04:07.3347526Z         Start 1519: ReplicaAppliedFrontierTest.AdvancesOnlyTheCompletedEvent
2026-10-06T11:04:07.3424610Z 237/277 Test #1519: ReplicaAppliedFrontierTest.AdvancesOnlyTheCompletedEvent ...........................................................................................................   Passed    0.01 sec
2026-10-06T11:04:07.3426803Z         Start 1527: ReplicaAppliedFrontierTest.PublicationSequenceNeverWraps
2026-10-06T11:04:07.3502224Z 238/277 Test #1527: ReplicaAppliedFrontierTest.PublicationSequenceNeverWraps ...........................................................................................................   Passed    0.01 sec
2026-10-06T11:04:07.3504188Z         Start 1528: FullSyncHandoffProgressTest.OutOfOrderAckDoesNotHideUnsentOrPendingPartitions
2026-10-06T11:04:07.3579316Z 239/277 Test #1528: FullSyncHandoffProgressTest.OutOfOrderAckDoesNotHideUnsentOrPendingPartitions ......................................................................................   Passed    0.01 sec
2026-10-06T11:04:07.3580691Z         Start 1536: TxBlockLeases.ExpiredWitnessFindsOtherLiveWriter
2026-10-06T11:04:07.3657107Z 240/277 Test #1536: TxBlockLeases.ExpiredWitnessFindsOtherLiveWriter ...................................................................................................................   Passed    0.01 sec
2026-10-06T11:04:07.3659242Z         Start 1540: StorageStateTest.PromotionBaseEqualityIncludesDurabilityFrontier
2026-10-06T11:04:07.3734327Z 241/277 Test #1540: StorageStateTest.PromotionBaseEqualityIncludesDurabilityFrontier ...................................................................................................   Passed    0.01 sec
2026-10-06T11:04:07.3735809Z         Start 1548: StorageFormatTest.GroupedRootsAllowStringsAndCollections
2026-10-06T11:04:07.3812337Z 242/277 Test #1548: StorageFormatTest.GroupedRootsAllowStringsAndCollections ...........................................................................................................   Passed    0.01 sec
2026-10-06T11:04:07.3813723Z         Start 1555: StorageFormatTest.EncodesMemoryReplicationFrames
2026-10-06T11:04:07.3890502Z 243/277 Test #1555: StorageFormatTest.EncodesMemoryReplicationFrames ...................................................................................................................   Passed    0.01 sec
2026-10-06T11:04:07.3892697Z         Start 1563: StorageExpirationAuthorityTest.WorkersOwnSeparateCachedControlBlocks
2026-10-06T11:04:07.3970457Z 244/277 Test #1563: StorageExpirationAuthorityTest.WorkersOwnSeparateCachedControlBlocks ...............................................................................................   Passed    0.01 sec
2026-10-06T11:04:07.3972083Z         Start 1565: StorageExpirationAuthorityTest.LegacyPermanentGrantIsIdempotent
2026-10-06T11:04:07.4048795Z 245/277 Test #1565: StorageExpirationAuthorityTest.LegacyPermanentGrantIsIdempotent ....................................................................................................   Passed    0.01 sec
2026-10-06T11:04:07.4050268Z         Start 1575: WorkerPlacementTest.ControlTimersSurviveNonYieldingDataOnSharedCpu
2026-10-06T11:04:07.7261740Z 246/277 Test #1575: WorkerPlacementTest.ControlTimersSurviveNonYieldingDataOnSharedCpu .................................................................................................   Passed    0.32 sec
2026-10-06T11:04:07.7263716Z         Start 1580: lavik_database_modes
2026-10-06T11:04:19.3802679Z 247/277 Test #1580: lavik_database_modes ...............................................................................................................................................   Passed   11.65 sec
2026-10-06T11:04:19.3804634Z         Start 1589: meta_integration.ctl_client
2026-10-06T11:04:23.8090492Z 248/277 Test #1589: meta_integration.ctl_client ........................................................................................................................................   Passed    4.43 sec
2026-10-06T11:04:23.8092092Z         Start 1590: meta_integration.sentinel
2026-10-06T11:04:40.0516956Z 249/277 Test #1590: meta_integration.sentinel ..........................................................................................................................................   Passed   16.24 sec
2026-10-06T11:04:40.0518596Z         Start 1592: meta_integration.admin_slow_reader
2026-10-06T11:04:48.2885993Z 250/277 Test #1592: meta_integration.admin_slow_reader .................................................................................................................................   Passed    8.24 sec
2026-10-06T11:04:48.2887560Z         Start 1595: meta_integration.gate_snapshot_vote
2026-10-06T11:04:59.2100989Z 251/277 Test #1595: meta_integration.gate_snapshot_vote ................................................................................................................................   Passed   10.92 sec
2026-10-06T11:04:59.2102570Z         Start 1599: meta_integration.gate_membership_recovery
2026-10-06T11:05:44.0249371Z 252/277 Test #1599: meta_integration.gate_membership_recovery ..........................................................................................................................   Passed   44.81 sec
2026-10-06T11:05:44.0251151Z         Start 1611: meta_integration.gate_data_publication
2026-10-06T11:05:47.5644322Z 253/277 Test #1611: meta_integration.gate_data_publication .............................................................................................................................   Passed    3.54 sec
2026-10-06T11:05:47.5646233Z         Start 1618: meta_integration.gate_managed_wait
2026-10-06T11:07:33.9458398Z 254/277 Test #1618: meta_integration.gate_managed_wait .................................................................................................................................   Passed  106.38 sec
2026-10-06T11:07:33.9460126Z         Start 1619: meta_integration.gate_managed_single_blocking
2026-10-06T11:09:04.5002752Z 255/277 Test #1619: meta_integration.gate_managed_single_blocking ......................................................................................................................   Passed   90.55 sec
2026-10-06T11:09:04.5005446Z         Start 1626: meta_integration.gate_managed_composite_partial_faults
2026-10-06T11:09:45.5263079Z 256/277 Test #1626: meta_integration.gate_managed_composite_partial_faults .............................................................................................................   Passed   41.03 sec
2026-10-06T11:09:45.5264993Z         Start 1641: meta_integration.recovery_cluster_candidate-replace
2026-10-06T11:10:16.1364756Z 257/277 Test #1641: meta_integration.recovery_cluster_candidate-replace ................................................................................................................   Passed   30.61 sec
2026-10-06T11:10:16.1366422Z         Start 1651: meta_integration.gate_failover_live_leader_demotion
2026-10-06T11:10:48.0666943Z 258/277 Test #1651: meta_integration.gate_failover_live_leader_demotion ................................................................................................................   Passed   31.93 sec
2026-10-06T11:10:48.0669257Z         Start 1654: meta_integration.gate_failover_source_degrade_reselect
2026-10-06T11:11:52.9866491Z 259/277 Test #1654: meta_integration.gate_failover_source_degrade_reselect .............................................................................................................   Passed   64.92 sec
2026-10-06T11:11:52.9867644Z         Start 1656: meta_integration.gate_automatic_failover_owner_kill
2026-10-06T11:12:17.7516477Z 260/277 Test #1656: meta_integration.gate_automatic_failover_owner_kill ................................................................................................................   Passed   24.76 sec
2026-10-06T11:12:17.7518006Z         Start 1668: meta_integration.single_population_recovery_clean_replica
2026-10-06T11:12:42.9549550Z 261/277 Test #1668: meta_integration.single_population_recovery_clean_replica ..........................................................................................................   Passed   25.20 sec
2026-10-06T11:12:42.9552553Z         Start 1674: meta_integration.gate_population_recovery_before_consume
2026-10-06T11:13:07.5255899Z 262/277 Test #1674: meta_integration.gate_population_recovery_before_consume ...........................................................................................................   Passed   24.57 sec
2026-10-06T11:13:07.5258701Z         Start 1676: meta_integration.gate_population_recovery_incomplete_full
2026-10-06T11:13:27.1185974Z 263/277 Test #1676: meta_integration.gate_population_recovery_incomplete_full ..........................................................................................................   Passed   19.59 sec
2026-10-06T11:13:27.1187417Z         Start 1681: meta_integration.sentinel_tls_mapped
2026-10-06T11:14:04.0904799Z 264/277 Test #1681: meta_integration.sentinel_tls_mapped ...............................................................................................................................   Passed   36.97 sec
2026-10-06T11:14:04.0906296Z         Start 1692: cluster_soak_reference_model
2026-10-06T11:14:05.0930708Z 265/277 Test #1692: cluster_soak_reference_model .......................................................................................................................................   Passed    1.00 sec
2026-10-06T11:14:05.0932624Z         Start 1701: lavik_native_replicaof_e2e
2026-10-06T11:14:10.8608325Z 266/277 Test #1701: lavik_native_replicaof_e2e .........................................................................................................................................   Passed    5.77 sec
2026-10-06T11:14:10.8609862Z         Start 1703: lavik_redis_export_shake_standalone
2026-10-06T11:14:21.9217557Z 267/277 Test #1703: lavik_redis_export_shake_standalone ................................................................................................................................   Passed   11.06 sec
2026-10-06T11:14:21.9219549Z         Start 1707: lavik_redis_export_ha_cluster
2026-10-06T11:17:23.8745362Z 268/277 Test #1707: lavik_redis_export_ha_cluster ......................................................................................................................................   Passed  181.95 sec
2026-10-06T11:17:23.8746708Z         Start 1712: lavik_redis_sync_reader_cluster-single
2026-10-06T11:17:34.2240057Z 269/277 Test #1712: lavik_redis_sync_reader_cluster-single .............................................................................................................................   Passed   10.35 sec
2026-10-06T11:17:34.2241242Z         Start 1720: lavik_redis_sync_reader_single-incremental-failover
2026-10-06T11:17:54.8044840Z 270/277 Test #1720: lavik_redis_sync_reader_single-incremental-failover ................................................................................................................   Passed   20.58 sec
2026-10-06T11:17:54.8047087Z         Start 1722: lavik_redis_sync_reader_cluster-full-connection
2026-10-06T11:18:11.0425010Z 271/277 Test #1722: lavik_redis_sync_reader_cluster-full-connection ....................................................................................................................   Passed   16.24 sec
2026-10-06T11:18:11.0426485Z         Start 1730: lavik_redis_export_disk_full_e2e
2026-10-06T11:18:17.1321072Z 272/277 Test #1730: lavik_redis_export_disk_full_e2e ...................................................................................................................................   Passed    6.09 sec
2026-10-06T11:18:17.1322626Z         Start 1734: lavik_replication_log_e2e
2026-10-06T11:18:23.8329577Z 273/277 Test #1734: lavik_replication_log_e2e ..........................................................................................................................................   Passed    6.70 sec
2026-10-06T11:18:23.8330928Z         Start 1738: lavik_flushdb_reclaim_e2e
2026-10-06T11:18:51.6284248Z 274/277 Test #1738: lavik_flushdb_reclaim_e2e ..........................................................................................................................................   Passed   27.80 sec
2026-10-06T11:18:51.6287814Z         Start 1743: lavik_tomb_raider_multiworker
2026-10-06T11:18:53.3559636Z 275/277 Test #1743: lavik_tomb_raider_multiworker ......................................................................................................................................   Passed    1.73 sec
2026-10-06T11:18:53.3560783Z         Start 1755: lavik_grouped_ordered_write_e2e
2026-10-06T11:29:13.1517941Z 276/277 Test #1755: lavik_grouped_ordered_write_e2e ....................................................................................................................................   Passed  619.80 sec
2026-10-06T11:29:13.1520007Z         Start 1759: bycorf_connect_timer_check
2026-10-06T11:29:18.8696529Z 277/277 Test #1759: bycorf_connect_timer_check .........................................................................................................................................   Passed    5.72 sec
2026-10-06T11:29:18.8705484Z 
2026-10-06T11:29:18.8705830Z 100% tests passed, 0 tests failed out of 277
2026-10-06T11:29:18.8706244Z 
2026-10-06T11:29:18.8706427Z Label Time Summary:
2026-10-06T11:29:18.8706929Z automatic-failover     =  24.76 sec*proc (1 test)
2026-10-06T11:29:18.8707576Z cluster-integration    =   0.10 sec*proc (1 test)
2026-10-06T11:29:18.8708204Z cluster-model          =   0.60 sec*proc (6 tests)
2026-10-06T11:29:18.8708805Z cluster-soak           =   1.00 sec*proc (1 test)
2026-10-06T11:29:18.8709403Z failover               = 190.98 sec*proc (6 tests)
2026-10-06T11:29:18.8709987Z io_uring               =   5.72 sec*proc (1 test)
2026-10-06T11:29:18.8710420Z large-codec            =   7.98 sec*proc (1 test)
2026-10-06T11:29:18.8710791Z meta                   =  28.34 sec*proc (125 tests)
2026-10-06T11:29:18.8711160Z meta-integration       = 631.87 sec*proc (20 tests)
2026-10-06T11:29:18.8711530Z net                    =   5.72 sec*proc (1 test)
2026-10-06T11:29:18.8711901Z population-recovery    =  69.37 sec*proc (3 tests)
2026-10-06T11:29:18.8712303Z redis-import           =  47.17 sec*proc (3 tests)
2026-10-06T11:29:18.8712664Z runtime                =   5.72 sec*proc (1 test)
2026-10-06T11:29:18.8713030Z sentinel-client        =  36.97 sec*proc (1 test)
2026-10-06T11:29:18.8713263Z 
2026-10-06T11:29:18.8713387Z Total Test time (real) = 1560.14 sec
2026-10-06T11:29:18.8780907Z PASS: ctest
2026-10-06T11:29:18.8950798Z ##[group]Run actions/upload-artifact@v7
2026-10-06T11:29:18.8951126Z with:
2026-10-06T11:29:18.8951341Z   name: test-results-amd64-0
2026-10-06T11:29:18.8952467Z   path: build_ci/test-results/
build_ci/Testing/Temporary/
build_ci/meta-integration/**/*.log
build_ci/meta-integration/**/*.json
/mnt/dev/lavik-*.log
/mnt/dev/cluster_client_*/**/*.log
/tmp/lavik-*/**/*.log
/tmp/cluster_create_*/**/*.log
/tmp/cluster_client_*/**/*.log
/tmp/meta_*/**/*.log
/tmp/lavik-*.log

2026-10-06T11:29:18.8953596Z   if-no-files-found: ignore
2026-10-06T11:29:18.8953836Z   retention-days: 7
2026-10-06T11:29:18.8954054Z   compression-level: 6
2026-10-06T11:29:18.8954276Z   overwrite: false
2026-10-06T11:29:18.8954495Z   include-hidden-files: false
2026-10-06T11:29:18.8954741Z   archive: true
2026-10-06T11:29:18.8954931Z env:
2026-10-06T11:29:18.8955588Z   PYTHONPATH: /home/runner/work/lavik/lavik/build_ci/test_tools/redis_py
2026-10-06T11:29:18.8956002Z   GOTOOLCHAIN: local
2026-10-06T11:29:18.8956244Z ##[endgroup]
2026-10-06T11:29:19.1344116Z Multiple search paths detected. Calculating the least common ancestor of all paths
2026-10-06T11:29:19.1347294Z The least common ancestor is /. This will be the root directory of the artifact
2026-10-06T11:29:19.1348225Z With the provided path, there will be 7 files uploaded
2026-10-06T11:29:19.1355491Z Artifact name is valid!
2026-10-06T11:29:19.1356006Z Root directory input is valid!
2026-10-06T11:29:19.5244458Z Uploading artifact: test-results-amd64-0.zip
2026-10-06T11:29:19.5299399Z Beginning upload of artifact content to blob storage
2026-10-06T11:29:20.0369464Z Uploaded bytes 135221
2026-10-06T11:29:20.1109256Z Finished uploading artifact content to blob storage!
2026-10-06T11:29:20.1110821Z SHA256 digest of uploaded artifact is 6324b386fab5eb1a503e7c5af61565e2c2a23bb672a49f35bd4e88f4061d27d8
2026-10-06T11:29:20.1111945Z Finalizing artifact upload
2026-10-06T11:29:20.5422019Z Artifact test-results-amd64-0 successfully finalized. Artifact ID 11409439258
2026-10-06T11:29:20.5423440Z Artifact test-results-amd64-0 has been successfully uploaded! Final size is 135221 bytes. Artifact ID is 11409439258
2026-10-06T11:29:20.5426545Z Artifact download URL: https://github.com/eloqdata/lavik/actions/runs/37452841525/artifacts/11409439258
2026-10-06T11:29:20.5594261Z Post job cleanup.
2026-10-06T11:29:20.6748904Z [command]/opt/hostedtoolcache/go/1.26.8/x64/bin/go env GOMODCACHE
2026-10-06T11:29:20.6808253Z [command]/opt/hostedtoolcache/go/1.26.8/x64/bin/go env GOCACHE
2026-10-06T11:29:20.6855954Z /home/runner/go/pkg/mod
2026-10-06T11:29:20.6856599Z /home/runner/.cache/go-build
2026-10-06T11:29:20.6867473Z Cache hit occurred on the primary key setup-go-Linux-x64-ubuntu24-go-1.26.8-52a31333fdbe81b448a90130b1fe6ac14c2f243aba4a731c327db2137c0da2d4, not saving cache.
2026-10-06T11:29:20.7055581Z Post job cleanup.
2026-10-06T11:29:20.7921074Z [command]/usr/bin/git version
2026-10-06T11:29:20.7964770Z git version 2.55.0
2026-10-06T11:29:20.8004376Z Temporarily overriding HOME='/home/runner/work/_temp/fbe6c736-6e22-4482-8d96-91e138faff3a' before making global git config changes
2026-10-06T11:29:20.8006483Z Adding repository directory to the temporary git global config as a safe directory
2026-10-06T11:29:20.8010556Z [command]/usr/bin/git config --global --add safe.directory /home/runner/work/lavik/lavik
2026-10-06T11:29:20.8045470Z Removing SSH command configuration
2026-10-06T11:29:20.8052445Z [command]/usr/bin/git config --local --name-only --get-regexp core\.sshCommand
2026-10-06T11:29:20.8104952Z [command]/usr/bin/git submodule foreach --recursive sh -c "git config --local --name-only --get-regexp 'core\.sshCommand' && git config --local --unset-all 'core.sshCommand' || :"
2026-10-06T11:29:20.8344349Z Removing HTTP extra header
2026-10-06T11:29:20.8350614Z [command]/usr/bin/git config --local --name-only --get-regexp http\.https\:\/\/github\.com\/\.extraheader
2026-10-06T11:29:20.8386206Z [command]/usr/bin/git submodule foreach --recursive sh -c "git config --local --name-only --get-regexp 'http\.https\:\/\/github\.com\/\.extraheader' && git config --local --unset-all 'http.https://github.com/.extraheader' || :"
2026-10-06T11:29:20.8676482Z Removing includeIf entries pointing to credentials config files
2026-10-06T11:29:20.8686192Z [command]/usr/bin/git config --local --name-only --get-regexp ^includeIf\.gitdir:
2026-10-06T11:29:20.8694529Z [command]/usr/bin/git submodule foreach --recursive git config --local --show-origin --name-only --get-regexp remote.origin.url
2026-10-06T11:29:20.9111935Z Cleaning up orphan processes
