product,type,logical_bytes,field_bytes,entries_per_key,keys,operation,connections,qps,p50_ms,p99_ms,p999_ms,requests,elapsed_seconds,seconds,client_cpu_cores,rx_mib_s
lavik,hash,65536,128,512,64,HGET,80,433493.84,0.175,0.367,0.479,3468666,9.382594492999488,8,6.366,75.124755859375
redis,hash,65536,128,512,64,HGET,80,460928.35,0.167,0.327,0.423,3687826,9.284080773999449,8,6.577,79.879208984375
valkey,hash,65536,128,512,64,HGET,80,525738.07,0.143,0.487,0.671,4206536,9.282862685999135,8,7.209,91.110791015625
lavik,hash,65536,128,512,64,HGET,320,564929.8,0.527,1.311,1.863,4523746,9.332543073000124,8,7.936,97.90259765625
redis,hash,65536,128,512,64,HGET,320,766984.86,0.383,0.999,1.719,6137850,9.334865326,8,10.275,132.91875
valkey,hash,65536,128,512,64,HGET,320,786549.32,0.351,1.255,3.071,6295201,9.333576113000163,8,10.292,136.309267578125
lavik,hash,65536,128,512,64,HGET,1280,529103.3,1.503,6.143,115.199,4245991,9.583792510999046,8,7.867,91.69384765625
redis,hash,65536,128,512,64,HGET,1280,965902.1,1.143,4.575,9.919,7740043,9.587019579001208,8,13.631,167.39125
valkey,hash,65536,128,512,64,HGET,1280,844256.66,1.247,4.671,11.839,6765395,9.585146593999525,8,11.547,146.310107421875
lavik,hash,65536,128,512,64,HGET,2560,477885.23,3.119,24.959,954.367,3846255,9.935063673001423,8,7.577,82.817734375
redis,hash,65536,128,512,64,HGET,2560,1043252.85,2.383,5.727,21.887,8375864,9.939821871997992,8,15.565,180.79630859375
valkey,hash,65536,128,512,64,HGET,2560,868299.31,2.527,6.847,25.215,6971721,9.937636045000545,8,12.686,150.47673828125
lavik,hash,65536,128,512,64,HGET,5120,451027.18,2.639,59.135,974.847,3637946,10.686939900002471,8,7.741,78.16326171875
redis,hash,65536,128,512,64,HGET,5120,814351.15,5.439,17.791,64.511,6562531,10.641422402000899,8,13.222,141.127275390625
valkey,hash,65536,128,512,64,HGET,5120,686155.71,6.911,27.647,78.335,5528220,10.589113670001097,8,11.17,118.9110546875
lavik,hash,65536,128,512,64,HGETALL,16,13752.63,1.295,1.823,2.047,110032,9.380536370998016,8,1.597,1014.52212890625
redis,hash,65536,128,512,64,HGETALL,16,24103.4,0.663,0.775,1.103,192837,9.232300294999732,8,2.858,1778.090869140625
valkey,hash,65536,128,512,64,HGETALL,16,12838.83,1.239,1.495,1.719,102715,9.480863937998947,8,1.522,947.1112109375
lavik,hash,65536,128,512,64,HGETALL,80,36406.49,2.079,5.663,7.199,291293,9.282566133999353,8,4.948,2685.681123046875
redis,hash,65536,128,512,64,HGETALL,80,25147.38,3.167,3.855,7.391,201234,9.282358462001866,8,3.214,1855.105
valkey,hash,65536,128,512,64,HGETALL,80,10992.93,7.615,9.535,10.431,87980,9.280427575999056,8,1.282,810.940830078125
lavik,hash,65536,128,512,64,HSET,80,6419.51,0.191,99.327,103.935,51661,9.28176387900021,8,0.098,1.137001953125
redis,hash,65536,128,512,64,HSET,80,450041.39,0.175,0.335,0.431,3600886,9.283284436998656,8,6.47,79.709453125
valkey,hash,65536,128,512,64,HSET,80,554011.4,0.135,0.287,0.407,4433125,9.28351600699898,8,7.726,98.124189453125
lavik,hash,65536,128,512,64,HSET,320,6448.06,0.231,401.407,409.599,52889,9.332340565000777,8,0.134,1.14205078125
redis,hash,65536,128,512,64,HSET,320,749511.49,0.399,0.967,1.583,6000933,9.33428665899919,8,10.052,132.74966796875
valkey,hash,65536,128,512,64,HSET,320,715527.52,0.415,1.007,2.287,5726771,9.333474431001378,8,9.23,126.730615234375
lavik,hash,65536,128,512,64,HSET,1280,6846.14,95.231,1040.383,1097.727,57427,10.633209901003283,8,0.321,1.212568359375
redis,hash,65536,128,512,64,HSET,1280,927859.11,1.159,4.607,11.711,7436260,9.586449647002155,8,13.123,164.338017578125
valkey,hash,65536,128,512,64,HSET,1280,764578.58,1.583,4.159,10.943,6133746,9.635022692000348,8,10.59,135.4185546875
lavik,hash,65536,128,512,64,HSET,2560,7126.88,264.191,1409.023,1425.407,60435,10.984226729997317,8,0.588,1.262294921875
redis,hash,65536,128,512,64,HSET,2560,969908.89,2.447,6.591,23.679,7787671,10.94054447400049,8,13.032,171.785712890625
valkey,hash,65536,128,512,64,HSET,2560,744889.19,3.247,6.815,27.263,5989508,9.937183155998355,8,11.0,131.93115234375
lavik,hash,65536,128,512,64,HSET,5120,7409.71,606.207,2277.375,2375.679,65412,12.637060494998877,8,0.95,1.312373046875
redis,hash,65536,128,512,64,HSET,5120,804185.06,5.663,18.175,57.343,6480498,11.5932908399991,8,11.976,142.43310546875
valkey,hash,65536,128,512,64,HSET,5120,595487.95,8.159,30.335,61.439,4804794,10.58913395199852,8,9.78,105.46970703125
lavik,hash,65536,1024,64,64,HGET,80,495023.99,0.159,0.295,0.351,3960735,9.283320594000543,8,7.169,509.254169921875
redis,hash,65536,1024,64,64,HGET,80,447320.81,0.175,0.335,0.431,3579891,8.28176073099894,8,6.494,460.179755859375
valkey,hash,65536,1024,64,64,HGET,80,560979.07,0.135,0.271,0.407,4488513,9.282613890998618,8,7.847,577.105224609375
lavik,hash,65536,1024,64,64,HGET,320,691516.57,0.447,0.943,1.415,5536783,9.333668041999772,8,9.087,711.395166015625
redis,hash,65536,1024,64,64,HGET,320,738399.64,0.415,0.959,1.439,5910071,9.336937992000458,8,9.902,759.625849609375
valkey,hash,65536,1024,64,64,HGET,320,807628.46,0.335,1.327,2.847,6465065,9.3852337419994,8,10.744,830.84478515625
lavik,hash,65536,1024,64,64,HGET,1280,688880.41,1.639,4.735,36.095,5527006,9.635535236997384,8,9.644,708.683173828125
redis,hash,65536,1024,64,64,HGET,1280,908043.29,1.167,4.639,11.263,7275804,9.587578335998842,8,12.842,934.145908203125
valkey,hash,65536,1024,64,64,HGET,1280,778394.31,1.543,4.191,11.839,6240026,9.586109014002432,8,10.627,800.77017578125
lavik,hash,65536,1024,64,64,HGET,2560,573079.6,3.311,19.455,102.399,4603804,9.93613737600026,8,8.893,589.553525390625
redis,hash,65536,1024,64,64,HGET,2560,955250.93,2.431,6.783,23.167,7667782,10.942657114999747,8,12.751,982.711142578125
valkey,hash,65536,1024,64,64,HGET,2560,756586.16,3.215,6.719,25.599,6073394,9.937349764000828,8,11.26,778.335322265625
lavik,hash,65536,1024,64,64,HGET,5120,528626.69,2.703,42.239,872.447,4269381,10.687658367998665,8,8.87,543.822666015625
redis,hash,65536,1024,64,64,HGET,5120,775018.51,5.919,19.967,64.255,6256323,10.641803249000077,8,12.848,797.29748046875
valkey,hash,65536,1024,64,64,HGET,5120,575083.77,8.511,32.127,73.727,4636671,10.588836988998082,8,9.406,591.6153125
lavik,hash,65536,1024,64,64,HGETALL,16,45033.0,0.303,1.815,2.015,360269,9.28230478200203,8,3.333,2882.2346484375
redis,hash,65536,1024,64,64,HGETALL,16,56244.85,0.279,0.503,0.615,449965,8.231715253001312,8,4.258,3599.823671875
valkey,hash,65536,1024,64,64,HGETALL,16,44970.89,0.335,1.119,1.871,359781,9.23060627599989,8,3.459,2878.259658203125
lavik,hash,65536,1024,64,64,HGETALL,80,44956.07,0.791,7.167,7.807,359825,9.282970271000522,8,4.25,2877.311103515625
redis,hash,65536,1024,64,64,HGETALL,80,68236.14,1.175,1.575,2.351,545940,9.284299409002415,8,5.638,4367.29845703125
valkey,hash,65536,1024,64,64,HGETALL,80,44859.81,1.375,5.087,5.439,358910,9.281626189000235,8,3.629,2871.1498046875
lavik,hash,65536,1024,64,64,HSET,80,6414.87,0.183,100.351,104.959,51709,9.281622862003132,8,0.098,6.623701171875
redis,hash,65536,1024,64,64,HSET,80,440109.67,0.175,0.343,0.439,3521865,9.28434039000058,8,6.554,454.44017578125
valkey,hash,65536,1024,64,64,HSET,80,504529.0,0.151,0.287,0.455,4037565,9.283830930002296,8,7.289,520.957099609375
lavik,hash,65536,1024,64,64,HSET,320,6636.06,1.415,395.263,405.503,54496,9.33081145899996,8,0.142,6.852138671875
redis,hash,65536,1024,64,64,HSET,320,714110.85,0.423,0.999,1.575,5719758,9.334899544002838,8,9.885,737.362958984375
valkey,hash,65536,1024,64,64,HSET,320,661991.86,0.455,1.031,2.207,5299744,9.385371325999586,8,8.64,683.54693359375
lavik,hash,65536,1024,64,64,HSET,1280,6830.75,86.527,1019.903,1073.151,57427,10.633258623001893,8,0.323,7.053134765625
redis,hash,65536,1024,64,64,HSET,1280,870782.07,1.231,4.671,10.431,6981254,9.588152937001723,8,12.867,899.13546875
valkey,hash,65536,1024,64,64,HSET,1280,707685.0,1.783,4.095,11.903,5671907,9.635885861000133,8,10.184,730.727822265625
lavik,hash,65536,1024,64,64,HSET,2560,6994.12,286.719,1548.287,1564.671,59632,10.983856435999769,8,0.569,7.221845703125
redis,hash,65536,1024,64,64,HSET,2560,854470.28,2.639,7.423,24.575,6878766,9.939715147000243,8,13.461,882.292666015625
valkey,hash,65536,1024,64,64,HSET,2560,695350.96,3.551,7.103,32.639,5579800,10.940403238000727,8,9.675,717.99234375
lavik,hash,65536,1024,64,64,HSET,5120,7417.49,643.071,2392.063,2490.367,65335,12.637168947003374,8,0.952,7.659013671875
redis,hash,65536,1024,64,64,HSET,5120,681444.17,7.199,25.343,67.071,5500019,10.641672173002007,8,12.117,703.632705078125
valkey,hash,65536,1024,64,64,HSET,5120,509761.17,9.471,38.399,69.631,4107158,11.591478771999391,8,7.957,526.359423828125
lavik,hash,1048576,128,8192,64,HGET,80,354796.13,0.223,0.415,0.535,2838550,9.382171034001658,8,5.171,61.48626953125
redis,hash,1048576,128,8192,64,HGET,80,460321.86,0.167,0.335,0.423,3683960,9.283785744999477,8,6.59,79.7741015625
valkey,hash,1048576,128,8192,64,HGET,80,546409.25,0.135,0.295,0.479,4371427,9.283282241998677,8,7.491,94.69306640625
lavik,hash,1048576,128,8192,64,HGET,320,502460.34,0.567,1.903,2.863,4025152,9.333501375000196,8,7.277,87.076552734375
redis,hash,1048576,128,8192,64,HGET,320,762983.37,0.391,0.991,1.687,6105663,9.334871171999112,8,10.19,132.225283203125
valkey,hash,1048576,128,8192,64,HGET,320,741258.32,0.391,1.079,2.447,5934245,9.334566759000154,8,9.502,128.460302734375
lavik,hash,1048576,128,8192,64,HGET,1280,383104.86,0.335,26.623,29.567,3073448,10.586082526002428,8,5.223,66.392294921875
redis,hash,1048576,128,8192,64,HGET,1280,933791.67,1.143,4.735,10.687,7484414,9.588021023999318,8,13.073,161.826494140625
valkey,hash,1048576,128,8192,64,HGET,1280,823170.08,1.351,4.415,11.967,6594888,9.585973632001696,8,11.316,142.6558203125
lavik,hash,1048576,128,8192,64,HGET,2560,338798.2,0.327,59.391,68.607,2730371,9.935358443999576,8,5.513,58.713818359375
redis,hash,1048576,128,8192,64,HGET,2560,1001626.32,2.415,6.367,22.655,8043445,9.938689301998238,8,14.878,173.5823828125
valkey,hash,1048576,128,8192,64,HGET,2560,837629.39,2.799,6.463,25.471,6725669,9.937814343000355,8,12.364,145.1616015625
lavik,hash,1048576,128,8192,64,HGET,5120,315854.0,0.367,126.975,137.215,2548547,10.636998853999103,8,5.792,54.737607421875
redis,hash,1048576,128,8192,64,HGET,5120,847886.31,5.343,17.279,54.015,6830868,10.593841490997875,8,13.855,146.9389453125
valkey,hash,1048576,128,8192,64,HGET,5120,669556.71,7.199,27.775,64.255,5395985,10.590101421003055,8,10.881,116.03443359375
lavik,hash,1048576,128,8192,64,HGETALL,16,878.75,22.143,30.591,37.375,7036,9.382792743999744,8,1.613,1036.68029296875
redis,hash,1048576,128,8192,64,HGETALL,16,1132.12,14.015,25.983,29.183,9065,9.23347698499856,8,1.955,1335.594814453125
valkey,hash,1048576,128,8192,64,HGETALL,16,392.52,41.215,46.335,71.679,3151,9.234570148000785,8,1.084,463.065888671875
lavik,hash,1048576,128,8192,64,HGETALL,80,1524.33,29.695,299.007,309.247,12244,9.283886668999912,8,2.852,1798.28841796875
redis,hash,1048576,128,8192,64,HGETALL,80,1136.61,69.119,134.143,158.719,9124,9.283556467999006,8,2.441,1340.894287109375
valkey,hash,1048576,128,8192,64,HGETALL,80,295.41,270.335,522.239,532.479,2406,9.28228126400063,8,0.871,348.4980859375
lavik,hash,1048576,128,8192,64,HSET,80,6470.51,0.223,99.839,103.935,52016,9.281995427998481,8,0.098,1.14603515625
redis,hash,1048576,128,8192,64,HSET,80,445582.2,0.175,0.343,0.439,3565338,9.28405532400211,8,6.392,78.9196484375
valkey,hash,1048576,128,8192,64,HSET,80,541152.43,0.143,0.279,0.423,4329884,9.283756919998268,8,7.526,95.8466796875
lavik,hash,1048576,128,8192,64,HSET,320,6445.59,0.263,403.455,411.647,52957,9.331092129999888,8,0.135,1.14162109375
redis,hash,1048576,128,8192,64,HSET,320,734709.07,0.415,0.991,1.591,5879671,9.334193663002225,8,9.896,130.127998046875
valkey,hash,1048576,128,8192,64,HSET,320,804307.55,0.327,1.543,3.247,6440697,9.333433919997333,8,10.529,142.454892578125
lavik,hash,1048576,128,8192,64,HSET,1280,6925.4,109.055,974.847,1040.383,58036,10.632796660000167,8,0.32,1.226611328125
redis,hash,1048576,128,8192,64,HSET,1280,919217.58,1.167,4.575,10.239,7375311,9.586784436000016,8,12.977,162.807451171875
valkey,hash,1048576,128,8192,64,HSET,1280,749935.4,1.679,4.015,11.455,6007212,9.63586243499958,8,10.42,132.82498046875
lavik,hash,1048576,128,8192,64,HSET,2560,7018.09,270.335,1392.639,1409.023,59513,10.934066634999908,8,0.572,1.24302734375
redis,hash,1048576,128,8192,64,HSET,2560,933592.23,2.447,6.911,23.935,7496852,9.937536620000174,8,13.937,165.35345703125
valkey,hash,1048576,128,8192,64,HSET,2560,720138.98,3.535,6.943,25.727,5780099,9.936269369998627,8,10.68,127.5475
lavik,hash,1048576,128,8192,64,HSET,5120,7412.18,614.399,2293.759,2359.295,65127,12.637204940001538,8,0.946,1.3128125
redis,hash,1048576,128,8192,64,HSET,5120,795373.94,5.727,18.431,72.191,6408020,10.590448644998105,8,13.142,140.87248046875
valkey,hash,1048576,128,8192,64,HSET,5120,624568.65,8.159,29.951,60.671,5034473,10.590135457998258,8,10.307,110.620341796875
lavik,hash,1048576,1024,1024,64,HGET,80,446938.18,0.167,0.351,0.431,3575926,9.283106323000538,8,6.488,459.78609375
redis,hash,1048576,1024,1024,64,HGET,80,450826.64,0.175,0.335,0.431,3607137,9.284165906999988,8,6.497,463.786337890625
valkey,hash,1048576,1024,1024,64,HGET,80,551454.54,0.135,0.279,0.423,4411981,9.28249490500093,8,7.798,567.30701171875
lavik,hash,1048576,1024,1024,64,HGET,320,645838.88,0.455,1.207,2.303,5168336,9.333969013001479,8,8.756,664.404306640625
redis,hash,1048576,1024,1024,64,HGET,320,715529.69,0.423,1.015,1.583,5728150,9.335124188000918,8,9.587,736.09845703125
valkey,hash,1048576,1024,1024,64,HGET,320,721804.49,0.407,1.055,2.719,5778888,9.334346570998605,8,9.303,742.5536328125
lavik,hash,1048576,1024,1024,64,HGET,1280,440742.51,0.255,23.807,29.439,3537789,9.58493926400115,8,6.734,453.412138671875
redis,hash,1048576,1024,1024,64,HGET,1280,941306.08,1.159,4.575,10.239,7540178,10.589482513998519,8,11.863,968.36486328125
valkey,hash,1048576,1024,1024,64,HGET,1280,796469.88,1.447,4.383,11.903,6380787,9.636671846001263,8,11.025,819.365380859375
lavik,hash,1048576,1024,1024,64,HGET,2560,391065.5,0.247,52.735,62.975,3148911,9.936541527997178,8,6.372,402.30708984375
redis,hash,1048576,1024,1024,64,HGET,2560,968661.55,2.415,6.431,22.911,7780275,9.939587503999064,8,14.548,996.507265625
valkey,hash,1048576,1024,1024,64,HGET,2560,931406.55,2.351,6.815,24.703,7477247,9.939384299002995,8,13.61,958.1812890625
lavik,hash,1048576,1024,1024,64,HGET,5120,365782.6,0.327,104.959,117.759,2949612,11.639135007000732,8,6.101,376.297412109375
redis,hash,1048576,1024,1024,64,HGET,5120,735263.02,6.463,21.375,69.631,5924720,10.640244006001012,8,12.245,756.3991796875
valkey,hash,1048576,1024,1024,64,HGET,5120,638105.3,8.159,29.439,61.951,5138549,11.641202861999773,8,9.245,656.4484765625
lavik,hash,1048576,1024,1024,64,HGETALL,16,1938.4,2.607,21.503,22.911,15510,9.283683072000713,8,1.774,1983.903896484375
redis,hash,1048576,1024,1024,64,HGETALL,16,3007.71,5.311,7.743,10.623,24063,9.23333767999793,8,2.859,3078.317255859375
valkey,hash,1048576,1024,1024,64,HGETALL,16,1159.32,13.823,21.887,27.007,9291,9.284215936997498,8,1.644,1186.533564453125
lavik,hash,1048576,1024,1024,64,HGETALL,80,2807.05,29.055,69.631,102.911,22485,9.286002004999318,8,4.701,2872.9455078125
redis,hash,1048576,1024,1024,64,HGETALL,80,2770.59,28.415,55.039,60.159,22325,9.283630893998634,8,3.072,2835.635205078125
valkey,hash,1048576,1024,1024,64,HGETALL,80,1234.77,64.767,110.591,258.047,9907,9.285239672997704,8,2.007,1263.761572265625
lavik,hash,1048576,1024,1024,64,HSET,80,6436.42,0.199,99.839,103.935,51593,9.281985122997867,8,0.099,6.645947265625
redis,hash,1048576,1024,1024,64,HSET,80,438748.8,0.175,0.343,0.439,3510108,9.284208998000395,8,6.5,453.03498046875
valkey,hash,1048576,1024,1024,64,HSET,80,532240.31,0.143,0.311,0.415,4258072,9.2836473929965,8,7.483,549.57068359375
lavik,hash,1048576,1024,1024,64,HSET,320,6592.71,1.047,401.407,407.551,54418,9.381036344002496,8,0.14,6.8073828125
redis,hash,1048576,1024,1024,64,HSET,320,711411.72,0.423,1.015,1.639,5693667,9.334928336000303,8,9.916,734.57591796875
valkey,hash,1048576,1024,1024,64,HSET,320,660458.84,0.463,0.991,1.695,5286370,9.335705345998576,8,8.666,681.963955078125
lavik,hash,1048576,1024,1024,64,HSET,1280,6801.92,70.655,1011.711,1089.535,57101,10.633327007999469,8,0.322,7.023369140625
redis,hash,1048576,1024,1024,64,HSET,1280,871496.66,1.239,4.703,11.199,6984067,9.588284692999878,8,12.705,899.87330078125
valkey,hash,1048576,1024,1024,64,HSET,1280,709722.47,1.767,4.159,12.031,5686811,9.637215395003295,8,10.249,732.831611328125
lavik,hash,1048576,1024,1024,64,HSET,2560,7077.81,276.479,1564.671,1589.247,60326,10.984023062999768,8,0.566,7.308271484375
redis,hash,1048576,1024,1024,64,HSET,2560,865984.18,2.623,7.231,24.191,6953814,9.93974980299754,8,13.642,894.18142578125
valkey,hash,1048576,1024,1024,64,HSET,2560,685060.59,3.583,7.231,27.647,5499476,9.937694457999896,8,10.708,707.36693359375
lavik,hash,1048576,1024,1024,64,HSET,5120,7316.75,630.783,2408.447,2523.135,64390,12.687773576999462,8,0.927,7.554990234375
redis,hash,1048576,1024,1024,64,HSET,5120,689744.7,7.167,24.191,69.631,5555030,11.64309283500188,8,10.861,712.20353515625
valkey,hash,1048576,1024,1024,64,HSET,5120,512104.04,9.727,34.559,65.535,4125376,10.588709648996883,8,8.021,528.778603515625
kvrocks,hash,104857600,128,819200,8,HGET,80,463392.92,0.167,0.351,0.743,3707604,9.244147115998203,8,6.727,79.546669921875
lavik,hash,104857600,128,819200,8,HGET,80,236411.89,0.327,0.687,0.847,1891589,9.281567293997796,8,3.32,40.58279296875
redis,hash,104857600,128,819200,8,HGET,80,460460.87,0.167,0.335,0.431,3684304,9.284114281996153,8,6.567,79.043349609375
valkey,hash,104857600,128,819200,8,HGET,80,561192.75,0.135,0.279,0.439,4490170,9.283419102001062,8,7.739,96.3351171875
kvrocks,hash,104857600,128,819200,8,HGET,320,663060.17,0.463,0.975,2.463,5306200,9.355797531010467,8,8.887,113.821826171875
lavik,hash,104857600,128,819200,8,HGET,320,241702.3,0.583,4.831,7.039,1936033,9.382501661995775,8,3.484,41.490947265625
redis,hash,104857600,128,819200,8,HGET,320,779364.82,0.375,1.007,1.719,6237771,9.334627618998638,8,10.467,133.7868359375
valkey,hash,104857600,128,819200,8,HGET,320,785361.12,0.351,1.199,2.735,6288304,9.334142573999998,8,10.274,134.816171875
kvrocks,hash,104857600,128,819200,8,HGET,1280,678874.65,1.831,3.231,12.735,5445908,9.59565170800488,8,9.56,116.536552734375
lavik,hash,104857600,128,819200,8,HGET,1280,190223.23,0.303,27.391,34.047,1527370,9.583425491997332,8,2.936,32.653984375
redis,hash,104857600,128,819200,8,HGET,1280,986262.05,1.135,4.511,10.175,7903262,9.589766839999356,8,13.931,169.30310546875
valkey,hash,104857600,128,819200,8,HGET,1280,878686.28,1.199,4.575,10.815,7039734,9.640625558000465,8,12.148,150.836494140625
kvrocks,hash,104857600,128,819200,8,HGET,2560,663459.43,3.743,6.175,29.439,5338320,9.950883700003033,8,9.967,113.890361328125
lavik,hash,104857600,128,819200,8,HGET,2560,189474.6,0.527,56.063,66.559,1526861,9.985175172005256,8,3.247,32.52546875
redis,hash,104857600,128,819200,8,HGET,2560,1033080.07,2.383,6.015,22.399,8294042,9.93986411500373,8,15.384,177.339951171875
valkey,hash,104857600,128,819200,8,HGET,2560,879489.71,2.495,6.623,24.319,7073413,9.93793949999963,8,12.898,150.9744140625
kvrocks,hash,104857600,128,819200,8,HGET,5120,582083.19,8.191,31.231,60.927,4693069,10.562980137998238,8,9.75,99.921201171875
lavik,hash,104857600,128,819200,8,HGET,5120,173951.72,2.703,125.439,140.287,1403324,11.638976645001094,8,3.239,29.860791015625
redis,hash,104857600,128,819200,8,HGET,5120,845575.02,5.279,17.919,57.599,6814851,10.595160049000697,8,13.787,145.152568359375
valkey,hash,104857600,128,819200,8,HGET,5120,696265.98,6.815,26.111,64.255,5615383,10.588787487002264,8,11.362,119.52197265625
kvrocks,hash,104857600,128,819200,8,HGETALL,1,1.78,577.535,598.015,598.015,15,9.487640113002271,8,0.46,209.427197265625
lavik,hash,104857600,128,819200,8,HGETALL,1,0.52,1941.503,1982.463,1982.463,5,10.537554978000117,8,0.108,61.738349609375
redis,hash,104857600,128,819200,8,HGETALL,1,2.74,360.447,409.599,409.599,22,9.4860380550017,8,0.462,323.19693359375
valkey,hash,104857600,128,819200,8,HGETALL,1,1.36,565.247,1458.175,1458.175,11,9.534961951001605,8,0.231,160.337275390625
kvrocks,hash,104857600,128,819200,8,HGETALL,4,7.1,552.959,753.663,753.663,58,9.235772984000505,8,1.448,837.540888671875
lavik,hash,104857600,128,819200,8,HGETALL,4,2.24,1966.079,2310.143,2310.143,18,10.287396677005745,8,0.367,264.2024609375
redis,hash,104857600,128,819200,8,HGETALL,4,4.55,839.679,1605.631,1605.631,38,9.231620612998086,8,1.109,536.275078125
valkey,hash,104857600,128,819200,8,HGETALL,4,2.28,1744.895,3014.655,3014.655,19,9.23491549899336,8,0.446,269.156962890625
kvrocks,hash,104857600,128,819200,8,HGETALL,16,14.17,929.791,2490.367,2867.199,121,9.249808877997566,8,2.802,1671.12013671875
lavik,hash,104857600,128,819200,8,HGETALL,16,7.16,2375.679,2752.511,2998.271,63,11.241953164993902,8,1.191,844.906455078125
redis,hash,104857600,128,819200,8,HGETALL,16,5.54,2703.359,5931.007,5931.007,46,9.23268126599578,8,1.23,653.7296875
valkey,hash,104857600,128,819200,8,HGETALL,16,2.43,8224.767,8323.071,8323.071,20,9.235215817003336,8,0.56,286.522666015625
kvrocks,hash,104857600,128,819200,8,HSET,80,264876.64,0.279,0.743,0.959,2119256,9.283919049004908,8,3.816,46.47951171875
lavik,hash,104857600,128,819200,8,HSET,80,2279.41,28.415,123.391,132.095,18274,9.282844494002347,8,0.046,0.39998046875
redis,hash,104857600,128,819200,8,HSET,80,453221.79,0.167,0.335,0.431,3626325,9.283814065995102,8,6.544,79.529580078125
valkey,hash,104857600,128,819200,8,HSET,80,551024.6,0.143,0.271,0.447,4409716,9.282870497998374,8,7.781,96.691630859375
kvrocks,hash,104857600,128,819200,8,HSET,320,318368.39,0.991,1.823,2.623,2548297,9.334745914995437,8,4.759,55.86603515625
lavik,hash,104857600,128,819200,8,HSET,320,2337.47,128.511,225.279,234.495,18853,9.333353968002484,8,0.095,0.410166015625
redis,hash,104857600,128,819200,8,HSET,320,746416.66,0.399,0.967,1.511,5976912,9.33461193399853,8,9.99,130.97826171875
valkey,hash,104857600,128,819200,8,HSET,320,727404.37,0.407,1.063,2.671,5823000,9.383769631000177,8,9.414,127.642060546875
kvrocks,hash,104857600,128,819200,8,HSET,1280,319846.76,3.855,6.751,18.175,2564167,9.585831062999205,8,5.057,56.12544921875
lavik,hash,104857600,128,819200,8,HSET,1280,2388.28,569.343,671.743,679.935,19830,9.634111459999986,8,0.317,0.41908203125
redis,hash,104857600,128,819200,8,HSET,1280,946351.65,1.151,4.575,9.983,7582688,9.587369870998373,8,13.431,166.0620703125
valkey,hash,104857600,128,819200,8,HSET,1280,775004.15,1.551,4.191,12.159,6211690,9.585065327999473,8,10.736,135.9946875
kvrocks,hash,104857600,128,819200,8,HSET,2560,307752.59,7.903,17.535,41.727,2471698,9.88962617899233,8,5.274,54.003212890625
lavik,hash,104857600,128,819200,8,HSET,2560,2454.2,1105.919,1220.607,1245.183,21142,10.987311358003353,8,0.538,0.430654296875
redis,hash,104857600,128,819200,8,HSET,2560,981444.27,2.431,6.591,23.039,7881077,9.938818397000432,8,14.7,172.219990234375
valkey,hash,104857600,128,819200,8,HSET,2560,765794.39,3.151,6.431,30.335,6160011,9.937533439006074,8,11.389,134.37859375
kvrocks,hash,104857600,128,819200,8,HSET,5120,288087.84,16.639,51.967,106.495,2335338,10.591294854995795,8,5.565,50.55251953125
lavik,hash,104857600,128,819200,8,HSET,5120,2647.84,2162.687,2392.063,2408.447,23653,12.540259043998958,8,0.602,0.46462890625
redis,hash,104857600,128,819200,8,HSET,5120,795392.44,5.631,18.559,56.063,6408974,10.644334470998729,8,13.126,139.57234375
valkey,hash,104857600,128,819200,8,HSET,5120,629272.22,7.807,29.695,62.207,5074438,10.588034423999488,8,10.449,110.422216796875
kvrocks,hash,104857600,1024,102400,8,HGET,80,427181.93,0.175,0.375,0.527,3418432,9.288231828002608,8,6.261,438.76166015625
lavik,hash,104857600,1024,102400,8,HGET,80,321422.29,0.239,0.447,0.543,2571891,9.282166762997804,8,4.768,330.135166015625
redis,hash,104857600,1024,102400,8,HGET,80,455031.5,0.167,0.335,0.431,3641532,9.284419249001076,8,6.566,467.366142578125
valkey,hash,104857600,1024,102400,8,HGET,80,518120.83,0.143,0.303,0.463,4145849,9.283531665998453,8,7.093,532.165654296875
kvrocks,hash,104857600,1024,102400,8,HGET,320,644256.94,0.471,1.071,2.527,5157577,9.34771253800136,8,8.487,661.720966796875
lavik,hash,104857600,1024,102400,8,HGET,320,362085.21,0.623,2.815,3.359,2899763,9.333208080999611,8,5.388,371.900341796875
redis,hash,104857600,1024,102400,8,HGET,320,744776.92,0.399,0.999,1.631,5960901,9.335391681997862,8,10.046,764.96576171875
valkey,hash,104857600,1024,102400,8,HGET,320,736449.32,0.399,1.087,2.639,5894287,9.334210203000112,8,9.585,756.412421875
kvrocks,hash,104857600,1024,102400,8,HGET,1280,662020.67,1.871,3.231,12.159,5304808,9.596300025004894,8,9.393,679.966220703125
lavik,hash,104857600,1024,102400,8,HGET,1280,272914.09,0.303,18.943,27.647,2191281,9.584612496000773,8,4.297,280.312041015625
redis,hash,104857600,1024,102400,8,HGET,1280,937048.5,1.151,4.671,10.623,7508936,9.587968004001596,8,13.232,962.449296875
valkey,hash,104857600,1024,102400,8,HGET,1280,840533.67,1.287,4.383,10.495,6739478,9.638039443998423,8,11.698,863.31822265625
kvrocks,hash,104857600,1024,102400,8,HGET,2560,635766.7,3.919,6.815,27.775,5106707,9.946930282996618,8,9.72,653.000576171875
lavik,hash,104857600,1024,102400,8,HGET,2560,242143.68,0.319,44.287,60.927,1950047,9.98490369800129,8,4.128,248.707529296875
redis,hash,104857600,1024,102400,8,HGET,2560,987501.84,2.415,6.527,23.679,7929545,9.943555867001123,8,14.859,1014.27029296875
valkey,hash,104857600,1024,102400,8,HGET,2560,932914.42,2.367,6.719,23.423,7490173,9.93910055699962,8,13.676,958.203154296875
kvrocks,hash,104857600,1024,102400,8,HGET,5120,548652.25,8.703,32.767,72.703,4421989,11.620300993003184,8,8.373,563.524697265625
lavik,hash,104857600,1024,102400,8,HGET,5120,221736.09,15.295,99.839,154.623,1789012,10.636509005002154,8,4.546,227.74673828125
redis,hash,104857600,1024,102400,8,HGET,5120,804920.53,5.599,18.303,56.831,6488367,10.642279776999203,8,13.351,826.73970703125
valkey,hash,104857600,1024,102400,8,HGET,5120,689694.79,7.327,26.623,59.903,5565430,11.649662784999236,8,10.042,708.3905078125
kvrocks,hash,104857600,1024,102400,8,HGETALL,1,3.07,329.727,399.359,399.359,25,9.235942886007251,8,0.292,314.2062890625
lavik,hash,104857600,1024,102400,8,HGETALL,1,0.55,1884.159,1933.311,1933.311,5,10.337443230004283,8,0.069,55.895263671875
redis,hash,104857600,1024,102400,8,HGETALL,1,5.79,160.767,227.327,227.327,47,9.236279206998006,8,0.557,592.582646484375
valkey,hash,104857600,1024,102400,8,HGETALL,1,5.31,187.391,208.895,208.895,43,9.234480636005173,8,0.451,543.175498046875
kvrocks,hash,104857600,1024,102400,8,HGETALL,4,10.31,376.831,495.615,501.759,85,9.238204904002487,8,1.043,1055.592607421875
lavik,hash,104857600,1024,102400,8,HGETALL,4,2.23,1785.855,1908.735,1908.735,20,10.23715743199864,8,0.23,228.299755859375
redis,hash,104857600,1024,102400,8,HGETALL,4,16.42,212.991,606.207,806.911,137,9.235301818000153,8,1.578,1680.667431640625
valkey,hash,104857600,1024,102400,8,HGETALL,4,7.95,499.711,729.087,888.831,66,9.285471645001962,8,0.696,813.822099609375
kvrocks,hash,104857600,1024,102400,8,HGETALL,16,17.87,774.143,2277.375,2752.511,147,9.240529695001896,8,2.027,1829.085458984375
lavik,hash,104857600,1024,102400,8,HGETALL,16,7.37,2015.231,2408.447,2818.047,70,10.437686680998013,8,0.744,754.728388671875
redis,hash,104857600,1024,102400,8,HGETALL,16,17.53,815.103,1818.623,2088.959,146,9.234816869000497,8,1.907,1793.7303125
valkey,hash,104857600,1024,102400,8,HGETALL,16,8.92,1818.623,3375.103,3489.791,72,9.23447822900198,8,1.113,913.262421875
kvrocks,hash,104857600,1024,102400,8,HSET,80,252977.99,0.287,0.783,1.031,2023998,9.286386462990777,8,3.755,260.80056640625
lavik,hash,104857600,1024,102400,8,HSET,80,2288.35,28.799,114.175,124.927,18364,9.283531086999574,8,0.047,2.359111328125
redis,hash,104857600,1024,102400,8,HSET,80,443293.64,0.175,0.343,0.447,3547151,9.284335913995164,8,6.591,457.0011328125
valkey,hash,104857600,1024,102400,8,HSET,80,524348.63,0.143,0.279,0.455,4194972,9.283495915995445,8,7.46,540.5625
kvrocks,hash,104857600,1024,102400,8,HSET,320,301999.64,1.047,1.895,2.847,2418164,9.336544981997577,8,4.622,311.338056640625
lavik,hash,104857600,1024,102400,8,HSET,320,2331.05,125.439,294.911,307.199,18886,9.33338560500124,8,0.094,2.403134765625
redis,hash,104857600,1024,102400,8,HSET,320,729737.2,0.415,1.007,1.727,5843556,9.335605274995032,8,10.113,752.30208984375
valkey,hash,104857600,1024,102400,8,HSET,320,696587.34,0.423,1.143,2.879,5576057,9.33763825299684,8,9.196,718.127177734375
kvrocks,hash,104857600,1024,102400,8,HSET,1280,319227.67,4.015,6.751,20.351,2558477,10.589930811998784,8,4.497,329.09880859375
lavik,hash,104857600,1024,102400,8,HSET,1280,2400.31,561.151,630.783,643.071,19851,9.634228716997313,8,0.319,2.47453125
redis,hash,104857600,1024,102400,8,HSET,1280,885208.74,1.207,4.735,10.175,7092419,9.588754879994667,8,12.985,912.581103515625
valkey,hash,104857600,1024,102400,8,HSET,1280,728763.94,1.695,4.159,11.327,5839823,9.637827262995415,8,10.524,751.29873046875
kvrocks,hash,104857600,1024,102400,8,HSET,2560,277855.68,8.703,20.351,40.191,2233836,9.940805815000203,8,4.96,286.447509765625
lavik,hash,104857600,1024,102400,8,HSET,2560,2415.72,1105.919,1286.143,1294.335,20881,10.98750813100196,8,0.536,2.490419921875
redis,hash,104857600,1024,102400,8,HSET,2560,934876.37,2.543,6.943,23.167,7499165,10.941639347998716,8,13.03,963.78455078125
valkey,hash,104857600,1024,102400,8,HSET,2560,714952.78,3.487,7.039,25.855,5743679,9.98997399500513,8,11.311,737.0605078125
kvrocks,hash,104857600,1024,102400,8,HSET,5120,276539.85,17.279,52.479,102.399,2235226,10.642880340994452,8,5.599,285.09099609375
lavik,hash,104857600,1024,102400,8,HSET,5120,2652.43,2211.839,2277.375,2293.759,23715,12.58947896900645,8,0.611,2.734453125
redis,hash,104857600,1024,102400,8,HSET,5120,713248.96,6.655,22.911,57.855,5746848,10.642013258999214,8,12.669,735.303994140625
valkey,hash,104857600,1024,102400,8,HSET,5120,628060.51,7.455,30.207,73.727,5063486,10.640035286000057,8,11.029,647.481357421875
lavik,list,65536,128,512,64,LINDEX,80,501080.83,0.151,0.295,0.359,4009976,9.283466849999968,8,7.221,84.74701171875
redis,list,65536,128,512,64,LINDEX,80,444699.57,0.175,0.343,0.439,3557927,9.283612853003433,8,6.393,75.21126953125
valkey,list,65536,128,512,64,LINDEX,80,557777.59,0.135,0.271,0.407,4462663,9.283573715001694,8,7.796,94.335986328125
lavik,list,65536,128,512,64,LINDEX,320,684683.11,0.455,0.943,1.375,5478724,9.333280535000085,8,8.809,115.799111328125
redis,list,65536,128,512,64,LINDEX,320,719925.62,0.423,0.975,1.495,5762636,9.334327901000506,8,9.599,121.759560546875
valkey,list,65536,128,512,64,LINDEX,320,697467.67,0.431,1.023,2.671,5581409,9.333690966999711,8,8.953,117.961318359375
lavik,list,65536,128,512,64,LINDEX,1280,688572.43,1.583,5.119,48.383,5518508,9.635025090999989,8,9.533,116.45681640625
redis,list,65536,128,512,64,LINDEX,1280,874089.21,1.207,4.607,11.071,7003173,9.587277269998594,8,12.204,147.83296875
valkey,list,65536,128,512,64,LINDEX,1280,865440.96,1.207,4.447,11.199,6942660,9.637101794996852,8,11.924,146.370283203125
lavik,list,65536,128,512,64,LINDEX,2560,598539.27,3.087,13.759,221.183,4822650,10.987730756001838,8,7.751,101.22931640625
redis,list,65536,128,512,64,LINDEX,2560,917998.65,2.463,6.623,24.959,7370199,9.938246611000068,8,13.616,155.259130859375
valkey,list,65536,128,512,64,LINDEX,2560,690796.72,3.535,6.047,33.535,5545991,9.936517064001237,8,10.018,116.8326953125
lavik,list,65536,128,512,64,LINDEX,5120,543309.89,2.623,43.007,897.023,4381496,10.687613297999633,8,9.001,91.888046875
redis,list,65536,128,512,64,LINDEX,5120,773476.22,6.175,18.431,57.855,6232543,11.5923708909977,8,11.329,130.815712890625
valkey,list,65536,128,512,64,LINDEX,5120,551251.7,8.959,32.383,59.903,4443764,11.541101758997684,8,8.1,93.23140625
lavik,list,65536,128,512,64,LRANGE,16,17379.82,0.855,3.311,4.575,139048,9.281224222002493,8,1.531,1155.019189453125
redis,list,65536,128,512,64,LRANGE,16,37025.44,0.431,0.567,0.831,296212,9.232630583999708,8,3.415,2460.61716796875
valkey,list,65536,128,512,64,LRANGE,16,25522.02,0.615,0.943,1.207,204183,8.278477775998908,8,2.387,1696.129130859375
lavik,list,65536,128,512,64,LRANGE,80,22372.64,1.279,24.959,33.279,179114,9.281380656997499,8,2.041,1486.82896484375
redis,list,65536,128,512,64,LRANGE,80,39240.09,2.023,2.447,4.047,313979,9.282788485998026,8,3.931,2607.797265625
valkey,list,65536,128,512,64,LRANGE,80,31139.92,2.559,2.959,3.903,249167,9.280544399000064,8,2.997,2069.480859375
lavik,list,65536,128,512,64,LSET,80,6411.33,0.191,98.815,103.423,51488,9.282679156000086,8,0.097,1.10267578125
redis,list,65536,128,512,64,LSET,80,436001.62,0.175,0.359,0.455,3488466,9.283661802997813,8,6.282,74.987802734375
valkey,list,65536,128,512,64,LSET,80,529158.15,0.143,0.311,0.527,4234414,9.282890271002543,8,7.432,91.009775390625
lavik,list,65536,128,512,64,LSET,320,6491.44,0.255,401.407,409.599,52854,9.330632520999643,8,0.135,1.116416015625
redis,list,65536,128,512,64,LSET,320,703419.96,0.439,0.975,1.399,5629579,9.334060211000178,8,9.552,120.9804296875
valkey,list,65536,128,512,64,LSET,320,769024.82,0.367,1.183,2.671,6156339,9.383707353001228,8,10.062,132.26369140625
lavik,list,65536,128,512,64,LSET,1280,6931.95,82.431,1023.999,1064.959,58056,10.632767707000312,8,0.32,1.1920703125
redis,list,65536,128,512,64,LSET,1280,830899.21,1.303,4.575,11.583,6659589,9.585310547001427,8,11.732,142.905546875
valkey,list,65536,128,512,64,LSET,1280,801850.3,1.439,4.351,11.199,6425115,9.585776472998987,8,11.143,137.90947265625
lavik,list,65536,128,512,64,LSET,2560,7083.95,274.431,1409.023,1449.983,60358,10.933612160002667,8,0.579,1.218037109375
redis,list,65536,128,512,64,LSET,2560,879566.39,2.575,6.687,25.343,7068177,9.937994012001582,8,13.152,151.2756640625
valkey,list,65536,128,512,64,LSET,2560,673747.48,3.647,6.079,25.471,5409311,9.936619856998732,8,9.945,115.87693359375
lavik,list,65536,128,512,64,LSET,5120,7424.43,606.207,2211.839,2293.759,65274,12.636776032002672,8,0.946,1.27619140625
redis,list,65536,128,512,64,LSET,5120,736198.95,6.495,22.271,71.167,5946248,10.59118050500183,8,12.316,126.617265625
valkey,list,65536,128,512,64,LSET,5120,543387.57,9.279,33.279,72.703,4380495,10.588703957997495,8,8.996,93.45583984375
lavik,list,65536,1024,64,64,LINDEX,80,515136.31,0.151,0.287,0.343,4121347,9.283963655998377,8,7.397,527.365478515625
redis,list,65536,1024,64,64,LINDEX,80,436549.75,0.175,0.351,0.447,3492756,9.283961152999836,8,6.306,446.913349609375
valkey,list,65536,1024,64,64,LINDEX,80,522442.94,0.151,0.279,0.447,4180859,9.283216875999642,8,7.354,534.845517578125
lavik,list,65536,1024,64,64,LINDEX,320,734592.03,0.423,0.951,1.599,5882743,9.334972602999187,8,9.785,752.030751953125
redis,list,65536,1024,64,64,LINDEX,320,732127.69,0.415,0.983,1.519,5860114,9.33540612300203,8,9.937,749.50796875
valkey,list,65536,1024,64,64,LINDEX,320,667329.59,0.455,0.975,1.943,5341932,9.33366902799753,8,8.6,683.17162109375
lavik,list,65536,1024,64,64,LINDEX,1280,741734.15,1.591,4.511,18.175,5943831,9.635671232001187,8,10.444,759.3423046875
redis,list,65536,1024,64,64,LINDEX,1280,904292.75,1.175,4.607,10.623,7250773,9.587640531000943,8,12.787,925.75984375
valkey,list,65536,1024,64,64,LINDEX,1280,907706.78,1.159,4.639,10.559,7269102,9.636552975000086,8,12.61,929.254970703125
lavik,list,65536,1024,64,64,LINDEX,2560,603812.03,3.263,15.615,216.063,4859821,10.988177112001722,8,8.238,618.146279296875
redis,list,65536,1024,64,64,LINDEX,2560,927005.89,2.479,6.847,23.295,7437308,10.942069047996483,8,12.251,949.012548828125
valkey,list,65536,1024,64,64,LINDEX,2560,727980.07,3.567,6.591,26.879,5842744,10.989195435999136,8,9.649,745.26185546875
lavik,list,65536,1024,64,64,LINDEX,5120,560442.96,3.151,42.239,835.583,4519996,10.687891989997297,8,9.315,573.74703125
redis,list,65536,1024,64,64,LINDEX,5120,754197.05,6.303,19.967,60.415,6079961,10.592216603999987,8,12.481,772.100927734375
valkey,list,65536,1024,64,64,LINDEX,5120,522150.62,9.535,39.935,73.727,4208003,11.591566659997625,8,7.61,534.5456640625
lavik,list,65536,1024,64,64,LRANGE,16,45632.53,0.295,2.015,2.207,365067,8.280140339000354,8,3.349,2879.394150390625
redis,list,65536,1024,64,64,LRANGE,16,45610.54,0.255,3.231,3.535,364931,9.233440459000121,8,3.347,2878.006328125
valkey,list,65536,1024,64,64,LRANGE,16,45653.37,0.279,3.199,3.599,365232,9.230036508997728,8,3.334,2880.709228515625
lavik,list,65536,1024,64,64,LRANGE,80,45666.68,0.719,7.295,7.743,365403,9.282718214999477,8,4.131,2881.548984375
redis,list,65536,1024,64,64,LRANGE,80,45655.95,1.055,6.207,6.591,365342,9.284433040000295,8,3.867,2880.87205078125
valkey,list,65536,1024,64,64,LRANGE,80,45630.26,1.335,6.335,6.751,365115,9.281414244000189,8,3.58,2879.2508203125
lavik,list,65536,1024,64,64,LSET,80,6560.86,0.207,99.327,105.471,52884,9.280830802999844,8,0.101,6.73533203125
redis,list,65536,1024,64,64,LSET,80,435854.68,0.175,0.351,0.447,3488298,9.28418720099944,8,6.442,447.44869140625
valkey,list,65536,1024,64,64,LSET,80,517504.2,0.143,0.319,0.551,4140680,9.284044025000185,8,7.398,531.270185546875
lavik,list,65536,1024,64,64,LSET,320,6544.98,1.247,405.503,417.791,53603,9.332636679999268,8,0.138,6.7190625
redis,list,65536,1024,64,64,LSET,320,705630.22,0.431,1.031,1.607,5649447,9.335007141999085,8,9.759,724.400263671875
valkey,list,65536,1024,64,64,LSET,320,637624.47,0.479,0.999,1.623,5105162,9.334749480000028,8,8.346,654.585595703125
lavik,list,65536,1024,64,64,LSET,1280,6861.52,88.063,991.231,1056.767,57659,10.633602912999777,8,0.323,7.04390625
redis,list,65536,1024,64,64,LSET,1280,864027.81,1.231,4.767,10.751,6925462,9.587059929999668,8,12.734,887.011123046875
valkey,list,65536,1024,64,64,LSET,1280,699732.8,1.783,4.223,12.799,5607546,9.636517292998178,8,10.025,718.345869140625
lavik,list,65536,1024,64,64,LSET,2560,7064.96,274.431,1589.247,1613.823,60500,10.983578899998975,8,0.559,7.2526953125
redis,list,65536,1024,64,64,LSET,2560,882532.45,2.591,7.391,23.679,7084471,9.93932907099952,8,13.879,906.007998046875
valkey,list,65536,1024,64,64,LSET,2560,678125.67,3.599,6.783,28.031,5446801,9.937992479000968,8,10.629,696.1640234375
lavik,list,65536,1024,64,64,LSET,5120,7411.57,643.071,2392.063,2523.135,65127,12.687329543998203,8,0.945,7.608251953125
redis,list,65536,1024,64,64,LSET,5120,670779.71,7.263,25.983,76.287,5408254,10.641333143001248,8,11.939,688.622431640625
valkey,list,65536,1024,64,64,LSET,5120,567354.69,8.447,32.511,71.679,4577665,11.641358821998438,8,8.605,582.44609375
lavik,list,1048576,128,8192,64,LINDEX,80,138566.03,0.127,4.159,4.511,1108710,9.380821590999403,8,1.826,23.567509765625
redis,list,1048576,128,8192,64,LINDEX,80,428609.49,0.183,0.351,0.455,3430094,9.283413889999792,8,6.207,72.898759765625
valkey,list,1048576,128,8192,64,LINDEX,80,508993.42,0.151,0.311,0.543,4072324,9.282428790000267,8,7.068,86.57060546875
lavik,list,1048576,128,8192,64,LINDEX,320,136379.65,0.127,18.815,19.455,1092289,9.331091037001897,8,1.839,23.195576171875
redis,list,1048576,128,8192,64,LINDEX,320,639308.61,0.479,1.023,1.439,5115860,9.333961953001563,8,8.833,108.73470703125
valkey,list,1048576,128,8192,64,LINDEX,320,682134.73,0.447,0.967,1.983,5463994,9.3833986239988,8,8.728,116.018583984375
lavik,list,1048576,128,8192,64,LINDEX,1280,131426.06,0.127,79.359,80.895,1056397,9.582053852001991,8,1.937,22.353076171875
redis,list,1048576,128,8192,64,LINDEX,1280,740859.06,1.663,4.255,11.199,5945391,9.585895093001454,8,10.373,126.00646484375
valkey,list,1048576,128,8192,64,LINDEX,1280,582331.9,2.143,2.847,13.759,4665366,9.58378839299985,8,8.154,99.0438671875
lavik,list,1048576,128,8192,64,LINDEX,2560,135091.43,0.135,154.623,155.647,1090222,9.982798393000849,8,2.206,22.976171875
redis,list,1048576,128,8192,64,LINDEX,2560,753040.77,3.311,6.975,25.343,6045153,9.937407486002485,8,11.242,128.07818359375
valkey,list,1048576,128,8192,64,LINDEX,2560,649527.3,4.095,7.231,32.255,5215195,9.937183079000533,8,9.551,110.4722265625
lavik,list,1048576,128,8192,64,LINDEX,5120,135428.31,0.135,309.247,313.343,1103765,10.634399433001818,8,2.588,23.03306640625
redis,list,1048576,128,8192,64,LINDEX,5120,678846.19,7.327,25.343,64.767,5473640,11.592050194001786,8,9.983,115.458486328125
valkey,list,1048576,128,8192,64,LINDEX,5120,532586.58,9.535,33.535,66.559,4293696,11.590363319999597,8,7.778,90.58240234375
lavik,list,1048576,128,8192,64,LRANGE,16,892.94,3.599,144.383,156.671,7178,9.384439148998354,8,1.131,948.794287109375
redis,list,1048576,128,8192,64,LRANGE,16,2238.32,7.103,12.863,15.615,17908,9.233030538998719,8,2.757,2378.32744140625
valkey,list,1048576,128,8192,64,LRANGE,16,1119.96,14.271,20.863,23.935,8960,9.234555236998858,8,1.95,1190.015009765625
lavik,list,1048576,128,8192,64,LRANGE,80,949.35,4.383,815.103,843.775,8038,9.284056731998135,8,1.229,1008.72912109375
redis,list,1048576,128,8192,64,LRANGE,80,2321.92,33.791,66.559,73.727,18604,9.233364249997976,8,3.576,2467.16228515625
valkey,list,1048576,128,8192,64,LRANGE,80,937.8,86.527,122.879,160.767,7569,9.284319627000514,8,2.0,996.457900390625
lavik,list,1048576,128,8192,64,LSET,80,6319.01,0.343,99.327,103.423,50902,9.280245919999288,8,0.097,1.092822265625
redis,list,1048576,128,8192,64,LSET,80,426553.78,0.183,0.359,0.455,3412899,9.283424123997975,8,6.176,73.769716796875
valkey,list,1048576,128,8192,64,LSET,80,483038.65,0.159,0.327,0.543,3865085,9.282516523002414,8,6.964,83.538388671875
lavik,list,1048576,128,8192,64,LSET,320,6382.82,0.447,405.503,481.279,52302,9.330818117003219,8,0.134,1.103818359375
redis,list,1048576,128,8192,64,LSET,320,626764.25,0.495,1.047,1.407,5017308,9.333989743001439,8,8.745,108.394228515625
valkey,list,1048576,128,8192,64,LSET,320,582006.77,0.551,0.991,2.175,4660077,9.33276819800085,8,7.978,100.653828125
lavik,list,1048576,128,8192,64,LSET,1280,6904.76,103.423,1032.191,1056.767,57716,10.782988882001519,8,0.313,1.193955078125
redis,list,1048576,128,8192,64,LSET,1280,716274.32,1.759,4.127,11.327,5748726,9.584693009997864,8,10.141,123.87443359375
valkey,list,1048576,128,8192,64,LSET,1280,561605.31,1.695,5.439,15.359,4500883,9.633911182001611,8,7.885,97.125439453125
lavik,list,1048576,128,8192,64,LSET,2560,7082.27,266.239,1392.639,1425.407,60178,10.983560438002314,8,0.563,1.224462890625
redis,list,1048576,128,8192,64,LSET,2560,706528.63,3.599,6.879,27.263,5673403,9.936906529997941,8,10.697,122.188662109375
valkey,list,1048576,128,8192,64,LSET,2560,569192.83,4.383,6.559,33.023,4576735,9.885553472002357,8,8.418,98.437373046875
lavik,list,1048576,128,8192,64,LSET,5120,7387.2,614.399,2260.991,2326.527,64961,12.637053620997904,8,0.907,1.276767578125
redis,list,1048576,128,8192,64,LSET,5120,603848.79,8.255,29.951,77.311,4864758,10.588789484001609,8,10.226,104.4302734375
valkey,list,1048576,128,8192,64,LSET,5120,472769.39,10.559,38.143,83.455,3815934,10.588320063001447,8,7.936,81.76111328125
lavik,list,1048576,1024,1024,64,LINDEX,80,483985.77,0.159,0.311,0.399,3872147,8.280982491000032,8,7.062,495.994697265625
redis,list,1048576,1024,1024,64,LINDEX,80,424741.68,0.183,0.351,0.455,3398630,9.28377011900011,8,6.194,435.28064453125
valkey,list,1048576,1024,1024,64,LINDEX,80,518893.25,0.151,0.279,0.415,4152038,9.283187408997037,8,7.332,531.768330078125
lavik,list,1048576,1024,1024,64,LINDEX,320,677412.71,0.447,1.007,1.463,5423671,9.334202532001655,8,8.923,694.2209375
redis,list,1048576,1024,1024,64,LINDEX,320,663794.82,0.463,0.999,1.463,5314733,9.334693076001713,8,9.089,680.265107421875
valkey,list,1048576,1024,1024,64,LINDEX,320,619586.45,0.519,0.927,1.807,4960582,9.483640302001731,8,8.283,634.959833984375
lavik,list,1048576,1024,1024,64,LINDEX,1280,510942.1,0.319,19.711,29.055,4097516,9.635297009001079,8,7.671,523.6194921875
redis,list,1048576,1024,1024,64,LINDEX,1280,795570.82,1.431,4.447,11.647,6375664,9.58693870800198,8,11.297,815.31056640625
valkey,list,1048576,1024,1024,64,LINDEX,1280,669135.12,1.991,3.903,13.503,5362661,9.636136080000142,8,9.319,685.737822265625
lavik,list,1048576,1024,1024,64,LINDEX,2560,459594.57,0.295,45.311,58.367,3693586,9.985865122998803,8,7.349,470.997880859375
redis,list,1048576,1024,1024,64,LINDEX,2560,766257.63,3.183,7.071,27.903,6153238,9.938223441000446,8,11.537,785.270048828125
valkey,list,1048576,1024,1024,64,LINDEX,2560,603799.33,3.647,9.087,32.511,4846783,10.989175617,8,7.922,618.780751953125
lavik,list,1048576,1024,1024,64,LINDEX,5120,425008.03,0.375,94.719,133.119,3428850,10.63732905500001,8,7.514,435.552626953125
redis,list,1048576,1024,1024,64,LINDEX,5120,644912.23,7.615,27.519,74.751,5201566,10.640375976996438,8,10.786,660.913232421875
valkey,list,1048576,1024,1024,64,LINDEX,5120,498708.08,10.495,36.607,83.455,4019259,11.591737638998893,8,7.462,511.08134765625
lavik,list,1048576,1024,1024,64,LRANGE,16,1128.04,11.775,58.367,76.799,9030,9.284215270999994,8,0.959,1138.017138671875
redis,list,1048576,1024,1024,64,LRANGE,16,2851.82,6.399,10.815,12.223,22824,9.23367751400292,8,3.244,2877.03333984375
valkey,list,1048576,1024,1024,64,LRANGE,16,1315.48,12.351,17.535,23.295,10534,9.284350601999904,8,1.442,1327.109873046875
lavik,list,1048576,1024,1024,64,LRANGE,80,1380.01,24.447,282.623,317.439,11148,9.283258535997447,8,1.248,1392.211572265625
redis,list,1048576,1024,1024,64,LRANGE,80,2848.85,23.935,69.119,234.495,22833,9.287659426001483,8,4.661,2874.03916015625
valkey,list,1048576,1024,1024,64,LRANGE,80,1072.61,75.775,141.311,204.799,8654,9.284389498003293,8,1.707,1082.093359375
lavik,list,1048576,1024,1024,64,LSET,80,6574.56,0.247,98.303,102.911,52725,9.280731833001482,8,0.101,6.756435546875
redis,list,1048576,1024,1024,64,LSET,80,430356.82,0.183,0.351,0.447,3443204,9.284357194999757,8,6.411,442.266298828125
valkey,list,1048576,1024,1024,64,LSET,80,466390.95,0.159,0.343,0.599,3731358,9.283268718001636,8,6.834,479.2976171875
lavik,list,1048576,1024,1024,64,LSET,320,6589.19,1.031,403.455,409.599,54001,9.380590224998741,8,0.139,6.771494140625
redis,list,1048576,1024,1024,64,LSET,320,652320.44,0.471,1.015,1.463,5222574,9.33473465499992,8,9.253,670.372255859375
valkey,list,1048576,1024,1024,64,LSET,320,592434.7,0.535,0.927,1.399,4743159,9.33468706200074,8,8.13,608.829345703125
lavik,list,1048576,1024,1024,64,LSET,1280,6760.99,99.327,1007.615,1056.767,57155,10.632983138999407,8,0.315,6.94787109375
redis,list,1048576,1024,1024,64,LSET,1280,763757.02,1.511,4.511,11.455,6121705,9.587693505000061,8,11.325,784.892431640625
valkey,list,1048576,1024,1024,64,LSET,1280,618867.41,2.015,3.151,11.903,4959315,9.585395188001712,8,8.996,635.993408203125
lavik,list,1048576,1024,1024,64,LSET,2560,6892.16,309.247,1556.479,1572.863,58634,10.983444430999953,8,0.546,7.082509765625
redis,list,1048576,1024,1024,64,LSET,2560,704083.52,3.535,7.327,28.543,5652957,9.93777620399851,8,11.191,723.5676171875
valkey,list,1048576,1024,1024,64,LSET,2560,644502.99,3.391,9.919,29.695,5174951,10.93946891199812,8,8.825,662.33826171875
lavik,list,1048576,1024,1024,64,LSET,5120,7357.32,634.879,2375.679,2473.983,64829,12.636893384998984,8,0.915,7.560146484375
redis,list,1048576,1024,1024,64,LSET,5120,584317.76,8.383,31.743,81.407,4711828,10.640583770000376,8,10.377,600.487060546875
valkey,list,1048576,1024,1024,64,LSET,5120,484386.81,10.879,42.495,85.503,3903528,11.641557992999878,8,7.557,497.7905859375
kvrocks,list,104857600,128,819200,8,LINDEX,80,441592.18,0.167,0.375,0.615,3533217,9.292648440008634,8,6.468,75.119951171875
lavik,list,104857600,128,819200,8,LINDEX,80,64484.82,0.535,4.575,4.927,516158,9.280596723001509,8,0.863,10.969599609375
redis,list,104857600,128,819200,8,LINDEX,80,80607.02,0.975,1.519,2.143,645121,9.281044366005517,8,1.049,13.712177734375
valkey,list,104857600,128,819200,8,LINDEX,80,88247.17,0.903,1.247,1.471,706056,9.280740884998522,8,1.142,15.01185546875
kvrocks,list,104857600,128,819200,8,LINDEX,320,668089.07,0.463,0.959,2.735,5347574,9.349091945987311,8,8.585,113.649658203125
lavik,list,104857600,128,819200,8,LINDEX,320,63592.95,0.503,20.223,24.575,509362,9.330773244000738,8,0.905,10.817822265625
redis,list,104857600,128,819200,8,LINDEX,320,83080.31,3.855,6.591,9.535,665541,9.330845322998357,8,1.194,14.1328515625
valkey,list,104857600,128,819200,8,LINDEX,320,86866.98,3.695,6.303,9.087,695867,9.33048919599969,8,1.17,14.7769921875
kvrocks,list,104857600,128,819200,8,LINDEX,1280,684900.27,1.823,3.871,11.327,5486808,9.596285740000894,8,9.573,116.50919921875
lavik,list,104857600,128,819200,8,LINDEX,1280,57927.94,0.359,92.671,93.695,465937,9.6315193440023,8,0.985,9.853896484375
redis,list,104857600,128,819200,8,LINDEX,1280,84681.46,15.167,27.263,41.471,678723,9.582059276996006,8,1.36,14.404970703125
valkey,list,104857600,128,819200,8,LINDEX,1280,90017.23,13.951,26.367,43.775,723190,9.5815376190003,8,1.41,15.3126953125
kvrocks,list,104857600,128,819200,8,LINDEX,2560,673940.64,3.679,6.431,28.799,5413131,9.956457919994136,8,10.064,114.644501953125
lavik,list,104857600,128,819200,8,LINDEX,2560,62258.41,0.431,169.983,200.703,502455,9.932627964000858,8,1.297,10.590224609375
redis,list,104857600,128,819200,8,LINDEX,2560,84777.2,30.847,57.087,86.527,682840,9.933008473002701,8,1.616,14.42095703125
valkey,list,104857600,128,819200,8,LINDEX,2560,88080.54,28.543,54.783,89.599,708816,9.933090073005587,8,1.658,14.982802734375
kvrocks,list,104857600,128,819200,8,LINDEX,5120,586476.89,8.095,30.975,78.335,4728362,10.606663076992845,8,9.784,99.765224609375
lavik,list,104857600,128,819200,8,LINDEX,5120,67702.86,0.471,337.919,339.967,551390,11.635818953000125,8,1.661,11.515732421875
redis,list,104857600,128,819200,8,LINDEX,5120,87105.61,59.903,110.591,162.815,705533,10.63487325499591,8,2.265,14.81619140625
valkey,list,104857600,128,819200,8,LINDEX,5120,93694.19,59.903,114.687,167.935,756156,11.587244203998125,8,2.109,15.937216796875
kvrocks,list,104857600,128,819200,8,LRANGE,1,2.91,342.015,382.975,382.975,24,9.2364382520027,8,0.406,309.31890625
lavik,list,104857600,128,819200,8,LRANGE,1,0.68,1499.135,1589.247,1589.247,6,9.486155045997293,8,0.09,72.463896484375
redis,list,104857600,128,819200,8,LRANGE,1,5.26,189.439,198.655,198.655,43,9.235891549004009,8,0.61,559.13271484375
valkey,list,104857600,128,819200,8,LRANGE,1,4.49,206.847,274.431,274.431,36,9.234247021995543,8,0.594,477.03009765625
kvrocks,list,104857600,128,819200,8,LRANGE,4,12.03,337.919,391.167,399.359,97,9.238470009004232,8,1.413,1278.325009765625
lavik,list,104857600,128,819200,8,LRANGE,4,1.93,1613.823,3850.239,3850.239,19,11.239813049003715,8,0.221,204.6641796875
redis,list,104857600,128,819200,8,LRANGE,4,14.1,266.239,614.399,622.591,116,9.234578945004614,8,1.86,1498.199013671875
valkey,list,104857600,128,819200,8,LRANGE,4,8.09,477.183,823.295,831.487,65,9.23443805500574,8,1.15,859.390888671875
kvrocks,list,104857600,128,819200,8,LRANGE,16,21.86,618.495,1712.127,1875.967,182,9.252217265006038,8,3.237,2322.766767578125
lavik,list,104857600,128,819200,8,LRANGE,16,4.63,3915.775,8290.303,8290.303,40,15.24991815300018,8,0.365,491.48796875
redis,list,104857600,128,819200,8,LRANGE,16,16.47,913.407,1908.735,2039.807,139,9.234532397000294,8,2.566,1750.191806640625
valkey,list,104857600,128,819200,8,LRANGE,16,8.37,1941.503,3129.343,3211.263,69,9.235491765997722,8,1.576,888.8989453125
kvrocks,list,104857600,128,819200,8,LSET,80,281681.32,0.255,0.727,0.967,2253621,9.285718704995816,8,4.062,48.723154296875
lavik,list,104857600,128,819200,8,LSET,80,1262.81,53.759,168.959,179.199,10152,9.286678253003629,8,0.036,0.21841796875
redis,list,104857600,128,819200,8,LSET,80,78222.73,1.015,1.559,2.207,625985,9.281003814001451,8,1.016,13.53037109375
valkey,list,104857600,128,819200,8,LSET,80,83937.56,0.959,1.279,1.591,671762,9.280817528000625,8,1.104,14.51888671875
kvrocks,list,104857600,128,819200,8,LSET,320,335995.03,0.959,1.751,2.751,2689235,9.334751272006542,8,4.991,58.11787109375
lavik,list,104857600,128,819200,8,LSET,320,1295.1,242.687,432.127,442.367,10536,9.337155886998517,8,0.089,0.22392578125
redis,list,104857600,128,819200,8,LSET,320,83624.47,3.855,6.591,8.639,669247,9.330769287000294,8,1.22,14.464658203125
valkey,list,104857600,128,819200,8,LSET,320,86418.13,3.711,6.591,8.831,692290,9.330706082000688,8,1.152,14.947890625
kvrocks,list,104857600,128,819200,8,LSET,1280,333597.33,3.727,6.143,19.199,2676013,9.587501272006193,8,5.266,57.702880859375
lavik,list,104857600,128,819200,8,LSET,1280,1340.52,999.423,1187.839,1196.031,11387,10.640147719001106,8,0.281,0.23134765625
redis,list,104857600,128,819200,8,LSET,1280,84162.84,15.295,27.263,35.327,674863,9.581609603003017,8,1.376,14.557548828125
valkey,list,104857600,128,819200,8,LSET,1280,85168.46,14.847,27.135,50.687,683856,9.580986079003196,8,1.307,14.731513671875
kvrocks,list,104857600,128,819200,8,LSET,2560,337065.99,7.231,15.295,41.471,2711706,10.088051266997354,8,5.672,58.3025390625
lavik,list,104857600,128,819200,8,LSET,2560,1406.22,1925.119,2228.223,2244.607,12823,11.942350739998801,8,0.328,0.242734375
redis,list,104857600,128,819200,8,LSET,2560,84767.32,30.079,56.831,91.135,683360,9.932781474999501,8,1.637,14.661689453125
valkey,list,104857600,128,819200,8,LSET,2560,92879.39,30.207,55.807,101.375,747196,10.934180402997299,8,1.491,16.064921875
kvrocks,list,104857600,128,819200,8,LSET,5120,303167.51,15.935,51.199,93.695,2444630,10.590617249996285,8,5.833,52.438369140625
lavik,list,104857600,128,819200,8,LSET,5120,1516.59,3915.775,4259.839,4259.839,15421,14.49905839600251,8,0.377,0.260830078125
redis,list,104857600,128,819200,8,LSET,5120,86493.57,59.903,112.639,149.503,697962,10.584815629998047,8,2.295,14.9596484375
valkey,list,104857600,128,819200,8,LSET,5120,83951.23,58.111,122.367,221.183,682922,10.635101184998348,8,2.213,14.520400390625
kvrocks,list,104857600,1024,102400,8,LINDEX,80,458584.73,0.159,0.407,0.663,3669435,9.289744763998897,8,6.726,469.9769921875
lavik,list,104857600,1024,102400,8,LINDEX,80,61859.05,0.295,5.023,5.311,494985,9.280214051999792,8,0.838,63.395751953125
redis,list,104857600,1024,102400,8,LINDEX,80,48503.36,1.655,2.735,3.519,388228,9.280967216000136,8,0.644,49.708271484375
valkey,list,104857600,1024,102400,8,LINDEX,80,41988.14,1.903,2.367,3.695,335974,9.27988954900502,8,0.566,43.031201171875
kvrocks,list,104857600,1024,102400,8,LINDEX,320,689156.73,0.447,0.999,2.655,5516016,9.504722398007289,8,8.909,706.276865234375
lavik,list,104857600,1024,102400,8,LINDEX,320,61822.8,0.295,21.247,21.887,495136,9.330686336004874,8,0.884,63.35853515625
redis,list,104857600,1024,102400,8,LINDEX,320,50283.02,6.271,11.263,12.479,402818,9.331014994997531,8,0.756,51.532080078125
valkey,list,104857600,1024,102400,8,LINDEX,320,44666.15,6.975,13.695,14.079,357829,9.330731091002235,8,0.651,45.77568359375
kvrocks,list,104857600,1024,102400,8,LINDEX,1280,699385.11,1.775,4.223,13.503,5606362,9.598412658000598,8,9.763,716.759091796875
lavik,list,104857600,1024,102400,8,LINDEX,1280,60305.76,0.319,86.527,88.063,484691,9.631680054000753,8,1.042,61.803564453125
redis,list,104857600,1024,102400,8,LINDEX,1280,51891.21,24.575,47.615,59.135,416660,9.581517524995434,8,0.95,53.18
valkey,list,104857600,1024,102400,8,LINDEX,1280,46883.05,24.703,56.319,60.415,376404,9.581842552994203,8,0.861,48.04744140625
kvrocks,list,104857600,1024,102400,8,LINDEX,2560,672961.14,3.647,6.783,30.591,5403956,9.95258458799799,8,10.177,689.67833984375
lavik,list,104857600,1024,102400,8,LINDEX,2560,65057.98,0.447,160.767,163.839,524756,9.98272688400175,8,1.373,66.67349609375
redis,list,104857600,1024,102400,8,LINDEX,2560,54668.51,43.007,96.767,115.711,440768,9.932500671005982,8,1.322,56.025908203125
valkey,list,104857600,1024,102400,8,LINDEX,2560,45138.3,51.199,120.319,128.511,363464,9.932650842994917,8,1.107,46.25912109375
kvrocks,list,104857600,1024,102400,8,LINDEX,5120,572135.91,8.191,32.127,81.407,4621215,10.618215230002534,8,9.676,586.347744140625
lavik,list,104857600,1024,102400,8,LINDEX,5120,66094.23,1.655,317.439,319.487,537395,11.636483549998957,8,1.742,67.734833984375
redis,list,104857600,1024,102400,8,LINDEX,5120,53908.39,87.551,194.559,284.671,435821,10.634285856998758,8,1.878,55.246474609375
valkey,list,104857600,1024,102400,8,LINDEX,5120,46205.07,108.031,221.183,497.663,373639,10.633671372997924,8,1.735,47.351630859375
kvrocks,list,104857600,1024,102400,8,LRANGE,1,5.36,176.127,231.423,231.423,43,9.236707778007258,8,0.484,540.98689453125
lavik,list,104857600,1024,102400,8,LRANGE,1,0.82,1179.647,1335.295,1335.295,7,9.335321643993666,8,0.117,82.575888671875
redis,list,104857600,1024,102400,8,LRANGE,1,6.7,148.479,162.815,183.295,54,9.234832665002614,8,0.554,675.592158203125
valkey,list,104857600,1024,102400,8,LRANGE,1,6.71,149.503,151.551,165.887,54,9.235203397001897,8,0.557,676.723330078125
kvrocks,list,104857600,1024,102400,8,LRANGE,4,16.93,232.447,364.543,452.607,139,9.237504912991426,8,1.835,1708.300361328125
lavik,list,104857600,1024,102400,8,LRANGE,4,2.29,1335.295,3112.959,3112.959,22,10.23789128500357,8,0.305,230.751103515625
redis,list,104857600,1024,102400,8,LRANGE,4,23.97,150.527,342.015,468.991,192,9.2356166210011,8,2.002,2417.83365234375
valkey,list,104857600,1024,102400,8,LRANGE,4,11.36,352.255,602.111,724.991,92,9.23666130699712,8,1.027,1146.437470703125
kvrocks,list,104857600,1024,102400,8,LRANGE,16,27.81,483.327,1302.527,1859.583,225,9.247941884998,8,3.064,2805.7281640625
lavik,list,104857600,1024,102400,8,LRANGE,16,5.25,4079.615,6520.831,6520.831,44,14.2465872640023,8,0.315,529.54751953125
redis,list,104857600,1024,102400,8,LRANGE,16,22.28,671.743,1581.055,1662.975,181,9.234737318001862,8,2.406,2247.606142578125
valkey,list,104857600,1024,102400,8,LRANGE,16,11.7,1384.447,2310.143,2392.063,96,9.23407259099622,8,1.633,1180.472314453125
kvrocks,list,104857600,1024,102400,8,LSET,80,270958.74,0.271,0.727,0.959,2168398,9.286003688001074,8,4.02,278.465166015625
lavik,list,104857600,1024,102400,8,LSET,80,1235.34,58.367,193.535,216.063,9943,9.285851551998348,8,0.034,1.269541015625
redis,list,104857600,1024,102400,8,LSET,80,49810.51,1.623,2.799,3.423,398553,9.280957338000007,8,0.669,51.190400390625
valkey,list,104857600,1024,102400,8,LSET,80,42344.55,1.895,2.991,3.423,338917,9.282014981996326,8,0.565,43.517607421875
kvrocks,list,104857600,1024,102400,8,LSET,320,320143.06,0.951,1.943,2.799,2564110,9.336476169992238,8,4.914,329.0119921875
lavik,list,104857600,1024,102400,8,LSET,320,1266.79,284.671,417.791,434.175,10353,9.336166091998166,8,0.098,1.30181640625
redis,list,104857600,1024,102400,8,LSET,320,51672.58,6.079,11.647,13.887,413835,9.33070764799777,8,0.805,53.10400390625
valkey,list,104857600,1024,102400,8,LSET,320,42668.77,7.551,13.183,13.759,342012,9.332131048002339,8,0.63,43.85076171875
kvrocks,list,104857600,1024,102400,8,LSET,1280,319907.74,3.871,6.367,19.839,2568347,9.587056853997638,8,5.193,328.76990234375
lavik,list,104857600,1024,102400,8,LSET,1280,1326.16,1028.095,1212.415,1245.183,11314,10.639494660004857,8,0.285,1.362490234375
redis,list,104857600,1024,102400,8,LSET,1280,51796.66,23.935,48.383,60.159,416212,9.581527351998375,8,0.987,53.231298828125
valkey,list,104857600,1024,102400,8,LSET,1280,46856.7,25.215,57.599,67.583,376522,9.58173726899986,8,0.873,48.15451171875
kvrocks,list,104857600,1024,102400,8,LSET,2560,312205.62,7.807,17.535,43.263,2508018,9.939157663000515,8,5.493,320.85408203125
lavik,list,104857600,1024,102400,8,LSET,2560,1377.04,1998.847,2228.223,2244.607,12574,11.9427951760008,8,0.322,1.414609375
redis,list,104857600,1024,102400,8,LSET,2560,52001.45,47.359,96.767,101.375,417693,9.932612144999439,8,1.247,53.441259765625
valkey,list,104857600,1024,102400,8,LSET,2560,50354.43,48.127,111.615,115.199,405057,10.934791129999212,8,1.085,51.748876953125
kvrocks,list,104857600,1024,102400,8,LSET,5120,294190.51,16.767,49.919,91.135,2383345,11.596428071003174,8,5.033,302.33923828125
lavik,list,104857600,1024,102400,8,LSET,5120,1506.35,4030.463,4128.767,4145.151,15273,14.548737571996753,8,0.376,1.54669921875
redis,list,104857600,1024,102400,8,LSET,5120,52735.92,90.623,193.535,220.159,426911,10.635051551995275,8,1.885,54.1953515625
valkey,list,104857600,1024,102400,8,LSET,5120,50507.96,92.159,220.159,227.327,407277,11.636151202998008,8,1.646,51.9058984375
lavik,set,65536,128,512,64,SADD_SREM,80,12909.67,0.167,52.991,74.751,103571,9.280424407999817,8,0.176,2.101796875
redis,set,65536,128,512,64,SADD_SREM,80,458021.37,0.167,0.335,0.423,3664301,9.284098122996511,8,6.453,74.570556640625
valkey,set,65536,128,512,64,SADD_SREM,80,571475.16,0.135,0.271,0.399,4572223,9.28289506800138,8,7.756,93.04201171875
lavik,set,65536,128,512,64,SADD_SREM,320,12989.85,0.175,206.847,217.087,105175,9.330123734001972,8,0.203,2.11486328125
redis,set,65536,128,512,64,SADD_SREM,320,765363.34,0.391,0.967,1.495,6124103,9.284595817000081,8,10.074,124.60880859375
valkey,set,65536,128,512,64,SADD_SREM,320,758821.75,0.383,1.183,2.735,6071669,9.333833472999686,8,9.705,123.54373046875
lavik,set,65536,128,512,64,SADD_SREM,1280,13475.97,2.479,774.143,786.431,113150,9.480644521998329,8,0.321,2.1940625
redis,set,65536,128,512,64,SADD_SREM,1280,973591.0,1.127,4.575,7.711,7801631,9.436994652998692,8,13.47,158.510361328125
valkey,set,65536,128,512,64,SADD_SREM,1280,847810.03,1.319,4.319,9.215,6788955,9.484785930999351,8,11.494,138.03208984375
lavik,set,65536,128,512,64,SADD_SREM,2560,14397.71,72.703,892.927,983.039,119682,9.630609970001387,8,0.478,2.344111328125
redis,set,65536,128,512,64,SADD_SREM,2560,1049682.21,2.367,6.015,16.383,8413501,9.637962810000317,8,15.256,170.89892578125
valkey,set,65536,128,512,64,SADD_SREM,2560,993807.59,2.271,6.719,17.151,7964376,9.688025694998942,8,14.051,161.80189453125
lavik,set,65536,128,512,64,SADD_SREM,5120,15263.13,211.967,1433.599,1507.327,129609,11.183992254998884,8,0.724,2.485009765625
redis,set,65536,128,512,64,SADD_SREM,5120,858325.99,5.279,16.383,37.375,6893737,9.991220578001958,8,13.459,139.743916015625
valkey,set,65536,128,512,64,SADD_SREM,5120,692986.73,6.975,21.119,48.895,5574923,10.038647363999189,8,10.859,112.825087890625
lavik,set,65536,128,512,64,SISMEMBER,80,385555.49,0.191,0.471,0.607,3084922,9.282459403999383,8,5.65,64.61083984375
redis,set,65536,128,512,64,SISMEMBER,80,466934.1,0.167,0.327,0.423,3736240,9.284187437002402,8,6.593,78.24818359375
valkey,set,65536,128,512,64,SISMEMBER,80,549996.61,0.135,0.335,0.543,4400612,9.283807979998528,8,7.494,92.167587890625
lavik,set,65536,128,512,64,SISMEMBER,320,424811.0,0.327,4.703,5.407,3403056,9.332946288999665,8,6.163,71.1890625
redis,set,65536,128,512,64,SISMEMBER,320,780731.01,0.375,0.975,1.639,6248743,9.334749969999393,8,10.378,130.83357421875
valkey,set,65536,128,512,64,SISMEMBER,320,782546.36,0.367,1.087,2.367,6263296,9.383802383999864,8,10.118,131.137763671875
lavik,set,65536,128,512,64,SISMEMBER,1280,341268.77,0.231,29.695,34.559,2737011,9.634358215000248,8,5.154,57.189208984375
redis,set,65536,128,512,64,SISMEMBER,1280,980349.92,1.127,4.543,10.495,7855240,9.586718644000939,8,13.72,164.28537109375
valkey,set,65536,128,512,64,SISMEMBER,1280,867881.25,1.207,4.543,11.903,6954066,9.636241965999943,8,11.859,145.438212890625
lavik,set,65536,128,512,64,SISMEMBER,2560,306568.06,0.223,68.607,74.239,2464122,9.934976390999509,8,4.881,51.374130859375
redis,set,65536,128,512,64,SISMEMBER,2560,1048662.89,2.383,5.727,21.759,8418996,9.939245748999383,8,15.572,175.73333984375
valkey,set,65536,128,512,64,SISMEMBER,2560,889647.32,2.463,6.879,24.703,7144061,9.939095194997208,8,13.1,149.085751953125
lavik,set,65536,128,512,64,SISMEMBER,5120,304934.63,0.263,135.167,150.527,2459177,10.63703321900175,8,5.345,51.10041015625
redis,set,65536,128,512,64,SISMEMBER,5120,852539.73,5.247,17.535,64.767,6869633,10.641885361997993,8,13.863,142.86712890625
valkey,set,65536,128,512,64,SISMEMBER,5120,734116.32,6.431,24.575,61.695,5919116,10.589546376999351,8,11.959,123.021904296875
lavik,set,65536,128,512,64,SMEMBERS,16,29679.68,0.503,1.095,1.415,237446,8.278857818997494,8,2.753,1972.068642578125
redis,set,65536,128,512,64,SMEMBERS,16,36305.4,0.439,0.799,0.927,290449,9.233253799000522,8,3.341,2412.315234375
valkey,set,65536,128,512,64,SMEMBERS,16,19822.63,0.791,1.303,1.671,158583,9.280567214998882,8,1.787,1317.116083984375
lavik,set,65536,128,512,64,SMEMBERS,80,43344.78,1.359,6.879,9.343,346815,9.282448490001116,8,4.496,2880.047294921875
redis,set,65536,128,512,64,SMEMBERS,80,39903.62,1.999,2.415,3.951,319262,9.282917266002187,8,3.999,2651.399677734375
valkey,set,65536,128,512,64,SMEMBERS,80,22578.6,3.519,4.799,5.759,180670,9.280179656001565,8,2.114,1500.236875
lavik,set,65536,1024,64,64,SADD_SREM,80,13400.85,0.167,52.223,59.647,107599,9.280192502999853,8,0.185,13.64546875
redis,set,65536,1024,64,64,SADD_SREM,80,436758.31,0.175,0.343,0.439,3494270,9.284267995000846,8,6.421,444.7318359375
valkey,set,65536,1024,64,64,SADD_SREM,80,533977.84,0.143,0.287,0.407,4272464,9.284499992998462,8,7.652,543.726181640625
lavik,set,65536,1024,64,64,SADD_SREM,320,13285.98,0.183,204.799,225.279,107324,9.330405117001646,8,0.206,13.528515625
redis,set,65536,1024,64,64,SADD_SREM,320,685170.93,0.447,0.983,1.415,5485547,9.284245055998326,8,9.377,697.679296875
valkey,set,65536,1024,64,64,SADD_SREM,320,646190.04,0.471,0.983,1.623,5170940,9.485472676999052,8,8.302,657.986806640625
lavik,set,65536,1024,64,64,SADD_SREM,1280,13423.31,6.911,761.855,778.239,112946,9.480751545001112,8,0.326,13.668359375
redis,set,65536,1024,64,64,SADD_SREM,1280,833299.35,1.311,4.479,8.831,6677676,9.48628242400082,8,11.878,848.5118359375
valkey,set,65536,1024,64,64,SADD_SREM,1280,686053.2,1.879,3.471,8.895,5492638,9.487075398999878,8,9.549,698.57775390625
lavik,set,65536,1024,64,64,SADD_SREM,2560,13934.77,59.391,1146.879,1204.223,118647,10.683398574998137,8,0.465,14.189140625
redis,set,65536,1024,64,64,SADD_SREM,2560,860082.19,2.623,7.135,19.199,6892303,9.639304496999102,8,12.973,875.783876953125
valkey,set,65536,1024,64,64,SADD_SREM,2560,674713.74,3.663,6.975,22.271,5406747,9.687355124002352,8,9.986,687.03130859375
lavik,set,65536,1024,64,64,SADD_SREM,5120,15298.34,220.159,1499.135,1581.055,130567,11.083989116999874,8,0.713,15.57763671875
redis,set,65536,1024,64,64,SADD_SREM,5120,694166.54,7.167,19.327,57.855,5580511,10.039876300998003,8,11.499,706.83921875
valkey,set,65536,1024,64,64,SADD_SREM,5120,536563.93,10.495,26.751,44.543,4311853,10.038162518998433,8,8.68,546.3593359375
lavik,set,65536,1024,64,64,SISMEMBER,80,414908.72,0.183,0.383,0.495,3320478,9.28333232300065,8,6.207,424.46173828125
redis,set,65536,1024,64,64,SISMEMBER,80,429735.55,0.175,0.359,0.527,3438303,9.283594468997762,8,6.285,439.62998046875
valkey,set,65536,1024,64,64,SISMEMBER,80,543216.4,0.143,0.271,0.407,4346420,9.283380341999873,8,7.584,555.723671875
lavik,set,65536,1024,64,64,SISMEMBER,320,550286.01,0.551,1.223,1.623,4406774,9.334368828000152,8,8.011,562.955888671875
redis,set,65536,1024,64,64,SISMEMBER,320,690550.92,0.447,0.983,1.423,5528858,9.334932303001551,8,9.49,706.4503515625
valkey,set,65536,1024,64,64,SISMEMBER,320,661934.7,0.455,0.991,2.255,5298590,9.335178876997816,8,8.581,677.175185546875
lavik,set,65536,1024,64,64,SISMEMBER,1280,478889.51,1.607,6.783,187.391,3838933,9.634619591000956,8,7.397,489.915556640625
redis,set,65536,1024,64,64,SISMEMBER,1280,836679.68,1.279,4.671,10.431,6705863,9.587874699998792,8,12.206,855.943466796875
valkey,set,65536,1024,64,64,SISMEMBER,1280,710917.06,1.751,4.319,13.311,5697455,9.636774167996919,8,10.073,727.28541015625
lavik,set,65536,1024,64,64,SISMEMBER,2560,443717.82,3.439,25.599,950.271,3562412,10.987352889002068,8,6.478,453.934345703125
redis,set,65536,1024,64,64,SISMEMBER,2560,809293.92,2.783,7.679,25.983,6502828,10.9415097960009,8,11.179,827.9275
valkey,set,65536,1024,64,64,SISMEMBER,2560,706704.57,3.567,7.199,28.927,5678044,9.942570399001852,8,10.801,722.976025390625
lavik,set,65536,1024,64,64,SISMEMBER,5120,418125.02,2.927,74.751,950.271,3373058,11.689256999998179,8,6.338,427.752080078125
redis,set,65536,1024,64,64,SISMEMBER,5120,690623.88,6.975,24.575,67.071,5567385,10.691833546999987,8,11.93,706.5250390625
valkey,set,65536,1024,64,64,SISMEMBER,5120,521568.73,10.047,35.327,76.287,4204244,10.638447248002194,8,8.934,533.577392578125
lavik,set,65536,1024,64,64,SMEMBERS,16,34562.68,0.351,1.735,2.063,276511,8.27992086499944,8,2.37,2180.462431640625
redis,set,65536,1024,64,64,SMEMBERS,16,60620.59,0.255,0.431,0.527,484984,9.234703842001181,8,4.578,3824.383037109375
valkey,set,65536,1024,64,64,SMEMBERS,16,45610.13,0.295,2.367,2.959,364890,8.278347740000754,8,3.391,2877.415009765625
lavik,set,65536,1024,64,64,SMEMBERS,80,45652.81,0.879,8.959,11.263,365266,9.28305907200047,8,3.738,2880.107822265625
redis,set,65536,1024,64,64,SMEMBERS,80,79764.2,0.999,1.447,2.127,638173,9.285091985999316,8,6.648,5032.0994140625
valkey,set,65536,1024,64,64,SMEMBERS,80,45519.04,1.303,5.759,6.239,364268,9.281243532001099,8,3.525,2871.668642578125
lavik,set,1048576,128,8192,64,SADD_SREM,80,13286.91,0.183,52.479,59.647,106414,9.280187135998858,8,0.179,2.16322265625
redis,set,1048576,128,8192,64,SADD_SREM,80,449673.19,0.175,0.343,0.439,3598007,9.2839876500002,8,6.382,73.21140625
valkey,set,1048576,128,8192,64,SADD_SREM,80,560381.75,0.135,0.295,0.439,4483824,9.283266047001234,8,7.671,91.2358984375
lavik,set,1048576,128,8192,64,SADD_SREM,320,12920.41,0.191,206.847,222.207,104315,9.330575503001455,8,0.199,2.1035546875
redis,set,1048576,128,8192,64,SADD_SREM,320,763073.79,0.391,0.975,1.535,6106920,9.28430210499937,8,10.037,124.236015625
valkey,set,1048576,128,8192,64,SADD_SREM,320,757973.04,0.383,1.095,2.703,6065442,9.333572482002637,8,9.642,123.405498046875
lavik,set,1048576,128,8192,64,SADD_SREM,1280,13455.59,4.735,782.335,806.911,112718,9.480753128002107,8,0.316,2.1907421875
redis,set,1048576,128,8192,64,SADD_SREM,1280,971967.91,1.119,4.511,7.743,7784213,9.436239151000336,8,13.398,158.246083984375
valkey,set,1048576,128,8192,64,SADD_SREM,1280,836407.93,1.335,4.351,9.343,6696716,9.485132844998589,8,11.229,136.175673828125
lavik,set,1048576,128,8192,64,SADD_SREM,2560,14446.13,79.359,1040.383,1097.727,120349,10.683108819001063,8,0.466,2.3519921875
redis,set,1048576,128,8192,64,SADD_SREM,2560,1012492.64,2.367,6.271,16.255,8114518,9.638166507000278,8,14.647,164.844033203125
valkey,set,1048576,128,8192,64,SADD_SREM,2560,851877.43,2.783,6.367,18.687,6835496,9.63603029099977,8,12.194,138.694287109375
lavik,set,1048576,128,8192,64,SADD_SREM,5120,15367.68,206.847,1515.519,1556.479,130263,11.033704309000314,8,0.705,2.502041015625
redis,set,1048576,128,8192,64,SADD_SREM,5120,849687.05,5.311,16.767,38.911,6825825,9.990690038001048,8,13.306,138.337412109375
valkey,set,1048576,128,8192,64,SADD_SREM,5120,885464.06,5.023,15.935,40.703,7119773,10.040918463000708,8,13.753,144.16236328125
lavik,set,1048576,128,8192,64,SISMEMBER,80,325057.35,0.239,0.471,0.575,2600817,9.532038813998952,8,4.735,54.472568359375
redis,set,1048576,128,8192,64,SISMEMBER,80,459846.12,0.167,0.327,0.423,3679078,9.283903099996678,8,6.544,77.06044921875
valkey,set,1048576,128,8192,64,SISMEMBER,80,555383.65,0.135,0.319,0.559,4444331,9.282927855001617,8,7.601,93.07041015625
lavik,set,1048576,128,8192,64,SISMEMBER,320,408023.94,0.575,3.039,3.855,3268579,9.333136000001105,8,5.979,68.37587890625
redis,set,1048576,128,8192,64,SISMEMBER,320,767970.27,0.383,0.999,1.631,6147334,9.334553242002585,8,10.23,128.695185546875
valkey,set,1048576,128,8192,64,SISMEMBER,320,854305.67,0.303,1.551,3.231,6838775,9.384249318001821,8,11.311,143.1631640625
lavik,set,1048576,128,8192,64,SISMEMBER,1280,318144.18,0.319,30.847,34.303,2551467,9.63452844999847,8,4.88,53.314091796875
redis,set,1048576,128,8192,64,SISMEMBER,1280,970306.76,1.127,4.575,10.815,7773893,9.587312103998556,8,13.599,162.602431640625
valkey,set,1048576,128,8192,64,SISMEMBER,1280,908382.51,1.159,4.479,10.239,7275548,10.788152573000843,8,11.066,152.225400390625
lavik,set,1048576,128,8192,64,SISMEMBER,2560,278403.54,0.287,74.751,79.359,2242952,10.936816465000447,8,4.024,46.654384765625
redis,set,1048576,128,8192,64,SISMEMBER,2560,1038463.18,2.367,5.983,22.271,8337960,9.88821176700003,8,15.367,174.0240625
valkey,set,1048576,128,8192,64,SISMEMBER,2560,874415.62,2.511,6.687,25.087,7021414,9.937461579000228,8,12.778,146.533232421875
lavik,set,1048576,128,8192,64,SISMEMBER,5120,280272.93,0.327,147.455,157.695,2266642,11.638587494999229,8,4.582,46.96765625
redis,set,1048576,128,8192,64,SISMEMBER,5120,849165.27,5.247,17.023,60.927,6849863,10.591873295998084,8,13.862,142.301591796875
valkey,set,1048576,128,8192,64,SISMEMBER,5120,716546.64,6.719,25.983,72.191,5774021,11.642082926999137,8,10.337,120.077705078125
lavik,set,1048576,128,8192,64,SMEMBERS,16,982.97,20.223,30.335,34.559,7866,9.533020589002263,8,1.262,1044.4471875
redis,set,1048576,128,8192,64,SMEMBERS,16,966.64,16.511,30.207,33.791,7738,9.282854559998668,8,1.174,1027.09646484375
valkey,set,1048576,128,8192,64,SMEMBERS,16,522.17,29.055,38.911,56.575,4187,9.233436996997625,8,0.946,554.825810546875
lavik,set,1048576,128,8192,64,SMEMBERS,80,1543.89,25.599,339.967,362.495,12452,9.284161105999374,8,2.014,1640.439755859375
redis,set,1048576,128,8192,64,SMEMBERS,80,999.46,79.359,153.599,224.255,8059,9.282967964998534,8,1.502,1061.9693359375
valkey,set,1048576,128,8192,64,SMEMBERS,80,464.31,172.031,307.199,339.967,3731,9.282895101001486,8,1.017,493.343896484375
lavik,set,1048576,1024,1024,64,SADD_SREM,80,13136.82,0.175,52.991,60.159,105223,9.280270171999291,8,0.178,13.376611328125
redis,set,1048576,1024,1024,64,SADD_SREM,80,436455.64,0.175,0.351,0.463,3491780,9.284188587000244,8,6.403,444.42359375
valkey,set,1048576,1024,1024,64,SADD_SREM,80,537995.37,0.143,0.279,0.407,4304282,9.284219133998704,8,7.527,547.81705078125
lavik,set,1048576,1024,1024,64,SADD_SREM,320,13555.13,0.199,201.727,211.967,109709,9.330179761000181,8,0.208,13.802568359375
redis,set,1048576,1024,1024,64,SADD_SREM,320,687900.47,0.447,0.975,1.375,5504702,9.28428253400125,8,9.458,700.45869140625
valkey,set,1048576,1024,1024,64,SADD_SREM,320,651255.14,0.471,0.935,1.383,5212738,9.33502404599858,8,8.429,663.1443359375
lavik,set,1048576,1024,1024,64,SADD_SREM,1280,13518.95,3.503,786.431,806.911,113736,9.48039239100035,8,0.319,13.7657421875
redis,set,1048576,1024,1024,64,SADD_SREM,1280,811488.68,1.375,4.479,8.895,6496737,9.435736634000932,8,11.583,826.303046875
valkey,set,1048576,1024,1024,64,SADD_SREM,1280,705983.67,1.799,3.871,9.599,5653561,9.436753748999763,8,9.824,718.87205078125
lavik,set,1048576,1024,1024,64,SADD_SREM,2560,14091.01,61.951,1064.959,1089.535,118430,10.683294484002545,8,0.467,14.348232421875
redis,set,1048576,1024,1024,64,SADD_SREM,2560,824721.67,2.735,7.423,17.535,6612032,9.638471606998792,8,12.457,839.777890625
valkey,set,1048576,1024,1024,64,SADD_SREM,2560,671549.27,3.679,6.719,19.967,5389749,9.686834667998482,8,9.996,683.809091796875
lavik,set,1048576,1024,1024,64,SADD_SREM,5120,15143.69,205.823,1622.015,1671.167,129556,11.083977796999534,8,0.689,15.420166015625
redis,set,1048576,1024,1024,64,SADD_SREM,5120,695151.81,7.167,18.815,52.223,5590878,11.042162372999883,8,10.337,707.84251953125
valkey,set,1048576,1024,1024,64,SADD_SREM,5120,667623.72,7.295,22.271,58.879,5364396,10.088756851000653,8,10.918,679.81181640625
lavik,set,1048576,1024,1024,64,SISMEMBER,80,390638.56,0.191,0.423,0.543,3126212,9.284480354999687,8,5.822,399.632783203125
redis,set,1048576,1024,1024,64,SISMEMBER,80,434204.93,0.175,0.351,0.447,3474705,9.28375703400161,8,6.298,444.202275390625
valkey,set,1048576,1024,1024,64,SISMEMBER,80,523729.53,0.151,0.287,0.431,4191409,9.285286459999043,8,7.369,535.788115234375
lavik,set,1048576,1024,1024,64,SISMEMBER,320,501939.21,0.503,2.639,4.351,4021039,9.334725078999327,8,7.365,513.49583984375
redis,set,1048576,1024,1024,64,SISMEMBER,320,694315.41,0.439,0.991,1.471,5558049,9.334209904998716,8,9.522,710.30154296875
valkey,set,1048576,1024,1024,64,SISMEMBER,320,656214.44,0.463,0.983,2.111,5253893,9.335691622000013,8,8.547,671.323291015625
lavik,set,1048576,1024,1024,64,SISMEMBER,1280,367816.87,0.263,30.847,35.839,2953479,9.634925805999956,8,5.719,376.28548828125
redis,set,1048576,1024,1024,64,SISMEMBER,1280,815565.2,1.327,4.639,11.327,6538356,9.586628095999913,8,11.831,834.342900390625
valkey,set,1048576,1024,1024,64,SISMEMBER,1280,699517.95,1.799,4.079,13.375,5605827,9.636988370999461,8,9.898,715.6237890625
lavik,set,1048576,1024,1024,64,SISMEMBER,2560,341088.7,0.271,68.095,84.479,2741203,9.985792570998456,8,5.609,348.941904296875
redis,set,1048576,1024,1024,64,SISMEMBER,2560,790915.77,2.911,7.359,28.031,6350326,10.93953869300094,8,11.01,809.126162109375
valkey,set,1048576,1024,1024,64,SISMEMBER,2560,837087.12,2.623,7.551,24.319,6719572,10.940147084998898,8,11.51,856.360595703125
lavik,set,1048576,1024,1024,64,SISMEMBER,5120,341118.12,0.383,135.167,144.383,2753776,11.689370208998298,8,5.637,348.972021484375
redis,set,1048576,1024,1024,64,SISMEMBER,5120,679751.15,7.167,25.855,70.655,5477897,11.643199241003458,8,10.585,695.401962890625
valkey,set,1048576,1024,1024,64,SISMEMBER,5120,531765.05,9.407,34.047,70.655,4286858,10.588209393001307,8,9.087,544.0084765625
lavik,set,1048576,1024,1024,64,SMEMBERS,16,2314.89,3.279,27.519,36.095,18527,9.2865159819994,8,1.991,2335.3316015625
redis,set,1048576,1024,1024,64,SMEMBERS,16,3032.13,4.895,10.303,12.095,24265,9.233657000000676,8,3.068,3058.90068359375
valkey,set,1048576,1024,1024,64,SMEMBERS,16,1240.39,12.863,18.943,23.935,9928,9.284687519997533,8,1.611,1251.33763671875
lavik,set,1048576,1024,1024,64,SMEMBERS,80,2846.32,22.399,107.519,229.375,22808,9.285384938000789,8,4.374,2871.4475
redis,set,1048576,1024,1024,64,SMEMBERS,80,2846.72,27.263,60.415,90.623,22804,9.287002787001256,8,4.009,2871.850283203125
valkey,set,1048576,1024,1024,64,SMEMBERS,80,1252.07,66.047,110.591,129.023,10054,9.28476825799953,8,1.909,1263.1253515625
kvrocks,set,104857600,128,819200,8,SADD_SREM,80,300808.91,0.239,0.647,0.847,2406927,9.285135825004545,8,4.308,48.48166015625
lavik,set,104857600,128,819200,8,SADD_SREM,80,4714.2,14.207,53.759,63.999,37789,9.282177457003854,8,0.071,0.759794921875
redis,set,104857600,128,819200,8,SADD_SREM,80,458853.17,0.167,0.327,0.423,3671404,9.284077350006555,8,6.509,73.95380859375
valkey,set,104857600,128,819200,8,SADD_SREM,80,564606.24,0.135,0.279,0.431,4517200,9.28347563999705,8,7.762,90.998134765625
kvrocks,set,104857600,128,819200,8,SADD_SREM,320,354221.41,0.903,1.623,2.047,2835168,9.284412597990013,8,5.197,57.090205078125
lavik,set,104857600,128,819200,8,SADD_SREM,320,4836.33,63.487,215.039,224.255,39222,9.279865502998291,8,0.099,0.77947265625
redis,set,104857600,128,819200,8,SADD_SREM,320,765333.69,0.391,0.983,1.551,6125512,9.284748111000226,8,10.025,123.3495703125
valkey,set,104857600,128,819200,8,SADD_SREM,320,770085.39,0.367,1.207,3.023,6163256,9.334121148996928,8,9.827,124.115400390625
kvrocks,set,104857600,128,819200,8,SADD_SREM,1280,363203.28,3.423,5.631,14.527,2912352,9.436218328002724,8,5.531,58.537822265625
lavik,set,104857600,128,819200,8,SADD_SREM,1280,5495.38,244.735,434.175,444.415,44936,9.432597621998866,8,0.221,0.885693359375
redis,set,104857600,128,819200,8,SADD_SREM,1280,970775.29,1.119,4.575,8.191,7772159,9.437796870995953,8,13.346,156.46078125
valkey,set,104857600,128,819200,8,SADD_SREM,1280,852863.09,1.279,4.447,9.087,6833035,9.4356225800002,8,11.467,137.4567578125
kvrocks,set,104857600,128,819200,8,SADD_SREM,2560,354233.14,6.943,12.159,31.743,2840354,9.639352272992255,8,5.675,57.092099609375
lavik,set,104857600,128,819200,8,SADD_SREM,2560,6531.35,395.263,708.607,745.471,54064,9.680646545995842,8,0.4,1.052666015625
redis,set,104857600,128,819200,8,SADD_SREM,2560,1045640.75,2.335,6.239,16.767,8378024,9.639705119996506,8,15.093,168.526923828125
valkey,set,104857600,128,819200,8,SADD_SREM,2560,868027.99,2.687,6.303,21.247,6956753,9.836662066001736,8,12.328,139.9008984375
kvrocks,set,104857600,128,819200,8,SADD_SREM,5120,340856.99,14.271,33.535,60.927,2744995,9.9959883630072,8,5.945,54.93625
lavik,set,104857600,128,819200,8,SADD_SREM,5120,10184.78,557.055,798.719,811.007,85492,10.031041980000737,8,0.792,1.641494140625
redis,set,104857600,128,819200,8,SADD_SREM,5120,863788.45,5.247,16.319,47.615,6939939,9.99015314999997,8,13.534,139.2176171875
valkey,set,104857600,128,819200,8,SADD_SREM,5120,784701.57,6.303,17.535,41.471,6303802,10.040093297000567,8,12.13,126.471103515625
kvrocks,set,104857600,128,819200,8,SISMEMBER,80,439758.32,0.175,0.335,0.535,3518472,9.287283861005562,8,6.461,72.973203125
lavik,set,104857600,128,819200,8,SISMEMBER,80,201838.09,0.375,0.863,1.071,1614891,9.531670553995355,8,2.821,33.492880859375
redis,set,104857600,128,819200,8,SISMEMBER,80,461252.44,0.167,0.335,0.439,3690222,9.284276619000593,8,6.526,76.539921875
valkey,set,104857600,128,819200,8,SISMEMBER,80,575268.25,0.135,0.271,0.407,4603243,9.28483009399497,8,7.917,95.45962890625
kvrocks,set,104857600,128,819200,8,SISMEMBER,320,646205.46,0.471,0.983,2.751,5171380,9.342167941009393,8,8.674,107.2308984375
lavik,set,104857600,128,819200,8,SISMEMBER,320,207827.14,0.711,5.375,5.887,1663746,9.331880889003514,8,2.982,34.48669921875
redis,set,104857600,128,819200,8,SISMEMBER,320,778454.38,0.383,0.983,1.647,6232340,9.334777000003669,8,10.386,129.176201171875
valkey,set,104857600,128,819200,8,SISMEMBER,320,781229.46,0.359,1.151,2.623,6255248,9.384359944997414,8,10.103,129.636689453125
kvrocks,set,104857600,128,819200,8,SISMEMBER,1280,654578.99,1.895,3.231,13.887,5253541,9.600017153003137,8,9.219,108.620400390625
lavik,set,104857600,128,819200,8,SISMEMBER,1280,170204.43,0.367,30.591,36.095,1364749,9.583387696999125,8,2.638,28.24361328125
redis,set,104857600,128,819200,8,SISMEMBER,1280,970129.68,1.135,4.543,10.431,7781156,9.587449084996479,8,13.624,160.982666015625
valkey,set,104857600,128,819200,8,SISMEMBER,1280,908092.12,1.159,4.543,10.687,7276109,9.588510434005002,8,12.491,150.688203125
kvrocks,set,104857600,128,819200,8,SISMEMBER,2560,651010.05,3.823,6.783,30.079,5225519,10.912915463995887,8,8.642,108.028173828125
lavik,set,104857600,128,819200,8,SISMEMBER,2560,159229.25,0.503,67.583,81.919,1281562,9.93481632500334,8,2.742,26.422392578125
redis,set,104857600,128,819200,8,SISMEMBER,2560,1045117.51,2.415,5.695,21.887,8390404,9.939355435002653,8,15.592,173.426103515625
valkey,set,104857600,128,819200,8,SISMEMBER,2560,901985.47,2.431,6.623,23.679,7246176,9.93873684900609,8,13.16,149.67486328125
kvrocks,set,104857600,128,819200,8,SISMEMBER,5120,575985.9,8.383,31.743,77.311,4646264,11.562024263999774,8,8.561,95.5787109375
lavik,set,104857600,128,819200,8,SISMEMBER,5120,150102.65,0.743,141.311,157.695,1212206,10.585912881004333,8,3.121,24.9079296875
redis,set,104857600,128,819200,8,SISMEMBER,5120,870410.9,5.215,17.023,57.343,7015202,10.593592247998458,8,14.195,144.435400390625
valkey,set,104857600,128,819200,8,SISMEMBER,5120,815489.89,5.471,20.479,56.063,6579246,10.645507745997747,8,13.384,135.321845703125
kvrocks,set,104857600,128,819200,8,SMEMBERS,1,2.82,333.823,737.279,737.279,23,9.237181422999129,8,0.349,299.42537109375
lavik,set,104857600,128,819200,8,SMEMBERS,1,0.58,1769.471,1818.623,1818.623,5,9.535043746996962,8,0.068,61.513330078125
redis,set,104857600,128,819200,8,SMEMBERS,1,2.99,333.823,348.159,348.159,24,9.234989256001427,8,0.364,317.73705078125
valkey,set,104857600,128,819200,8,SMEMBERS,1,2.49,366.591,458.751,458.751,21,9.234630099999777,8,0.405,264.064912109375
kvrocks,set,104857600,128,819200,8,SMEMBERS,4,10.26,370.687,507.903,1261.567,85,9.237043526009074,8,1.442,1090.256669921875
lavik,set,104857600,128,819200,8,SMEMBERS,4,2.39,1753.087,2039.807,2039.807,20,9.234373321000021,8,0.307,254.249892578125
redis,set,104857600,128,819200,8,SMEMBERS,4,4.52,888.831,1531.903,1531.903,37,9.233870534000744,8,0.597,480.542744140625
valkey,set,104857600,128,819200,8,SMEMBERS,4,3.61,1089.535,1916.927,1916.927,29,9.234612539003137,8,0.584,383.68591796875
kvrocks,set,104857600,128,819200,8,SMEMBERS,16,21.19,675.839,1482.751,1703.935,174,9.247572263004258,8,3.302,2251.818564453125
redis,set,104857600,128,819200,8,SMEMBERS,16,4.33,3637.247,6586.367,6586.367,41,10.234810533002019,8,0.656,459.6017578125
valkey,set,104857600,128,819200,8,SMEMBERS,16,3.81,4177.919,7864.319,7864.319,32,9.234338851994835,8,0.677,405.0945703125
kvrocks,set,104857600,1024,102400,8,SADD_SREM,80,282499.46,0.263,0.687,0.911,2260372,9.285692253994057,8,4.114,287.1937109375
lavik,set,104857600,1024,102400,8,SADD_SREM,80,4709.26,14.143,53.247,60.927,37801,9.281743090999953,8,0.075,4.787509765625
redis,set,104857600,1024,102400,8,SADD_SREM,80,436503.29,0.175,0.343,0.447,3492362,9.2840886559934,8,6.374,443.756591796875
valkey,set,104857600,1024,102400,8,SADD_SREM,80,503070.48,0.151,0.287,0.463,4024923,9.284165821001807,8,7.285,511.429912109375
kvrocks,set,104857600,1024,102400,8,SADD_SREM,320,326195.19,0.895,2.383,3.199,2610407,9.286548410003888,8,4.888,331.615517578125
lavik,set,104857600,1024,102400,8,SADD_SREM,320,4833.59,59.391,197.631,212.991,39084,9.330042435001815,8,0.101,4.91390625
redis,set,104857600,1024,102400,8,SADD_SREM,320,704562.02,0.439,0.975,1.375,5638991,9.334937957995862,8,9.594,716.269599609375
valkey,set,104857600,1024,102400,8,SADD_SREM,320,645920.97,0.471,0.951,1.527,5170682,9.334893400999135,8,8.411,656.65412109375
kvrocks,set,104857600,1024,102400,8,SADD_SREM,1280,340002.84,3.679,6.111,16.127,2725730,9.436860506000812,8,5.317,345.652607421875
lavik,set,104857600,1024,102400,8,SADD_SREM,1280,5399.98,264.191,387.071,405.503,44148,9.481440002004092,8,0.225,5.489716796875
redis,set,104857600,1024,102400,8,SADD_SREM,1280,843652.71,1.287,4.511,7.999,6755458,9.437322193996806,8,12.035,857.67154296875
valkey,set,104857600,1024,102400,8,SADD_SREM,1280,682870.98,1.879,3.615,9.279,5467595,9.486893944995245,8,9.498,694.218125
kvrocks,set,104857600,1024,102400,8,SADD_SREM,2560,322595.85,7.615,14.207,30.719,2590265,9.641371548001189,8,5.345,327.9563671875
lavik,set,104857600,1024,102400,8,SADD_SREM,2560,7902.28,329.727,630.783,651.263,65343,9.681804016996466,8,0.443,8.033583984375
redis,set,104857600,1024,102400,8,SADD_SREM,2560,865280.17,2.591,7.295,18.047,6936104,9.787962932998198,8,13.077,879.65837890625
valkey,set,104857600,1024,102400,8,SADD_SREM,2560,685762.56,3.615,6.463,20.095,5497013,9.637509031999798,8,10.177,697.15775390625
kvrocks,set,104857600,1024,102400,8,SADD_SREM,5120,298214.44,16.383,36.607,65.535,2396179,10.044780031006667,8,5.342,303.16982421875
lavik,set,104857600,1024,102400,8,SADD_SREM,5120,12739.23,327.679,872.447,892.927,106983,11.083479371001886,8,0.834,12.95091796875
redis,set,104857600,1024,102400,8,SADD_SREM,5120,704083.58,7.135,18.943,51.199,5654365,10.0899969710008,8,11.628,715.783212890625
valkey,set,104857600,1024,102400,8,SADD_SREM,5120,538387.25,9.215,25.855,48.383,4326586,10.037907223995717,8,8.655,547.33353515625
kvrocks,set,104857600,1024,102400,8,SISMEMBER,80,430271.14,0.175,0.375,0.687,3442725,9.292267179000191,8,6.448,439.472568359375
lavik,set,104857600,1024,102400,8,SISMEMBER,80,247320.14,0.303,0.623,0.759,1978944,9.282707455997297,8,3.558,252.609130859375
redis,set,104857600,1024,102400,8,SISMEMBER,80,440217.74,0.175,0.343,0.463,3522257,9.284249699005159,8,6.462,449.631884765625
valkey,set,104857600,1024,102400,8,SISMEMBER,80,533462.21,0.143,0.287,0.447,4268843,9.28313558800437,8,7.475,544.870400390625
kvrocks,set,104857600,1024,102400,8,SISMEMBER,320,615184.99,0.487,1.127,2.559,4924909,9.348310856003081,8,8.453,628.34083984375
lavik,set,104857600,1024,102400,8,SISMEMBER,320,268782.28,0.823,3.727,4.351,2152777,9.333401194999169,8,4.011,274.530244140625
redis,set,104857600,1024,102400,8,SISMEMBER,320,701632.38,0.431,1.015,1.519,5618543,9.335732355997607,8,9.601,716.636923828125
valkey,set,104857600,1024,102400,8,SISMEMBER,320,679505.34,0.447,1.023,2.207,5438794,9.337407102997531,8,8.808,694.036689453125
kvrocks,set,104857600,1024,102400,8,SISMEMBER,1280,621669.96,2.023,3.231,14.207,4982773,9.59861118599656,8,9.126,634.9644921875
lavik,set,104857600,1024,102400,8,SISMEMBER,1280,208651.6,0.335,24.831,37.887,1675087,9.634304431994678,8,3.288,213.113662109375
redis,set,104857600,1024,102400,8,SISMEMBER,1280,836710.11,1.263,4.767,11.327,6705143,9.588554581001517,8,12.122,854.6033203125
valkey,set,104857600,1024,102400,8,SISMEMBER,1280,723755.06,1.719,4.127,12.415,5799547,9.637428697998985,8,10.311,739.232705078125
kvrocks,set,104857600,1024,102400,8,SISMEMBER,2560,595955.6,4.159,6.911,28.799,4785853,9.903866041000583,8,9.279,608.700224609375
lavik,set,104857600,1024,102400,8,SISMEMBER,2560,192851.1,0.431,54.271,66.559,1553600,9.98580678700091,8,3.367,196.975263671875
redis,set,104857600,1024,102400,8,SISMEMBER,2560,878435.08,2.575,7.167,23.167,7053622,9.938860890004435,8,13.627,897.2205859375
valkey,set,104857600,1024,102400,8,SISMEMBER,2560,872634.31,2.511,7.007,24.063,7003619,9.940259675997368,8,13.259,891.29576171875
kvrocks,set,104857600,1024,102400,8,SISMEMBER,5120,524783.45,9.215,34.559,70.655,4243547,11.604900913996971,8,8.204,536.006044921875
lavik,set,104857600,1024,102400,8,SISMEMBER,5120,181275.74,27.519,107.007,125.439,1462460,11.63863454600505,8,3.537,185.15236328125
redis,set,104857600,1024,102400,8,SISMEMBER,5120,680444.83,7.135,25.087,66.047,5483579,10.6403543599954,8,11.748,694.99626953125
valkey,set,104857600,1024,102400,8,SISMEMBER,5120,564772.79,8.959,33.279,70.655,4550432,11.643400317996566,8,8.528,576.85056640625
kvrocks,set,104857600,1024,102400,8,SMEMBERS,1,2.96,193.535,1810.431,1810.431,24,9.235600462998264,8,0.247,298.49234375
lavik,set,104857600,1024,102400,8,SMEMBERS,1,0.56,1769.471,1892.351,1892.351,5,9.385632163997798,8,0.045,56.120810546875
redis,set,104857600,1024,102400,8,SMEMBERS,1,5.6,158.719,1064.959,1064.959,45,9.235501590999775,8,0.49,564.813388671875
valkey,set,104857600,1024,102400,8,SMEMBERS,1,3.91,254.975,296.959,296.959,32,9.233427518993267,8,0.67,394.6248828125
kvrocks,set,104857600,1024,102400,8,SMEMBERS,4,15.99,220.159,905.215,1007.615,135,9.238737923005829,8,1.62,1613.103974609375
lavik,set,104857600,1024,102400,8,SMEMBERS,4,2.12,1835.007,2064.383,2064.383,20,10.28757808500086,8,0.265,214.345869140625
redis,set,104857600,1024,102400,8,SMEMBERS,4,15.06,245.759,786.431,905.215,121,9.2350117590031,8,1.287,1519.376220703125
valkey,set,104857600,1024,102400,8,SMEMBERS,4,9.27,430.079,729.087,1048.575,75,9.234929817001102,8,0.792,935.24306640625
kvrocks,set,104857600,1024,102400,8,SMEMBERS,16,28.45,479.231,1294.335,2039.807,228,9.253230734000681,8,2.974,2870.063232421875
lavik,set,104857600,1024,102400,8,SMEMBERS,16,7.49,2015.231,2359.295,2408.447,70,10.28802054800326,8,0.707,755.3605078125
redis,set,104857600,1024,102400,8,SMEMBERS,16,16.51,860.159,2179.071,2244.607,140,9.233846098999493,8,1.567,1665.07357421875
valkey,set,104857600,1024,102400,8,SMEMBERS,16,10.02,1581.055,2949.119,3047.423,82,9.234703763999278,8,1.349,1010.5615234375
lavik,stream,65536,128,512,64,XADD_MAXLEN,80,6168.12,0.415,102.911,110.079,49572,9.281937682997523,8,0.089,1.3571875
redis,stream,65536,128,512,64,XADD_MAXLEN,80,360508.28,0.215,0.455,0.535,2884236,9.283103541998571,8,5.146,79.32658203125
valkey,stream,65536,128,512,64,XADD_MAXLEN,80,406207.03,0.191,0.327,0.559,3250006,9.282558773997152,8,5.933,89.386103515625
lavik,stream,65536,128,512,64,XADD_MAXLEN,320,6314.21,0.567,415.743,425.983,51567,9.2811365689995,8,0.112,1.389326171875
redis,stream,65536,128,512,64,XADD_MAXLEN,320,499316.31,0.655,1.111,1.471,3995626,9.283445387998654,8,7.356,109.891103515625
valkey,stream,65536,128,512,64,XADD_MAXLEN,320,528581.52,0.535,1.383,1.671,4229398,9.28494232400044,8,7.141,116.342255859375
lavik,stream,65536,128,512,64,XADD_MAXLEN,1280,6682.94,96.767,1073.151,1114.111,55914,10.432488788999763,8,0.196,1.47046875
redis,stream,65536,128,512,64,XADD_MAXLEN,1280,555347.37,2.319,3.071,11.327,4445860,9.43433299499884,8,8.141,122.24244140625
valkey,stream,65536,128,512,64,XADD_MAXLEN,1280,485502.34,2.415,7.263,12.991,3891713,9.433725893999508,8,6.791,106.85056640625
lavik,stream,65536,128,512,64,XADD_MAXLEN,2560,6836.2,274.431,1441.791,1490.943,58327,10.632967081997776,8,0.292,1.504189453125
redis,stream,65536,128,512,64,XADD_MAXLEN,2560,543764.48,4.735,6.591,26.367,4365239,9.585820880001847,8,8.303,119.69294921875
valkey,stream,65536,128,512,64,XADD_MAXLEN,2560,460558.91,5.599,7.935,27.135,3691749,9.585066052997718,8,6.616,101.356328125
lavik,stream,65536,128,512,64,XADD_MAXLEN,5120,7110.15,630.783,2424.831,2441.215,62857,11.935931002997677,8,0.424,1.564453125
redis,stream,65536,128,512,64,XADD_MAXLEN,5120,502462.98,9.727,24.575,55.551,4035860,10.889406665002753,8,7.423,110.5876953125
valkey,stream,65536,128,512,64,XADD_MAXLEN,5120,538575.28,9.151,24.319,40.703,4325723,9.887521739001386,8,8.409,118.556728515625
lavik,stream,65536,128,512,64,XRANGE,80,120255.1,0.551,2.223,3.167,962255,9.281874281001365,8,2.85,25.183916015625
redis,stream,65536,128,512,64,XRANGE,80,272008.5,0.295,0.591,0.671,2176306,9.282643964997987,8,4.019,56.96423828125
valkey,stream,65536,128,512,64,XRANGE,80,401385.01,0.191,0.351,0.551,3211976,9.28237548800098,8,5.847,84.0583984375
lavik,stream,65536,128,512,64,XRANGE,320,135511.96,1.631,11.199,17.279,1085710,9.3326885030001,8,3.346,28.37880859375
redis,stream,65536,128,512,64,XRANGE,320,339381.4,0.935,1.207,2.287,2716853,9.332249533999857,8,5.261,71.073271484375
valkey,stream,65536,128,512,64,XRANGE,320,411386.0,0.735,1.775,2.287,3291854,9.332360917000187,8,5.923,86.15255859375
lavik,stream,65536,128,512,64,XRANGE,1280,104391.35,0.599,111.615,118.271,841035,9.633579633002228,8,2.664,21.86123046875
redis,stream,65536,128,512,64,XRANGE,1280,336295.81,3.775,4.735,18.815,2695459,9.583233355999255,8,5.477,70.426787109375
valkey,stream,65536,128,512,64,XRANGE,1280,254786.72,4.799,7.231,22.399,2045971,9.58245492199785,8,3.832,53.35703125
lavik,stream,65536,128,512,64,XRANGE,2560,94784.81,0.559,246.783,253.951,765868,9.934293610000168,8,2.682,19.848857421875
redis,stream,65536,128,512,64,XRANGE,2560,345283.05,7.135,14.783,41.215,2772895,9.934861312998692,8,5.976,72.30833984375
valkey,stream,65536,128,512,64,XRANGE,2560,211563.46,11.967,23.167,45.567,1699019,9.934653098000126,8,3.538,44.304609375
lavik,stream,65536,128,512,64,XRANGE,5120,92191.99,0.599,503.807,511.999,750318,10.685789068000304,8,3.096,19.304736328125
redis,stream,65536,128,512,64,XRANGE,5120,318777.84,15.807,49.919,99.327,2568138,11.58933252800125,8,5.475,66.756611328125
valkey,stream,65536,128,512,64,XRANGE,5120,192813.45,25.983,70.143,112.127,1558762,10.585340077999717,8,3.821,40.376806640625
lavik,stream,65536,128,512,64,XRANGE_FULL,16,4289.07,3.471,7.647,9.983,34325,9.282511394998437,8,4.565,339.04619140625
redis,stream,65536,128,512,64,XRANGE_FULL,16,7368.0,2.143,3.311,4.319,58950,9.231083131002379,8,1.665,582.431669921875
valkey,stream,65536,128,512,64,XRANGE_FULL,16,7208.04,2.095,3.951,4.063,57666,9.230759175999992,8,1.385,569.7871484375
lavik,stream,65536,128,512,64,XRANGE_FULL,80,3931.48,20.095,30.975,34.815,31480,9.284906659002445,8,9.379,310.77908203125
redis,stream,65536,128,512,64,XRANGE_FULL,80,7484.89,10.367,18.815,24.703,59911,9.281872089999524,8,1.662,591.672216796875
valkey,stream,65536,128,512,64,XRANGE_FULL,80,7030.31,11.391,17.151,21.375,56272,9.280686367997987,8,1.365,555.73751953125
lavik,stream,65536,1024,64,64,XADD_MAXLEN,80,6203.34,0.567,102.399,108.031,49938,9.281386483999086,8,0.091,6.665595703125
redis,stream,65536,1024,64,64,XADD_MAXLEN,80,340703.47,0.231,0.487,0.559,2725732,9.283037838999007,8,4.957,366.09595703125
valkey,stream,65536,1024,64,64,XADD_MAXLEN,80,364999.92,0.215,0.351,0.535,2920356,8.282050458998128,8,5.466,392.204833984375
lavik,stream,65536,1024,64,64,XADD_MAXLEN,320,6226.77,1.479,432.127,475.135,51404,9.280422437997913,8,0.112,6.6908203125
redis,stream,65536,1024,64,64,XADD_MAXLEN,320,423300.22,0.767,1.071,1.711,3388462,9.2829780510001,8,6.564,454.855693359375
valkey,stream,65536,1024,64,64,XADD_MAXLEN,320,363150.1,0.695,2.223,2.479,2906121,9.333590435999213,8,5.355,390.217587890625
lavik,stream,65536,1024,64,64,XADD_MAXLEN,1280,6431.72,97.279,1044.479,1089.535,54097,10.433458687999519,8,0.196,6.911005859375
redis,stream,65536,1024,64,64,XADD_MAXLEN,1280,460728.14,2.799,3.519,11.903,3690983,9.434602339999401,8,7.237,495.081240234375
valkey,stream,65536,1024,64,64,XADD_MAXLEN,1280,523883.42,2.223,6.367,9.599,4195304,9.436251953997271,8,7.528,562.95642578125
lavik,stream,65536,1024,64,64,XADD_MAXLEN,2560,6564.36,284.671,1572.863,1613.823,56111,10.633357367998542,8,0.286,7.0535546875
redis,stream,65536,1024,64,64,XADD_MAXLEN,2560,447236.84,5.503,8.831,27.903,3589386,9.58587871400232,8,7.334,480.58056640625
valkey,stream,65536,1024,64,64,XADD_MAXLEN,2560,341936.7,7.263,19.327,30.079,2744160,9.635390041999926,8,5.242,367.42146484375
lavik,stream,65536,1024,64,64,XADD_MAXLEN,5120,6864.41,679.935,2457.599,2539.519,61110,11.936347859002126,8,0.417,7.375966796875
redis,stream,65536,1024,64,64,XADD_MAXLEN,5120,364946.03,13.631,29.311,56.831,2935000,9.937269697999,8,6.695,392.1469921875
valkey,stream,65536,1024,64,64,XADD_MAXLEN,5120,387801.85,12.863,30.591,53.759,3115500,9.936464514001273,8,6.405,416.71158203125
lavik,stream,65536,1024,64,64,XRANGE,80,163903.96,0.367,2.111,2.623,1311707,9.28312776799794,8,3.656,174.184169921875
redis,stream,65536,1024,64,64,XRANGE,80,281038.14,0.279,0.567,0.639,2248553,9.282841164000274,8,4.131,298.66513671875
valkey,stream,65536,1024,64,64,XRANGE,80,440367.56,0.175,0.303,0.439,3523450,9.282833135002875,8,6.448,467.987919921875
lavik,stream,65536,1024,64,64,XRANGE,320,132556.43,0.319,19.839,21.375,1065764,9.33282500900168,8,2.877,140.87033203125
redis,stream,65536,1024,64,64,XRANGE,320,357635.01,0.895,1.159,2.079,2863953,9.33259656700102,8,5.617,380.066025390625
valkey,stream,65536,1024,64,64,XRANGE,320,463201.22,0.671,1.423,1.751,3708697,9.382637734001037,8,6.715,492.25359375
lavik,stream,65536,1024,64,64,XRANGE,1280,112757.25,0.295,99.327,107.519,910299,9.633957817000919,8,2.583,119.82923828125
redis,stream,65536,1024,64,64,XRANGE,1280,363970.35,3.487,4.287,18.687,2918157,9.58397568700093,8,5.962,386.79865234375
valkey,stream,65536,1024,64,64,XRANGE,1280,271204.98,4.479,6.527,23.039,2175260,9.583439759000612,8,4.096,288.214970703125
lavik,stream,65536,1024,64,64,XRANGE,2560,98712.52,0.279,229.375,233.471,798676,9.984421327997552,8,2.491,104.903349609375
redis,stream,65536,1024,64,64,XRANGE,2560,378477.2,6.751,12.863,42.751,3045388,10.888129618997482,8,5.733,402.21521484375
valkey,stream,65536,1024,64,64,XRANGE,2560,221726.66,11.391,23.167,48.639,1781728,9.93478041599883,8,3.695,235.632978515625
lavik,stream,65536,1024,64,64,XRANGE,5120,96532.2,0.295,473.087,479.231,783692,10.686165991999587,8,2.867,102.585966796875
redis,stream,65536,1024,64,64,XRANGE,5120,330518.28,15.167,47.615,93.695,2667770,11.640105033999134,8,5.708,351.247666015625
valkey,stream,65536,1024,64,64,XRANGE,5120,218643.39,22.783,59.903,109.055,1762984,10.63753450600052,8,4.297,232.355927734375
lavik,stream,65536,1024,64,64,XRANGE_FULL,16,15494.41,0.871,2.447,2.783,123991,9.283257663999393,8,3.83,1001.18556640625
redis,stream,65536,1024,64,64,XRANGE_FULL,16,36137.63,0.431,0.767,0.895,289118,9.233267404997605,8,3.164,2335.06685546875
valkey,stream,65536,1024,64,64,XRANGE_FULL,16,33688.49,0.471,0.607,0.751,269515,9.279905697996583,8,2.756,2176.813330078125
lavik,stream,65536,1024,64,64,XRANGE_FULL,80,23287.05,3.295,6.527,7.711,186402,9.283356593001372,8,8.029,1504.71484375
redis,stream,65536,1024,64,64,XRANGE_FULL,80,32947.03,2.399,3.343,4.895,263602,9.283187632998306,8,3.045,2128.903388671875
valkey,stream,65536,1024,64,64,XRANGE_FULL,80,38093.46,2.079,3.311,4.479,304798,9.280991455998446,8,3.321,2461.444521484375
lavik,stream,1048576,128,8192,64,XADD_MAXLEN,80,4714.61,1.647,130.559,151.551,37918,9.282480019999639,8,0.071,1.041865234375
redis,stream,1048576,128,8192,64,XADD_MAXLEN,80,358357.03,0.215,0.455,0.527,2867058,9.283389111998986,8,5.145,79.194658203125
valkey,stream,1048576,128,8192,64,XADD_MAXLEN,80,464901.87,0.167,0.319,0.567,3719532,9.282730066999648,8,6.644,102.753466796875
lavik,stream,1048576,128,8192,64,XADD_MAXLEN,320,5154.89,2.255,382.975,393.215,41942,9.28214797200053,8,0.098,1.13916015625
redis,stream,1048576,128,8192,64,XADD_MAXLEN,320,488080.66,0.671,1.063,1.511,3905986,9.28358905999994,8,7.238,107.88171875
valkey,stream,1048576,128,8192,64,XADD_MAXLEN,320,520292.88,0.543,1.519,1.799,4163714,9.33338697599902,8,7.115,115.01267578125
lavik,stream,1048576,128,8192,64,XADD_MAXLEN,1280,5342.25,95.231,958.463,966.655,44593,9.43119289400056,8,0.186,1.180576171875
redis,stream,1048576,128,8192,64,XADD_MAXLEN,1280,541729.0,2.383,3.055,12.671,4342381,9.434236261000478,8,7.95,119.75708984375
valkey,stream,1048576,128,8192,64,XADD_MAXLEN,1280,441790.13,2.575,7.647,12.799,3539448,9.433301182001742,8,6.28,97.641337890625
lavik,stream,1048576,128,8192,64,XADD_MAXLEN,2560,5651.85,428.031,1179.647,1187.839,47806,10.583191955000075,8,0.293,1.248974609375
redis,stream,1048576,128,8192,64,XADD_MAXLEN,2560,543305.18,4.639,6.495,22.399,4354497,9.58527993700045,8,8.342,120.10748046875
valkey,stream,1048576,128,8192,64,XADD_MAXLEN,2560,462231.36,5.791,8.319,28.671,3707830,9.585008918002131,8,6.647,102.1679296875
lavik,stream,1048576,128,8192,64,XADD_MAXLEN,5120,5931.97,868.351,2277.375,2293.759,52019,11.93546792199777,8,0.4,1.31087890625
redis,stream,1048576,128,8192,64,XADD_MAXLEN,5120,486656.11,10.111,25.215,56.831,3908818,9.887235444999533,8,8.191,107.56818359375
valkey,stream,1048576,128,8192,64,XADD_MAXLEN,5120,522331.15,9.407,25.343,46.591,4193591,9.93684850900172,8,8.173,115.473916015625
lavik,stream,1048576,128,8192,64,XRANGE,80,41803.86,2.015,5.183,6.399,334477,9.531991872998333,8,0.956,8.8741796875
redis,stream,1048576,128,8192,64,XRANGE,80,265993.7,0.303,0.591,0.679,2128405,9.382749939999485,8,3.855,56.46560546875
valkey,stream,1048576,128,8192,64,XRANGE,80,388646.37,0.199,0.367,0.535,3109513,9.382716627998889,8,5.615,82.502568359375
lavik,stream,1048576,128,8192,64,XRANGE,320,43545.26,2.271,49.407,51.711,349033,9.381988896999246,8,1.034,9.24373046875
redis,stream,1048576,128,8192,64,XRANGE,320,324430.55,0.983,1.247,2.319,2596891,9.332303352999588,8,5.043,68.87044921875
valkey,stream,1048576,128,8192,64,XRANGE,320,403711.38,0.775,1.191,1.719,3230358,9.333212997000373,8,5.848,85.700302734375
lavik,stream,1048576,128,8192,64,XRANGE,1280,39578.93,2.047,266.239,270.335,318947,9.632509930001106,8,1.096,8.40126953125
redis,stream,1048576,128,8192,64,XRANGE,1280,331803.95,3.807,4.863,19.327,2663318,9.58305302000008,8,5.391,70.435322265625
valkey,stream,1048576,128,8192,64,XRANGE,1280,228569.18,5.567,6.463,24.575,1835376,9.582899663000717,8,3.426,48.520546875
lavik,stream,1048576,128,8192,64,XRANGE,2560,38126.23,2.063,565.247,573.439,309288,9.933184884001093,8,1.284,8.09236328125
redis,stream,1048576,128,8192,64,XRANGE,2560,336558.26,7.359,15.295,44.543,2704528,10.034949158998643,8,5.852,71.444208984375
valkey,stream,1048576,128,8192,64,XRANGE,2560,216750.38,11.647,23.295,48.383,1741200,9.934654223001417,8,3.589,46.010712890625
lavik,stream,1048576,128,8192,64,XRANGE,5120,37556.46,2.175,1163.263,1171.455,309064,11.63723170099911,8,1.645,7.9701953125
redis,stream,1048576,128,8192,64,XRANGE,5120,314299.74,15.935,48.127,91.135,2533475,11.539251759000763,8,5.461,66.717890625
valkey,stream,1048576,128,8192,64,XRANGE,5120,188172.43,26.623,65.535,113.663,1517754,10.53674661399782,8,3.793,39.943828125
lavik,stream,1048576,128,8192,64,XRANGE_FULL,16,248.44,63.743,108.031,121.855,1988,9.531623172999389,8,4.549,316.121005859375
redis,stream,1048576,128,8192,64,XRANGE_FULL,16,425.56,36.095,72.191,83.967,3405,9.483347014000174,8,1.427,541.4980078125
valkey,stream,1048576,128,8192,64,XRANGE_FULL,16,320.18,46.079,76.799,84.479,2572,9.382552331000625,8,1.578,407.40970703125
lavik,stream,1048576,128,8192,64,XRANGE_FULL,80,250.54,321.535,428.031,454.655,2033,9.282784303999506,8,8.721,318.796064453125
redis,stream,1048576,128,8192,64,XRANGE_FULL,80,424.08,168.959,342.015,481.279,3429,9.283387267001672,8,1.415,539.6126953125
valkey,stream,1048576,128,8192,64,XRANGE_FULL,80,327.49,240.639,370.687,446.463,2635,9.282392110999353,8,1.53,416.710654296875
lavik,stream,1048576,1024,1024,64,XADD_MAXLEN,80,5576.27,1.935,100.863,114.175,44782,9.280524118003086,8,0.084,6.002421875
redis,stream,1048576,1024,1024,64,XADD_MAXLEN,80,323760.55,0.239,0.511,0.575,2590187,9.284035893997498,8,4.748,348.5071484375
valkey,stream,1048576,1024,1024,64,XADD_MAXLEN,80,393696.34,0.199,0.351,0.527,3149868,9.283059517998481,8,5.74,423.792314453125
lavik,stream,1048576,1024,1024,64,XADD_MAXLEN,320,5549.53,2.607,477.183,489.471,45269,9.331727133998356,8,0.105,5.973681640625
redis,stream,1048576,1024,1024,64,XADD_MAXLEN,320,384930.88,0.839,1.071,1.847,3081272,9.28320131199871,8,6.061,414.356494140625
valkey,stream,1048576,1024,1024,64,XADD_MAXLEN,320,348069.27,0.783,2.447,2.687,2785354,9.333272378000402,8,5.156,374.6763671875
lavik,stream,1048576,1024,1024,64,XADD_MAXLEN,1280,5585.5,141.311,1179.647,1220.607,46891,10.43321233000097,8,0.181,6.012373046875
redis,stream,1048576,1024,1024,64,XADD_MAXLEN,1280,419167.55,3.055,3.855,11.903,3356389,9.434534642998187,8,6.659,451.214716796875
valkey,stream,1048576,1024,1024,64,XADD_MAXLEN,1280,342622.46,3.743,10.239,13.951,2745996,9.434425368002849,8,5.067,368.81265625
lavik,stream,1048576,1024,1024,64,XADD_MAXLEN,2560,5669.53,276.479,1400.831,1409.023,48269,10.633820903000014,8,0.285,6.102841796875
redis,stream,1048576,1024,1024,64,XADD_MAXLEN,2560,403536.54,6.143,10.239,31.231,3237974,9.585568744998454,8,6.698,434.3865234375
valkey,stream,1048576,1024,1024,64,XADD_MAXLEN,2560,443445.6,5.663,8.639,25.983,3554220,9.635417563000374,8,6.68,477.351962890625
lavik,stream,1048576,1024,1024,64,XADD_MAXLEN,5120,5977.59,884.735,2654.207,2686.975,53751,11.98630742900059,8,0.391,6.434482421875
redis,stream,1048576,1024,1024,64,XADD_MAXLEN,5120,348860.77,14.847,30.719,55.551,2801143,10.938809841001785,8,5.615,375.526435546875
valkey,stream,1048576,1024,1024,64,XADD_MAXLEN,5120,352766.78,14.079,34.047,60.927,2833021,9.93451726299827,8,5.856,379.733984375
lavik,stream,1048576,1024,1024,64,XRANGE,80,57450.91,0.775,4.671,5.919,460184,9.53263472099934,8,1.215,61.21857421875
redis,stream,1048576,1024,1024,64,XRANGE,80,288178.77,0.271,0.567,0.663,2306363,9.283086431998527,8,4.186,307.078115234375
valkey,stream,1048576,1024,1024,64,XRANGE,80,417312.14,0.183,0.343,0.583,3339472,9.433441151999432,8,6.164,444.6803125
lavik,stream,1048576,1024,1024,64,XRANGE,320,58595.0,1.103,37.119,40.959,469990,9.382302278998395,8,1.291,62.4376171875
redis,stream,1048576,1024,1024,64,XRANGE,320,346484.03,0.927,1.175,2.175,2773403,9.332613277001656,8,5.44,369.206826171875
valkey,stream,1048576,1024,1024,64,XRANGE,320,436290.64,0.711,1.519,1.967,3491391,9.332642338002188,8,6.3,464.903271484375
lavik,stream,1048576,1024,1024,64,XRANGE,1280,52764.86,1.015,204.799,210.943,424803,9.633279761001177,8,1.315,56.224638671875
redis,stream,1048576,1024,1024,64,XRANGE,1280,349674.42,3.599,4.511,21.119,2808508,9.583688574999542,8,5.713,372.606064453125
valkey,stream,1048576,1024,1024,64,XRANGE,1280,264880.18,4.607,13.631,24.063,2123337,9.583030846999463,8,4.024,282.250888671875
lavik,stream,1048576,1024,1024,64,XRANGE,2560,48549.31,1.071,458.751,468.991,392526,9.983859068001038,8,1.433,51.732041015625
redis,stream,1048576,1024,1024,64,XRANGE,2560,348676.03,7.103,14.655,43.263,2800409,9.93568821199733,8,6.1,371.541650390625
valkey,stream,1048576,1024,1024,64,XRANGE,2560,216619.63,11.775,23.807,48.127,1740295,10.886672425000143,8,3.21,230.824736328125
lavik,stream,1048576,1024,1024,64,XRANGE,5120,47937.72,1.231,892.927,950.271,392451,10.685356722999131,8,1.954,51.079267578125
redis,stream,1048576,1024,1024,64,XRANGE,5120,302989.27,15.999,48.895,91.135,2443550,10.588050433998433,8,5.992,322.8575
valkey,stream,1048576,1024,1024,64,XRANGE,5120,212546.87,22.911,59.903,107.007,1716177,10.586524321999605,8,4.204,226.483583984375
lavik,stream,1048576,1024,1024,64,XRANGE_FULL,16,968.08,14.975,29.951,35.327,7753,9.381706316002237,8,3.874,1001.14095703125
redis,stream,1048576,1024,1024,64,XRANGE_FULL,16,1492.23,10.687,19.455,21.247,11952,9.282958115996735,8,1.811,1543.196337890625
valkey,stream,1048576,1024,1024,64,XRANGE_FULL,16,779.48,20.863,28.543,42.239,6239,9.434311589000572,8,1.272,806.102314453125
lavik,stream,1048576,1024,1024,64,XRANGE_FULL,80,1526.33,51.967,90.111,100.351,12248,9.28482606399848,8,8.483,1578.4598046875
redis,stream,1048576,1024,1024,64,XRANGE_FULL,80,1346.08,58.111,114.175,127.999,10789,9.283289327002421,8,1.644,1392.04880859375
valkey,stream,1048576,1024,1024,64,XRANGE_FULL,80,885.2,91.647,143.359,181.247,7141,9.285374795999815,8,1.686,915.430732421875
kvrocks,stream,104857600,128,819200,8,XADD_MAXLEN,80,131669.65,0.567,1.551,2.023,1053539,9.283564084995305,8,1.799,29.181875
lavik,stream,104857600,128,819200,8,XADD_MAXLEN,80,620.57,117.247,321.535,348.159,5018,9.287724228997831,8,0.02,0.1373046875
redis,stream,104857600,128,819200,8,XADD_MAXLEN,80,358145.0,0.215,0.463,0.543,2865699,9.283724340006302,8,5.072,79.50572265625
valkey,stream,104857600,128,819200,8,XADD_MAXLEN,80,447260.89,0.167,0.351,0.567,3578686,9.283313645995804,8,6.378,99.307822265625
kvrocks,stream,104857600,128,819200,8,XADD_MAXLEN,320,144036.77,2.159,3.999,4.895,1152533,9.283887855999637,8,1.991,31.92974609375
lavik,stream,104857600,128,819200,8,XADD_MAXLEN,320,641.36,495.615,937.983,958.463,5275,9.287806804000866,8,0.04,0.141904296875
redis,stream,104857600,128,819200,8,XADD_MAXLEN,320,466753.41,0.695,1.087,1.543,3734263,9.28306617099588,8,6.953,103.639130859375
valkey,stream,104857600,128,819200,8,XADD_MAXLEN,320,424270.09,0.591,1.791,2.223,3395179,9.285310990999278,8,6.008,94.199150390625
kvrocks,stream,104857600,128,819200,8,XADD_MAXLEN,1280,147135.53,8.575,13.311,18.815,1179002,9.434918684011791,8,2.241,32.6183984375
lavik,stream,104857600,128,819200,8,XADD_MAXLEN,1280,673.75,1925.119,2834.431,2867.199,6088,11.442428092006594,8,0.072,0.149072265625
redis,stream,104857600,128,819200,8,XADD_MAXLEN,1280,537235.67,2.399,3.167,10.815,4304185,9.434447861996887,8,7.996,119.30126953125
valkey,stream,104857600,128,819200,8,XADD_MAXLEN,1280,443892.82,2.687,7.551,12.863,3555637,9.43352694100031,8,6.31,98.559697265625
kvrocks,stream,104857600,128,819200,8,XADD_MAXLEN,2560,150699.83,16.639,28.031,36.863,1207816,9.586382071996923,8,2.497,33.410458984375
lavik,stream,104857600,128,819200,8,XADD_MAXLEN,2560,759.25,4128.767,4456.447,4489.215,7419,13.598586278007133,8,0.087,0.16798828125
redis,stream,104857600,128,819200,8,XADD_MAXLEN,2560,539916.14,4.703,6.559,22.527,4332144,9.585808408002777,8,8.227,119.89716796875
valkey,stream,104857600,128,819200,8,XADD_MAXLEN,2560,495949.91,4.511,15.295,26.367,3975405,9.58587052099756,8,7.216,110.128291015625
kvrocks,stream,104857600,128,819200,8,XADD_MAXLEN,5120,144573.72,35.327,58.367,69.631,1161301,9.886949445994105,8,2.672,32.0494921875
lavik,stream,104857600,128,819200,8,XADD_MAXLEN,5120,793.95,7733.247,9043.967,9109.503,9964,17.960167383003864,8,0.101,0.1756640625
redis,stream,104857600,128,819200,8,XADD_MAXLEN,5120,452836.81,10.879,25.855,49.919,3637135,9.887363390000246,8,7.636,100.547841796875
valkey,stream,104857600,128,819200,8,XADD_MAXLEN,5120,515215.09,9.599,24.447,49.663,4134920,9.937875730996893,8,8.021,114.409404296875
kvrocks,stream,104857600,128,819200,8,XRANGE,80,430837.89,0.175,0.367,0.759,3447903,9.292838456007303,8,6.502,92.909951171875
lavik,stream,104857600,128,819200,8,XRANGE,80,943.24,62.207,278.527,309.247,7553,9.286079786004848,8,0.044,0.20333984375
redis,stream,104857600,128,819200,8,XRANGE,80,251696.7,0.319,0.599,0.719,2014040,9.283057163003832,8,3.713,54.278232421875
valkey,stream,104857600,128,819200,8,XRANGE,80,367282.77,0.215,0.367,0.495,2938740,9.28248139799689,8,5.386,79.204326171875
kvrocks,stream,104857600,128,819200,8,XRANGE,320,610768.4,0.503,1.055,2.975,4888961,9.344144326998503,8,8.614,131.71169921875
lavik,stream,104857600,128,819200,8,XRANGE,320,1038.53,249.855,995.327,1097.727,8337,9.335702058000606,8,0.111,0.2237109375
redis,stream,104857600,128,819200,8,XRANGE,320,312050.14,1.015,1.311,2.447,2497459,9.332415523000236,8,4.825,67.2932421875
valkey,stream,104857600,128,819200,8,XRANGE,320,380403.84,0.831,1.143,1.959,3045784,9.332285142001638,8,5.546,82.03369140625
kvrocks,stream,104857600,128,819200,8,XRANGE,1280,625105.5,1.999,3.151,12.159,5009216,9.594229833994177,8,9.229,134.80271484375
lavik,stream,104857600,128,819200,8,XRANGE,1280,1065.68,970.751,3883.007,4112.383,8617,9.585562036998454,8,0.285,0.228955078125
redis,stream,104857600,128,819200,8,XRANGE,1280,313845.82,4.047,5.215,20.991,2514716,9.583083473997249,8,5.146,67.679716796875
valkey,stream,104857600,128,819200,8,XRANGE,1280,362181.74,3.327,10.111,16.767,2907921,9.583371669999906,8,5.428,78.103408203125
kvrocks,stream,104857600,128,819200,8,XRANGE,2560,610785.67,4.127,6.879,25.471,4902848,9.90297393000219,8,9.579,131.713701171875
lavik,stream,104857600,128,819200,8,XRANGE,2560,1058.63,2310.143,6848.511,6881.279,8593,9.88660456899379,8,0.354,0.22564453125
redis,stream,104857600,128,819200,8,XRANGE,2560,319361.69,7.711,16.895,44.543,2565687,9.935100537004473,8,5.546,68.86830078125
valkey,stream,104857600,128,819200,8,XRANGE,2560,207056.97,12.223,24.191,49.407,1667114,9.934742455996457,8,3.433,44.65
kvrocks,stream,104857600,128,819200,8,XRANGE,5120,531292.78,8.831,35.583,86.015,4290415,10.609192326999619,8,9.226,114.5691015625
lavik,stream,104857600,128,819200,8,XRANGE,5120,1036.09,5373.951,8454.143,8454.143,8612,10.487954191004974,8,0.465,0.216474609375
redis,stream,104857600,128,819200,8,XRANGE,5120,288752.79,16.895,52.735,103.423,2334277,10.587403543002438,8,5.695,62.265439453125
valkey,stream,104857600,128,819200,8,XRANGE,5120,196146.36,25.343,59.903,113.151,1586663,10.5865924680038,8,3.956,42.29498046875
kvrocks,stream,104857600,128,819200,8,XRANGE_FULL,1,1.4,712.703,749.567,749.567,12,9.336511264002183,8,0.391,179.8493359375
lavik,stream,104857600,128,819200,8,XRANGE_FULL,1,0.23,4259.839,4554.751,4554.751,2,9.534620812002686,8,0.286,29.32673828125
redis,stream,104857600,128,819200,8,XRANGE_FULL,1,1.57,630.783,688.127,688.127,13,9.3326418200013,8,0.643,201.962744140625
valkey,stream,104857600,128,819200,8,XRANGE_FULL,1,1.85,540.671,552.959,552.959,15,9.484349942002154,8,0.518,238.5528125
kvrocks,stream,104857600,128,819200,8,XRANGE_FULL,4,5.08,770.047,987.135,987.135,41,9.236778997001238,8,1.554,654.8297265625
lavik,stream,104857600,128,819200,8,XRANGE_FULL,4,0.94,4046.847,4849.663,4849.663,9,12.286651047994383,8,0.959,120.6405859375
redis,stream,104857600,128,819200,8,XRANGE_FULL,4,3.04,1204.223,2686.975,2686.975,25,9.234424312999181,8,1.099,392.07396484375
valkey,stream,104857600,128,819200,8,XRANGE_FULL,4,2.81,1417.215,2490.367,2490.367,23,9.235138673997426,8,0.965,362.439091796875
kvrocks,stream,104857600,128,819200,8,XRANGE_FULL,16,11.51,1114.111,3850.239,3948.543,95,10.243498814001214,8,3.621,1483.064150390625
lavik,stream,104857600,128,819200,8,XRANGE_FULL,16,2.01,6127.615,9895.935,9895.935,26,13.239792325999588,8,3.578,259.51947265625
redis,stream,104857600,128,819200,8,XRANGE_FULL,16,3.09,5144.575,8355.839,8355.839,27,9.28306844799954,8,1.238,398.508427734375
valkey,stream,104857600,128,819200,8,XRANGE_FULL,16,3.28,4816.895,8650.751,8650.751,29,9.285226367996074,8,1.402,422.280791015625
kvrocks,stream,104857600,1024,102400,8,XADD_MAXLEN,80,117613.11,0.591,2.159,2.879,940994,9.284655579001992,8,1.63,126.670869140625
lavik,stream,104857600,1024,102400,8,XADD_MAXLEN,80,731.42,68.607,382.975,413.695,5904,9.287338786001783,8,0.022,0.78751953125
redis,stream,104857600,1024,102400,8,XADD_MAXLEN,80,307584.78,0.255,0.535,0.599,2460789,9.284072563998052,8,4.556,331.3929296875
valkey,stream,104857600,1024,102400,8,XADD_MAXLEN,80,386913.35,0.199,0.399,0.591,3095525,9.283572125001228,8,5.727,416.8816015625
kvrocks,stream,104857600,1024,102400,8,XADD_MAXLEN,320,124939.72,2.463,4.863,6.143,999735,9.284931032991153,8,1.749,134.565947265625
lavik,stream,104857600,1024,102400,8,XADD_MAXLEN,320,758.62,360.447,880.639,901.119,6341,9.287504879990593,8,0.043,0.816806640625
redis,stream,104857600,1024,102400,8,XADD_MAXLEN,320,395917.25,0.815,1.063,1.815,3168137,8.282118189999892,8,6.23,426.58474609375
valkey,stream,104857600,1024,102400,8,XADD_MAXLEN,320,323165.79,0.759,2.447,2.671,2586183,9.28474477900454,8,4.817,348.18396484375
kvrocks,stream,104857600,1024,102400,8,XADD_MAXLEN,1280,127790.08,9.919,15.359,20.991,1024039,9.435934280001675,8,2.007,137.637705078125
lavik,stream,104857600,1024,102400,8,XADD_MAXLEN,1280,837.07,1703.935,2113.535,2129.919,7257,11.442312379993382,8,0.086,0.90126953125
redis,stream,104857600,1024,102400,8,XADD_MAXLEN,1280,416883.98,3.071,3.871,13.567,3339106,9.435036980001314,8,6.591,449.179775390625
valkey,stream,104857600,1024,102400,8,XADD_MAXLEN,1280,328324.32,3.631,10.367,14.399,2631047,9.434839611996722,8,4.862,353.743310546875
kvrocks,stream,104857600,1024,102400,8,XADD_MAXLEN,2560,126017.39,19.711,34.047,41.983,1011588,9.586321904003853,8,2.19,135.72765625
lavik,stream,104857600,1024,102400,8,XADD_MAXLEN,2560,834.41,3457.023,3932.159,3948.543,8525,12.595441918005235,8,0.1,0.898408203125
redis,stream,104857600,1024,102400,8,XADD_MAXLEN,2560,389069.49,6.367,10.879,31.743,3122625,9.635713685005612,8,6.519,419.205732421875
valkey,stream,104857600,1024,102400,8,XADD_MAXLEN,2560,310928.66,8.095,19.967,29.055,2493327,9.635973225995258,8,4.828,334.996943359375
kvrocks,stream,104857600,1024,102400,8,XADD_MAXLEN,5120,126462.04,39.167,68.095,87.039,1018565,9.937422237999272,8,2.429,136.207431640625
lavik,stream,104857600,1024,102400,8,XADD_MAXLEN,5120,900.68,6684.671,7503.871,7536.639,10994,16.956188006006414,8,0.118,0.969765625
redis,stream,104857600,1024,102400,8,XADD_MAXLEN,5120,325101.08,15.359,32.383,59.135,2615354,9.93694757999765,8,5.997,350.270419921875
valkey,stream,104857600,1024,102400,8,XADD_MAXLEN,5120,376797.2,13.567,30.591,53.247,3026105,10.939103417003935,8,5.322,405.973271484375
kvrocks,stream,104857600,1024,102400,8,XRANGE,80,416758.46,0.183,0.367,0.623,3334474,9.289889229010441,8,6.339,445.49376953125
lavik,stream,104857600,1024,102400,8,XRANGE,80,1302.52,47.615,201.727,225.279,10442,9.285593241991592,8,0.049,1.392255859375
redis,stream,104857600,1024,102400,8,XRANGE,80,268446.67,0.295,0.599,0.687,2147685,9.2826749320011,8,3.884,286.95591796875
valkey,stream,104857600,1024,102400,8,XRANGE,80,381092.71,0.199,0.359,0.519,3049010,9.28300057999877,8,5.575,407.368876953125
kvrocks,stream,104857600,1024,102400,8,XRANGE,320,609532.83,0.495,1.087,2.719,4877678,9.34315167699242,8,8.609,651.55970703125
lavik,stream,104857600,1024,102400,8,XRANGE,320,1410.24,172.031,798.719,901.119,11301,9.385756436007796,8,0.111,1.507216796875
redis,stream,104857600,1024,102400,8,XRANGE,320,333408.94,0.959,1.223,2.687,2670736,9.332562281000719,8,5.274,356.39712890625
valkey,stream,104857600,1024,102400,8,XRANGE,320,337259.51,0.983,1.463,2.207,2699817,9.332469601999037,8,4.993,360.513203125
kvrocks,stream,104857600,1024,102400,8,XRANGE,1280,614554.58,2.047,3.327,14.079,4922895,9.597192260000156,8,9.09,656.926943359375
lavik,stream,104857600,1024,102400,8,XRANGE,1280,1456.43,716.799,3096.575,3178.495,11752,9.635604851995595,8,0.311,1.555927734375
redis,stream,104857600,1024,102400,8,XRANGE,1280,349983.48,3.599,4.607,18.559,2805995,9.584028012999624,8,5.717,374.113740234375
valkey,stream,104857600,1024,102400,8,XRANGE,1280,211126.25,6.751,7.775,25.215,1694517,10.586205442996288,8,2.836,225.68236328125
kvrocks,stream,104857600,1024,102400,8,XRANGE,2560,591686.98,4.191,6.815,30.847,4760246,9.947924856009195,8,9.345,632.48162109375
lavik,stream,104857600,1024,102400,8,XRANGE,2560,1452.41,1892.351,3932.159,4014.079,11789,9.93585065699881,8,0.456,1.550498046875
redis,stream,104857600,1024,102400,8,XRANGE,2560,357692.65,7.007,14.143,43.263,2876433,10.937675116998435,8,5.487,382.353564453125
valkey,stream,104857600,1024,102400,8,XRANGE,2560,244414.31,10.815,21.503,46.847,1961539,10.938251293999201,8,3.562,261.264619140625
kvrocks,stream,104857600,1024,102400,8,XRANGE,5120,502976.81,9.343,36.607,82.943,4062763,10.607243038990418,8,8.928,537.652958984375
lavik,stream,104857600,1024,102400,8,XRANGE,5120,1534.47,3604.479,6782.975,6848.511,12526,11.539940475006006,8,0.551,1.634658203125
redis,stream,104857600,1024,102400,8,XRANGE,5120,309395.56,15.679,48.127,94.719,2495329,10.587908185996639,8,6.149,330.7244140625
valkey,stream,104857600,1024,102400,8,XRANGE,5120,212522.59,23.423,57.087,104.447,1714431,10.586746029002825,8,4.258,227.17189453125
kvrocks,stream,104857600,1024,102400,8,XRANGE_FULL,1,3.57,278.527,327.679,327.679,29,9.236318743001902,8,0.357,369.468271484375
lavik,stream,104857600,1024,102400,8,XRANGE_FULL,1,0.55,1769.471,1966.079,1966.079,5,10.53335153599619,8,0.167,56.496494140625
redis,stream,104857600,1024,102400,8,XRANGE_FULL,1,5.18,185.343,240.639,240.639,42,9.23490586400294,8,0.578,536.31376953125
valkey,stream,104857600,1024,102400,8,XRANGE_FULL,1,3.19,319.487,442.367,442.367,26,9.434058737002488,8,0.657,330.701025390625
kvrocks,stream,104857600,1024,102400,8,XRANGE_FULL,4,11.88,321.535,415.743,471.039,99,9.237525372998789,8,1.449,1230.379716796875
lavik,stream,104857600,1024,102400,8,XRANGE_FULL,4,1.95,1908.735,2326.527,2326.527,18,10.282925851002801,8,0.658,201.73673828125
redis,stream,104857600,1024,102400,8,XRANGE_FULL,4,10.15,387.071,708.607,851.967,83,9.233820551002282,8,1.149,1051.460537109375
valkey,stream,104857600,1024,102400,8,XRANGE_FULL,4,7.86,487.423,933.887,946.175,63,9.235334996999882,8,0.906,814.7753125
kvrocks,stream,104857600,1024,102400,8,XRANGE_FULL,16,22.72,581.631,1622.015,1818.623,191,9.243349566007964,8,3.079,2354.060078125
lavik,stream,104857600,1024,102400,8,XRANGE_FULL,16,7.13,2211.839,2605.055,2605.055,64,10.2841028200055,8,2.953,738.52681640625
redis,stream,104857600,1024,102400,8,XRANGE_FULL,16,10.93,1400.831,3637.247,3833.855,88,9.233793225001136,8,1.365,1131.933857421875
valkey,stream,104857600,1024,102400,8,XRANGE_FULL,16,8.67,1802.239,3473.407,3604.479,70,9.234618064001552,8,1.417,898.42373046875
lavik,zset,65536,128,512,64,ZINCRBY,80,6205.76,0.303,99.839,105.983,50036,9.280689605002408,8,0.096,1.098154296875
redis,zset,65536,128,512,64,ZINCRBY,80,442402.69,0.175,0.343,0.439,3539437,9.28406077299951,8,6.258,78.731826171875
valkey,zset,65536,128,512,64,ZINCRBY,80,536223.23,0.143,0.303,0.423,4290365,9.28378190299918,8,7.519,95.438349609375
lavik,zset,65536,128,512,64,ZINCRBY,320,6406.6,1.071,401.407,411.647,52665,9.330758177999087,8,0.135,1.13466796875
redis,zset,65536,128,512,64,ZINCRBY,320,694864.34,0.439,0.991,1.471,5563858,9.334216095998272,8,9.255,124.2237109375
valkey,zset,65536,128,512,64,ZINCRBY,320,745245.19,0.391,1.103,2.479,5965456,9.333805859001586,8,9.681,133.332373046875
lavik,zset,65536,128,512,64,ZINCRBY,1280,6927.03,99.839,983.039,1015.807,57656,10.63313467399712,8,0.318,1.226904296875
redis,zset,65536,128,512,64,ZINCRBY,1280,836177.21,1.319,4.447,10.623,6700400,9.58532065899999,8,11.852,149.694638671875
valkey,zset,65536,128,512,64,ZINCRBY,1280,706555.83,1.791,3.487,11.327,5662573,9.585291205999965,8,9.645,126.4894140625
lavik,zset,65536,128,512,64,ZINCRBY,2560,7079.61,276.479,1409.023,1466.367,60098,10.983611200001178,8,0.56,1.253916015625
redis,zset,65536,128,512,64,ZINCRBY,2560,888087.58,2.559,6.751,24.319,7131028,9.93829349400039,8,13.287,158.348994140625
valkey,zset,65536,128,512,64,ZINCRBY,2560,702427.44,3.487,6.687,27.647,5638940,9.886731323000276,8,10.269,125.750234375
lavik,zset,65536,128,512,64,ZINCRBY,5120,7307.57,638.975,2228.223,2326.527,64345,12.636767587999202,8,0.923,1.29439453125
redis,zset,65536,128,512,64,ZINCRBY,5120,761341.36,6.175,19.071,67.583,6157266,10.640193201001239,8,12.665,136.29712890625
valkey,zset,65536,128,512,64,ZINCRBY,5120,555876.9,8.639,31.999,69.631,4501868,10.638389457999438,8,9.062,99.514453125
lavik,zset,65536,128,512,64,ZRANGE,16,24098.33,0.519,1.471,1.767,192790,8.429761977000453,8,2.848,1705.30109375
redis,zset,65536,128,512,64,ZRANGE,16,28992.44,0.551,0.727,1.103,231946,9.232921950999298,8,3.569,2051.6290625
valkey,zset,65536,128,512,64,ZRANGE,16,20519.68,0.767,1.295,1.647,164166,9.280749319001188,8,2.39,1452.05990234375
lavik,zset,65536,128,512,64,ZRANGE,80,36030.56,1.167,17.151,20.607,288362,9.28294759200071,8,4.729,2549.676298828125
redis,zset,65536,128,512,64,ZRANGE,80,31843.51,2.511,2.799,4.991,254826,9.282800225999381,8,4.2,2253.382861328125
valkey,zset,65536,128,512,64,ZRANGE,80,22825.39,3.487,4.015,4.959,182651,9.28055490600309,8,2.775,1615.22185546875
lavik,zset,65536,128,512,64,ZSCORE,80,383952.8,0.199,0.447,0.567,3072269,9.282705921999877,8,5.586,64.937197265625
redis,zset,65536,128,512,64,ZSCORE,80,462199.51,0.167,0.327,0.423,3698581,9.283941838999453,8,6.492,78.171015625
valkey,zset,65536,128,512,64,ZSCORE,80,555785.55,0.135,0.311,0.551,4446993,9.282220316999883,8,7.549,93.999091796875
lavik,zset,65536,128,512,64,ZSCORE,320,482412.18,0.615,1.647,2.815,3863176,9.333532590000686,8,7.033,81.589384765625
redis,zset,65536,128,512,64,ZSCORE,320,753735.45,0.399,0.975,1.471,6033543,9.334353805999854,8,10.093,127.47771484375
valkey,zset,65536,128,512,64,ZSCORE,320,746826.14,0.391,1.063,2.319,5981176,9.333829766001145,8,9.558,126.30919921875
lavik,zset,65536,128,512,64,ZSCORE,1280,359011.38,0.271,31.871,34.559,2882376,9.634539202001179,8,5.486,60.718759765625
redis,zset,65536,128,512,64,ZSCORE,1280,946673.99,1.135,4.639,10.367,7596274,9.586752692001028,8,13.255,160.10900390625
valkey,zset,65536,128,512,64,ZSCORE,1280,866199.88,1.207,4.575,11.007,6941317,9.63453712899718,8,11.852,146.498681640625
lavik,zset,65536,128,512,64,ZSCORE,2560,322123.29,0.255,73.215,77.823,2588557,9.93490839199876,8,5.202,54.4796875
redis,zset,65536,128,512,64,ZSCORE,2560,1016938.91,2.383,6.175,23.295,8165992,9.938514052002574,8,15.111,171.99271484375
valkey,zset,65536,128,512,64,ZSCORE,2560,843511.97,2.687,6.687,24.063,6772561,9.93672952199995,8,12.33,142.6612890625
lavik,zset,65536,128,512,64,ZSCORE,5120,316872.21,0.311,144.383,151.551,2556505,10.636850505001348,8,5.719,53.59126953125
redis,zset,65536,128,512,64,ZSCORE,5120,819861.99,5.471,17.791,59.647,6606502,11.594026230999589,8,12.05,138.660859375
valkey,zset,65536,128,512,64,ZSCORE,5120,685002.52,7.007,26.751,58.367,5537894,11.641197821001697,8,10.069,115.852431640625
lavik,zset,65536,1024,64,64,ZINCRBY,80,6260.71,0.335,101.375,129.535,50427,9.28025431900096,8,0.097,6.460400390625
redis,zset,65536,1024,64,64,ZINCRBY,80,413165.64,0.191,0.359,0.455,3305861,9.283996242000285,8,6.087,426.949619140625
valkey,zset,65536,1024,64,64,ZINCRBY,80,492076.88,0.159,0.327,0.559,3937705,9.283240389999264,8,6.98,508.505556640625
lavik,zset,65536,1024,64,64,ZINCRBY,320,6610.91,1.751,403.455,411.647,54213,9.330604642000253,8,0.14,6.826142578125
redis,zset,65536,1024,64,64,ZINCRBY,320,615083.57,0.503,1.055,1.455,4924960,9.33435987700068,8,8.781,636.070390625
valkey,zset,65536,1024,64,64,ZINCRBY,320,590197.43,0.551,0.951,2.175,4723700,9.334682808002981,8,8.017,610.401689453125
lavik,zset,65536,1024,64,64,ZINCRBY,1280,6727.95,81.919,1011.711,1073.151,56704,10.783776377000322,8,0.316,6.9469921875
redis,zset,65536,1024,64,64,ZINCRBY,1280,692569.72,1.807,4.255,13.183,5556545,9.585852731001069,8,10.019,716.441474609375
valkey,zset,65536,1024,64,64,ZINCRBY,1280,585554.01,1.631,5.151,15.359,4693945,9.635823063999851,8,8.357,605.737041015625
lavik,zset,65536,1024,64,64,ZINCRBY,2560,7067.09,284.671,1523.711,1548.287,60137,10.983748826001829,8,0.556,7.29720703125
redis,zset,65536,1024,64,64,ZINCRBY,2560,684524.45,3.711,7.743,39.167,5504947,9.938278056000854,8,10.707,707.4508984375
valkey,zset,65536,1024,64,64,ZINCRBY,2560,555585.66,4.479,6.591,30.847,4474448,10.938943280001695,8,7.49,574.735849609375
lavik,zset,65536,1024,64,64,ZINCRBY,5120,7367.53,630.783,2359.295,2424.831,64713,12.687152493002941,8,0.926,7.607421875
redis,zset,65536,1024,64,64,ZINCRBY,5120,568200.53,8.639,30.975,66.047,4590312,10.5898726359992,8,9.897,587.785478515625
valkey,zset,65536,1024,64,64,ZINCRBY,5120,457635.14,11.007,41.983,79.359,3688860,10.638385165999352,8,7.922,473.408955078125
lavik,zset,65536,1024,64,64,ZRANGE,16,21429.04,0.903,1.207,1.351,171444,8.279063644000416,8,1.468,1362.7907421875
redis,zset,65536,1024,64,64,ZRANGE,16,45299.66,0.271,2.943,3.247,362406,9.234389309000107,8,3.385,2880.85453125
valkey,zset,65536,1024,64,64,ZRANGE,16,45307.46,0.287,3.135,3.439,362463,9.280342311998538,8,3.437,2881.350869140625
lavik,zset,65536,1024,64,64,ZRANGE,80,45310.08,1.287,5.855,6.367,362544,9.28257398599817,8,3.973,2881.517099609375
redis,zset,65536,1024,64,64,ZRANGE,80,45324.57,1.103,6.015,6.495,362810,9.283869007002068,8,3.958,2882.438515625
valkey,zset,65536,1024,64,64,ZRANGE,80,45277.62,1.287,6.111,6.591,362340,9.281676104998041,8,3.744,2879.453037109375
lavik,zset,65536,1024,64,64,ZSCORE,80,393841.8,0.199,0.383,0.479,3151233,9.282530702999793,8,5.81,403.191435546875
redis,zset,65536,1024,64,64,ZSCORE,80,432152.76,0.175,0.351,0.447,3458277,9.284169354999904,8,6.318,442.411962890625
valkey,zset,65536,1024,64,64,ZSCORE,80,561168.13,0.135,0.279,0.399,4490900,9.28419497700088,8,8.018,574.49013671875
lavik,zset,65536,1024,64,64,ZSCORE,320,514588.72,0.599,1.311,1.759,4119681,9.334022102997551,8,7.542,526.8048046875
redis,zset,65536,1024,64,64,ZSCORE,320,683022.44,0.447,0.983,1.447,5465827,9.334582700001192,8,9.475,699.237001953125
valkey,zset,65536,1024,64,64,ZSCORE,320,656574.08,0.463,0.959,1.743,5254370,9.334733997999138,8,8.505,672.160791015625
lavik,zset,65536,1024,64,64,ZSCORE,1280,433609.42,1.343,15.103,145.407,3481029,9.635030476998509,8,6.759,443.902822265625
redis,zset,65536,1024,64,64,ZSCORE,1280,792012.44,1.383,4.607,12.735,6346505,9.586258064999129,8,11.499,810.814248046875
valkey,zset,65536,1024,64,64,ZSCORE,1280,713174.4,1.783,4.159,12.607,5714123,9.636834783002996,8,10.084,730.10466796875
lavik,zset,65536,1024,64,64,ZSCORE,2560,395168.15,0.839,45.567,57.599,3175655,9.985836176998419,8,6.622,404.549033203125
redis,zset,65536,1024,64,64,ZSCORE,2560,797845.85,2.847,7.551,25.599,6417963,9.938221150001482,8,12.441,816.786279296875
valkey,zset,65536,1024,64,64,ZSCORE,2560,811424.3,2.735,7.103,29.055,6515045,9.988813141000719,8,12.39,830.687060546875
lavik,zset,65536,1024,64,64,ZSCORE,5120,337801.67,12.927,67.583,114.175,2723855,10.6372861130003,8,6.555,345.8205078125
redis,zset,65536,1024,64,64,ZSCORE,5120,644937.64,7.647,26.623,61.951,5195933,10.640936451000016,8,11.166,660.24767578125
valkey,zset,65536,1024,64,64,ZSCORE,5120,511124.62,10.111,36.351,66.047,4117716,11.641630783000437,8,7.775,523.257939453125
lavik,zset,1048576,128,8192,64,ZINCRBY,80,6101.96,0.559,100.351,140.287,49066,9.281031407997943,8,0.094,1.08505859375
redis,zset,1048576,128,8192,64,ZINCRBY,80,402061.85,0.191,0.383,0.487,3217547,9.283331500002532,8,5.764,71.66927734375
valkey,zset,1048576,128,8192,64,ZINCRBY,80,531647.47,0.143,0.311,0.535,4254679,9.283560330997716,8,7.384,94.825107421875
lavik,zset,1048576,128,8192,64,ZINCRBY,320,6352.75,0.799,409.599,419.839,51807,9.330818603997614,8,0.134,1.13041015625
redis,zset,1048576,128,8192,64,ZINCRBY,320,700169.23,0.439,1.015,1.575,5602701,9.333654966998438,8,9.222,125.28623046875
valkey,zset,1048576,128,8192,64,ZINCRBY,320,675024.05,0.447,0.951,1.911,5404659,9.333618592001585,8,8.57,120.827626953125
lavik,zset,1048576,128,8192,64,ZINCRBY,1280,6787.22,97.791,1007.615,1036.287,56965,10.63345766600105,8,0.314,1.207734375
redis,zset,1048576,128,8192,64,ZINCRBY,1280,851996.44,1.263,4.543,11.455,6829117,9.58517275900158,8,11.968,152.526640625
valkey,zset,1048576,128,8192,64,ZINCRBY,1280,720970.53,1.727,4.159,13.375,5785384,9.635040888999356,8,9.853,129.06994140625
lavik,zset,1048576,128,8192,64,ZINCRBY,2560,6976.57,274.431,1351.679,1392.639,59178,11.384721198002808,8,0.565,1.241357421875
redis,zset,1048576,128,8192,64,ZINCRBY,2560,699301.46,3.695,6.751,31.487,5614897,9.937046664002992,8,10.463,124.82314453125
valkey,zset,1048576,128,8192,64,ZINCRBY,2560,719424.8,3.423,6.751,26.879,5775766,10.93844604900005,8,9.372,128.7931640625
lavik,zset,1048576,128,8192,64,ZINCRBY,5120,7234.76,630.783,2342.911,2359.295,63882,12.6376631680032,8,0.899,1.287158203125
redis,zset,1048576,128,8192,64,ZINCRBY,5120,760067.97,6.303,19.967,57.599,6124516,11.59399161699912,8,11.337,136.06919921875
valkey,zset,1048576,128,8192,64,ZINCRBY,5120,566448.31,8.831,32.767,75.263,4567812,11.591080957998201,8,8.345,101.406962890625
lavik,zset,1048576,128,8192,64,ZRANGE,16,913.67,17.919,24.575,27.263,7313,9.382392041999992,8,1.625,1041.2546484375
redis,zset,1048576,128,8192,64,ZRANGE,16,1423.08,11.135,20.863,23.935,11398,9.232948577999196,8,2.375,1621.792080078125
valkey,zset,1048576,128,8192,64,ZRANGE,16,714.08,21.631,33.279,43.775,5716,9.283386993996828,8,1.762,813.787080078125
lavik,zset,1048576,128,8192,64,ZRANGE,80,1487.59,26.623,303.103,331.775,11959,9.28345779799929,8,2.728,1695.315302734375
redis,zset,1048576,128,8192,64,ZRANGE,80,1441.34,54.783,107.007,116.223,11580,9.283824320998974,8,3.086,1642.60619140625
valkey,zset,1048576,128,8192,64,ZRANGE,80,536.93,151.551,284.671,387.071,4332,9.28326047000155,8,1.525,611.910078125
lavik,zset,1048576,128,8192,64,ZSCORE,80,304199.46,0.255,0.503,0.623,2433888,9.38133544500306,8,4.38,51.738828125
redis,zset,1048576,128,8192,64,ZSCORE,80,464347.55,0.167,0.327,0.415,3715281,9.284260046999407,8,6.577,78.977197265625
valkey,zset,1048576,128,8192,64,ZSCORE,80,550127.12,0.135,0.303,0.511,4401500,9.283825239999715,8,7.527,93.56669921875
lavik,zset,1048576,128,8192,64,ZSCORE,320,378357.64,0.623,4.223,5.535,3028832,9.332860020000226,8,5.591,64.3515625
redis,zset,1048576,128,8192,64,ZSCORE,320,763479.68,0.391,0.991,1.623,6113675,9.334220674998505,8,10.216,129.853857421875
valkey,zset,1048576,128,8192,64,ZSCORE,320,793794.92,0.343,1.319,3.151,6354060,9.333832168002118,8,10.37,135.009951171875
lavik,zset,1048576,128,8192,64,ZSCORE,1280,299639.15,0.335,32.639,34.559,2402279,9.583864418000303,8,4.609,50.962978515625
redis,zset,1048576,128,8192,64,ZSCORE,1280,949964.85,1.135,4.639,10.303,7612436,9.586375621001935,8,13.301,161.57150390625
valkey,zset,1048576,128,8192,64,ZSCORE,1280,845274.59,1.303,4.351,11.199,6771810,9.58624752600008,8,11.625,143.76576171875
lavik,zset,1048576,128,8192,64,ZSCORE,2560,269689.54,0.319,74.751,77.823,2167134,9.93502978199831,8,4.437,45.8688671875
redis,zset,1048576,128,8192,64,ZSCORE,2560,989217.73,2.399,6.527,23.167,7943270,9.938649020998128,8,14.785,168.24759765625
valkey,zset,1048576,128,8192,64,ZSCORE,2560,857402.53,2.687,6.431,24.447,6883874,9.936341577002167,8,12.664,145.8282421875
lavik,zset,1048576,128,8192,64,ZSCORE,5120,257602.88,0.311,160.767,173.055,2078983,10.636355109996657,8,4.639,43.812724609375
redis,zset,1048576,128,8192,64,ZSCORE,5120,830520.68,5.343,17.791,64.255,6691726,10.640616059001331,8,13.494,141.25552734375
valkey,zset,1048576,128,8192,64,ZSCORE,5120,682332.23,7.007,27.263,68.607,5496414,11.64174529400043,8,9.953,116.051484375
lavik,zset,1048576,1024,1024,64,ZINCRBY,80,6444.86,0.647,99.839,109.567,51848,9.280208239000785,8,0.1,6.65462890625
redis,zset,1048576,1024,1024,64,ZINCRBY,80,407552.74,0.191,0.375,0.479,3260803,9.283814651000284,8,6.009,421.181064453125
valkey,zset,1048576,1024,1024,64,ZINCRBY,80,490731.69,0.151,0.327,0.583,3926782,9.284225049999804,8,7.058,507.1477734375
lavik,zset,1048576,1024,1024,64,ZINCRBY,320,6457.71,2.447,403.455,415.743,52557,9.331389250000939,8,0.138,6.66931640625
redis,zset,1048576,1024,1024,64,ZINCRBY,320,619681.02,0.495,1.047,1.447,4962568,9.334912897000322,8,8.788,640.85021484375
valkey,zset,1048576,1024,1024,64,ZINCRBY,320,566125.8,0.575,0.919,1.303,4531974,9.334690919000423,8,7.796,585.528349609375
lavik,zset,1048576,1024,1024,64,ZINCRBY,1280,6616.0,101.375,1003.519,1040.383,55879,10.633306546998938,8,0.314,6.833134765625
redis,zset,1048576,1024,1024,64,ZINCRBY,1280,698938.84,1.791,4.383,11.327,5601075,9.586747108001873,8,10.088,723.0301171875
valkey,zset,1048576,1024,1024,64,ZINCRBY,1280,630301.07,2.039,3.247,12.479,5050194,9.635915861003014,8,9.053,652.026494140625
lavik,zset,1048576,1024,1024,64,ZINCRBY,2560,6897.06,288.767,1548.287,1581.055,58813,10.983780514998216,8,0.545,7.1239453125
redis,zset,1048576,1024,1024,64,ZINCRBY,2560,667804.76,3.775,7.167,26.239,5361568,9.937906846997066,8,10.47,690.215283203125
valkey,zset,1048576,1024,1024,64,ZINCRBY,2560,723170.45,3.407,7.487,28.031,5806337,9.938367268998263,8,11.103,748.09705078125
lavik,zset,1048576,1024,1024,64,ZINCRBY,5120,7279.18,638.975,2392.063,2473.983,63864,12.637505609000073,8,0.898,7.519072265625
redis,zset,1048576,1024,1024,64,ZINCRBY,5120,572695.68,8.447,32.639,80.383,4619900,10.58971964599914,8,9.986,592.435556640625
valkey,zset,1048576,1024,1024,64,ZINCRBY,5120,479021.49,11.135,36.863,64.511,3869401,11.59073096299835,8,7.319,495.532509765625
lavik,zset,1048576,1024,1024,64,ZRANGE,16,1899.5,9.663,15.871,17.279,15197,9.286471292001806,8,1.743,1932.866767578125
redis,zset,1048576,1024,1024,64,ZRANGE,16,2824.91,5.151,10.751,11.903,22616,9.235003500001767,8,3.591,2874.524111328125
valkey,zset,1048576,1024,1024,64,ZRANGE,16,1401.19,11.455,17.407,21.631,11221,9.28514461099985,8,2.014,1425.803154296875
lavik,zset,1048576,1024,1024,64,ZRANGE,80,2823.69,28.543,70.655,104.447,22646,9.288246464002441,8,4.55,2873.283193359375
redis,zset,1048576,1024,1024,64,ZRANGE,80,2822.98,26.623,61.951,92.159,22610,9.238072565000039,8,4.68,2872.56236328125
valkey,zset,1048576,1024,1024,64,ZRANGE,80,1035.37,77.311,142.335,162.815,8346,9.284061315000145,8,1.72,1053.550849609375
lavik,zset,1048576,1024,1024,64,ZSCORE,80,346682.11,0.231,0.423,0.519,2773823,9.283472671999334,8,5.2,355.284111328125
redis,zset,1048576,1024,1024,64,ZSCORE,80,427757.64,0.183,0.351,0.447,3422278,9.283851694002806,8,6.29,438.371474609375
valkey,zset,1048576,1024,1024,64,ZSCORE,80,494739.9,0.151,0.327,0.535,3958689,9.283262766999542,8,6.986,507.015673828125
lavik,zset,1048576,1024,1024,64,ZSCORE,320,453124.46,0.639,1.975,3.423,3627322,9.33400897699903,8,6.767,464.367578125
redis,zset,1048576,1024,1024,64,ZSCORE,320,662968.72,0.463,1.007,1.431,5310811,9.33477989200037,8,9.264,679.41849609375
valkey,zset,1048576,1024,1024,64,ZSCORE,320,653938.62,0.463,0.991,2.367,5233905,9.335533044999465,8,8.498,670.1643359375
lavik,zset,1048576,1024,1024,64,ZSCORE,1280,328751.79,0.303,31.487,34.815,2637166,9.634989362999477,8,5.168,336.908583984375
redis,zset,1048576,1024,1024,64,ZSCORE,1280,800531.35,1.351,4.671,11.263,6416298,9.586488301996724,8,11.617,820.394208984375
valkey,zset,1048576,1024,1024,64,ZSCORE,1280,824606.62,1.295,4.543,11.647,6616091,9.587454104002973,8,11.723,845.06677734375
lavik,zset,1048576,1024,1024,64,ZSCORE,2560,300740.51,0.311,67.071,74.751,2422466,9.985589907999383,8,5.035,308.20205078125
redis,zset,1048576,1024,1024,64,ZSCORE,2560,777530.22,3.023,7.423,25.983,6242934,9.938610068998969,8,12.153,796.82232421875
valkey,zset,1048576,1024,1024,64,ZSCORE,2560,794254.42,2.927,7.135,24.959,6381071,10.940807231996587,8,10.96,813.961552734375
lavik,zset,1048576,1024,1024,64,ZSCORE,5120,296031.96,0.335,139.263,151.551,2387210,11.63860061199739,8,4.85,303.376328125
redis,zset,1048576,1024,1024,64,ZSCORE,5120,640054.53,7.839,27.903,60.415,5164543,11.593086174001655,8,9.549,655.934990234375
valkey,zset,1048576,1024,1024,64,ZSCORE,5120,480912.82,9.855,42.495,75.263,3876569,11.591550288998405,8,7.402,492.84453125
kvrocks,zset,104857600,128,819200,8,ZINCRBY,80,197145.26,0.375,1.015,1.359,1577788,9.284010199000477,8,2.742,35.12421875
lavik,zset,104857600,128,819200,8,ZINCRBY,80,976.63,77.823,244.735,260.095,7846,9.286969050997868,8,0.031,0.173701171875
redis,zset,104857600,128,819200,8,ZINCRBY,80,390444.55,0.199,0.399,0.487,3124112,9.283688030998746,8,5.563,69.57361328125
valkey,zset,104857600,128,819200,8,ZINCRBY,80,467874.44,0.167,0.287,0.487,3743520,9.282933260998107,8,6.612,83.372998046875
kvrocks,zset,104857600,128,819200,8,ZINCRBY,320,208332.66,1.471,2.991,3.903,1668510,9.335480529000051,8,3.01,37.12859375
lavik,zset,104857600,128,819200,8,ZINCRBY,320,964.59,352.255,671.743,684.031,7908,9.337630052003078,8,0.084,0.171630859375
redis,zset,104857600,128,819200,8,ZINCRBY,320,558030.79,0.567,1.119,1.479,4466979,9.333465625000827,8,7.931,99.46880859375
valkey,zset,104857600,128,819200,8,ZINCRBY,320,523182.54,0.631,1.015,1.431,4188533,9.333057077004923,8,7.178,93.263310546875
kvrocks,zset,104857600,128,819200,8,ZINCRBY,1280,221074.15,5.631,9.727,24.063,1775225,9.585597508994397,8,3.494,39.399296875
lavik,zset,104857600,128,819200,8,ZINCRBY,1280,1021.08,1335.295,1753.087,1769.471,8867,10.590724330999365,8,0.222,0.1816796875
redis,zset,104857600,128,819200,8,ZINCRBY,1280,657027.47,1.975,3.807,11.647,5262064,9.585139574002824,8,9.369,117.1913671875
valkey,zset,104857600,128,819200,8,ZINCRBY,1280,549729.58,2.255,5.535,17.279,4403821,9.585219072003383,8,7.667,98.048466796875
kvrocks,zset,104857600,128,819200,8,ZINCRBY,2560,211437.72,11.583,25.599,49.919,1700113,9.936996894000913,8,3.726,37.686845703125
lavik,zset,104857600,128,819200,8,ZINCRBY,2560,1076.91,2670.591,3014.655,3047.423,10213,11.893485001994122,8,0.257,0.191279296875
redis,zset,104857600,128,819200,8,ZINCRBY,2560,672636.96,3.807,6.623,27.135,5401486,9.937074713001493,8,10.132,120.036181640625
valkey,zset,104857600,128,819200,8,ZINCRBY,2560,546064.87,4.703,7.391,30.591,4391878,9.935854260002088,8,8.019,97.448583984375
kvrocks,zset,104857600,128,819200,8,ZINCRBY,5120,197695.77,24.447,66.047,117.759,1594826,10.59129344500252,8,3.997,35.256494140625
lavik,zset,104857600,128,819200,8,ZINCRBY,5120,1238.71,5013.503,5701.631,5734.399,12861,15.502134590002242,8,0.301,0.21978515625
redis,zset,104857600,128,819200,8,ZINCRBY,5120,586233.3,8.511,30.847,77.311,4733260,11.590926249002223,8,8.835,104.674404296875
valkey,zset,104857600,128,819200,8,ZINCRBY,5120,509424.02,10.303,35.839,79.359,4119087,11.591238316999807,8,7.478,90.935654296875
kvrocks,zset,104857600,128,819200,8,ZRANGE,1,2.04,487.423,552.959,552.959,17,9.236501534003764,8,0.33,236.2302734375
lavik,zset,104857600,128,819200,8,ZRANGE,1,0.64,1613.823,1630.207,1630.207,6,10.48816273400007,8,0.105,73.7849609375
redis,zset,104857600,128,819200,8,ZRANGE,1,3.87,253.951,323.583,323.583,31,9.234403629001463,8,0.633,447.568232421875
valkey,zset,104857600,128,819200,8,ZRANGE,1,3.65,270.335,305.151,305.151,30,9.234998200998234,8,0.577,421.394853515625
kvrocks,zset,104857600,128,819200,8,ZRANGE,4,5.75,643.071,1417.215,1417.215,48,9.236519412996131,8,1.129,664.616787109375
lavik,zset,104857600,128,819200,8,ZRANGE,4,2.2,1630.207,1859.583,1859.583,21,10.285454176999338,8,0.432,253.6234765625
redis,zset,104857600,128,819200,8,ZRANGE,4,10.54,378.879,626.687,634.879,88,9.234385716998077,8,1.806,1217.811630859375
valkey,zset,104857600,128,819200,8,ZRANGE,4,5.94,622.591,1073.151,1073.151,50,9.434872675003135,8,1.265,685.770068359375
kvrocks,zset,104857600,128,819200,8,ZRANGE,16,16.46,794.623,2293.759,2768.895,135,9.24276797499624,8,3.3,1901.3123828125
lavik,zset,104857600,128,819200,8,ZRANGE,16,7.59,1966.079,2441.215,2473.983,72,10.2860679660007,8,1.384,877.2863671875
redis,zset,104857600,128,819200,8,ZRANGE,16,11.86,1376.255,2523.135,2555.903,97,9.234442640001362,8,2.412,1370.589189453125
valkey,zset,104857600,128,819200,8,ZRANGE,16,7.58,2031.615,3866.623,3981.311,63,9.234504956002638,8,1.926,875.07171875
kvrocks,zset,104857600,128,819200,8,ZSCORE,80,444380.63,0.175,0.351,0.607,3555357,9.289877581002656,8,6.445,75.594306640625
lavik,zset,104857600,128,819200,8,ZSCORE,80,190498.45,0.399,0.863,1.031,1524565,9.281422704007127,8,2.631,32.405986328125
redis,zset,104857600,128,819200,8,ZSCORE,80,450742.5,0.167,0.351,0.455,3607107,9.283652130005066,8,6.426,76.676533203125
valkey,zset,104857600,128,819200,8,ZSCORE,80,557831.11,0.135,0.271,0.447,4464594,9.283817231000285,8,7.676,94.8935546875
kvrocks,zset,104857600,128,819200,8,ZSCORE,320,659973.52,0.471,0.927,2.143,5280464,9.34696745700785,8,8.548,112.2691015625
lavik,zset,104857600,128,819200,8,ZSCORE,320,210253.46,1.231,4.415,5.375,1683256,9.332593262006412,8,3.046,35.766474609375
redis,zset,104857600,128,819200,8,ZSCORE,320,763844.42,0.391,0.991,1.623,6114667,9.33484735199454,8,10.241,129.938759765625
valkey,zset,104857600,128,819200,8,ZSCORE,320,774248.66,0.351,1.415,3.343,6199663,9.336421006002638,8,10.046,131.7086328125
kvrocks,zset,104857600,128,819200,8,ZSCORE,1280,667154.1,1.871,3.055,12.351,5349321,9.594814012001734,8,9.405,113.490361328125
lavik,zset,104857600,128,819200,8,ZSCORE,1280,169001.85,0.415,31.231,37.119,1356926,9.633743913997023,8,2.631,28.74884765625
redis,zset,104857600,128,819200,8,ZSCORE,1280,987921.37,1.135,4.479,9.599,7916211,9.587407259001338,8,13.92,168.05662109375
valkey,zset,104857600,128,819200,8,ZSCORE,1280,864466.98,1.239,4.415,10.815,6926865,9.59174546199938,8,11.884,147.055576171875
kvrocks,zset,104857600,128,819200,8,ZSCORE,2560,655286.51,3.807,6.175,29.695,5264007,10.90084378499887,8,8.789,111.471220703125
lavik,zset,104857600,128,819200,8,ZSCORE,2560,151507.51,0.375,71.167,75.775,1217694,10.93683843100007,8,2.356,25.77251953125
redis,zset,104857600,128,819200,8,ZSCORE,2560,1038013.61,2.383,5.983,22.143,8333139,9.939227476002998,8,15.382,176.577548828125
valkey,zset,104857600,128,819200,8,ZSCORE,2560,989958.97,2.303,6.431,23.423,7949229,9.939009563000582,8,14.39,168.402890625
kvrocks,zset,104857600,128,819200,8,ZSCORE,5120,556483.47,8.447,35.327,93.695,4485619,10.60858973300492,8,9.742,94.6630078125
lavik,zset,104857600,128,819200,8,ZSCORE,5120,163174.01,20.223,141.311,148.479,1318097,11.638159554000595,8,3.081,27.756484375
redis,zset,104857600,128,819200,8,ZSCORE,5120,855021.26,5.247,17.407,56.831,6889315,10.592795308999484,8,14.002,145.44775390625
valkey,zset,104857600,128,819200,8,ZSCORE,5120,702132.28,6.751,26.239,62.463,5668316,10.589607039000839,8,11.482,119.43955078125
kvrocks,zset,104857600,1024,102400,8,ZINCRBY,80,173805.31,0.423,1.199,1.631,1390614,9.286817308995523,8,2.438,179.530390625
lavik,zset,104857600,1024,102400,8,ZINCRBY,80,956.43,83.455,203.775,217.087,7689,9.2872070730009,8,0.032,0.987607421875
redis,zset,104857600,1024,102400,8,ZINCRBY,80,370274.07,0.207,0.439,0.527,2962628,9.284191015998658,8,5.405,382.519033203125
valkey,zset,104857600,1024,102400,8,ZINCRBY,80,459641.2,0.167,0.359,0.567,3677962,9.283803603000706,8,6.578,474.863935546875
kvrocks,zset,104857600,1024,102400,8,ZINCRBY,320,195857.43,1.599,3.167,4.319,1569018,9.336846328005777,8,2.855,202.356943359375
lavik,zset,104857600,1024,102400,8,ZINCRBY,320,1023.95,321.535,518.143,532.479,8362,9.335672318993602,8,0.087,1.057392578125
redis,zset,104857600,1024,102400,8,ZINCRBY,320,586674.96,0.535,1.095,1.447,4694881,9.334626875999675,8,8.363,606.373447265625
valkey,zset,104857600,1024,102400,8,ZINCRBY,320,556930.12,0.575,1.023,1.471,4456845,9.334172809998563,8,7.609,575.665078125
kvrocks,zset,104857600,1024,102400,8,ZINCRBY,1280,193801.57,6.463,10.879,24.959,1553988,9.588202404003823,8,3.115,200.269951171875
lavik,zset,104857600,1024,102400,8,ZINCRBY,1280,1110.79,1261.567,1548.287,1564.671,9682,10.640342729006079,8,0.24,1.14703125
redis,zset,104857600,1024,102400,8,ZINCRBY,1280,730895.79,1.655,4.351,12.351,5856657,9.587228865995712,8,10.561,755.587607421875
valkey,zset,104857600,1024,102400,8,ZINCRBY,1280,602045.9,2.039,4.511,13.183,4828490,9.586457124001754,8,8.614,622.384794921875
kvrocks,zset,104857600,1024,102400,8,ZINCRBY,2560,188031.74,12.991,28.159,51.455,1511860,9.938928556992323,8,3.398,194.347236328125
lavik,zset,104857600,1024,102400,8,ZINCRBY,2560,1175.3,2441.215,2801.663,2818.047,10963,11.941522483997687,8,0.275,1.213359375
redis,zset,104857600,1024,102400,8,ZINCRBY,2560,737093.27,3.407,7.295,29.567,5920855,10.940122856998642,8,9.743,761.994462890625
valkey,zset,104857600,1024,102400,8,ZINCRBY,2560,618685.56,3.407,10.495,34.559,4965553,9.986785206994682,8,9.364,639.586591796875
kvrocks,zset,104857600,1024,102400,8,ZINCRBY,5120,181719.97,26.751,67.071,109.567,1467044,10.58931689999008,8,3.824,187.85369140625
lavik,zset,104857600,1024,102400,8,ZINCRBY,5120,1322.1,4849.663,5439.487,5439.487,13289,15.502068610003334,8,0.311,1.364833984375
redis,zset,104857600,1024,102400,8,ZINCRBY,5120,596959.4,8.383,30.079,69.119,4815213,10.589957304000563,8,10.392,617.126455078125
valkey,zset,104857600,1024,102400,8,ZINCRBY,5120,508446.65,10.303,36.607,84.991,4100004,10.638809047995892,8,8.737,525.623486328125
kvrocks,zset,104857600,1024,102400,8,ZRANGE,1,4.69,211.967,251.903,251.903,38,9.236356017994694,8,0.43,478.278388671875
lavik,zset,104857600,1024,102400,8,ZRANGE,1,0.84,1163.263,1269.759,1269.759,7,9.38396748899686,8,0.076,85.178525390625
redis,zset,104857600,1024,102400,8,ZRANGE,1,5.64,157.695,876.543,876.543,46,9.234554016002221,8,0.49,575.24955078125
valkey,zset,104857600,1024,102400,8,ZRANGE,1,5.29,206.847,220.159,220.159,43,9.235486464996939,8,0.611,539.411044921875
kvrocks,zset,104857600,1024,102400,8,ZRANGE,4,16.89,232.447,339.967,565.247,136,9.23593921700376,8,1.47,1721.422822265625
lavik,zset,104857600,1024,102400,8,ZRANGE,4,3.23,1204.223,1400.831,1400.831,28,9.284010649003903,8,0.312,328.87421875
redis,zset,104857600,1024,102400,8,ZRANGE,4,18.97,197.631,350.207,1302.527,153,9.23542814800021,8,1.901,1934.0540625
valkey,zset,104857600,1024,102400,8,ZRANGE,4,10.54,364.543,630.783,655.359,86,9.236345476994757,8,1.05,1074.17087890625
kvrocks,zset,104857600,1024,102400,8,ZRANGE,16,27.37,532.479,1269.759,1294.335,220,9.249969862998114,8,3.186,2790.000673828125
lavik,zset,104857600,1024,102400,8,ZRANGE,16,10.53,1425.407,1777.663,1777.663,98,10.288417362004111,8,1.189,1073.22650390625
redis,zset,104857600,1024,102400,8,ZRANGE,16,20.37,745.471,1712.127,1949.695,165,9.234945222000533,8,2.356,2076.369541015625
valkey,zset,104857600,1024,102400,8,ZRANGE,16,11.11,1441.791,2506.751,2588.671,91,9.23341999299737,8,1.597,1133.0734765625
kvrocks,zset,104857600,1024,102400,8,ZSCORE,80,442749.98,0.167,0.367,0.655,3542606,9.28940057400905,8,6.63,453.748876953125
lavik,zset,104857600,1024,102400,8,ZSCORE,80,237029.07,0.319,0.631,0.751,1918112,9.282415179004602,8,3.459,242.917392578125
redis,zset,104857600,1024,102400,8,ZSCORE,80,433552.71,0.175,0.351,0.463,3469183,9.284573172997625,8,6.271,444.323115234375
valkey,zset,104857600,1024,102400,8,ZSCORE,80,526710.81,0.143,0.279,0.455,4214367,9.283922174996405,8,7.477,539.795478515625
kvrocks,zset,104857600,1024,102400,8,ZSCORE,320,642167.41,0.479,1.015,2.255,5139233,9.350785905990051,8,8.803,658.12021484375
lavik,zset,104857600,1024,102400,8,ZSCORE,320,254545.64,0.879,4.159,4.831,2037297,9.333046028004901,8,3.791,260.86904296875
redis,zset,104857600,1024,102400,8,ZSCORE,320,698339.15,0.439,0.983,1.447,5588487,9.335076297000342,8,9.564,715.687392578125
valkey,zset,104857600,1024,102400,8,ZSCORE,320,676390.34,0.447,0.999,2.063,5415875,9.335896515003697,8,8.832,693.1933203125
kvrocks,zset,104857600,1024,102400,8,ZSCORE,1280,648308.05,1.903,3.631,12.479,5194388,9.598752442994737,8,9.415,664.413154296875
lavik,zset,104857600,1024,102400,8,ZSCORE,1280,196659.79,0.351,26.111,33.535,1576829,9.583882155995525,8,3.124,201.544931640625
redis,zset,104857600,1024,102400,8,ZSCORE,1280,835593.58,1.271,4.767,10.687,6693768,9.587668211999699,8,12.091,856.351279296875
valkey,zset,104857600,1024,102400,8,ZSCORE,1280,708385.69,1.759,3.983,12.223,5677299,9.636937212999328,8,10.059,725.983251953125
kvrocks,zset,104857600,1024,102400,8,ZSCORE,2560,624439.79,3.983,6.879,29.823,5020667,9.908085751987528,8,9.816,639.95162109375
lavik,zset,104857600,1024,102400,8,ZSCORE,2560,190632.16,0.359,60.415,77.311,1534953,10.986805183005345,8,2.894,195.3672265625
redis,zset,104857600,1024,102400,8,ZSCORE,2560,862412.88,2.639,7.359,24.447,6921361,10.940401359999669,8,11.903,883.83650390625
valkey,zset,104857600,1024,102400,8,ZSCORE,2560,694524.6,3.503,7.071,30.207,5574010,9.937235199999122,8,10.68,711.777490234375
kvrocks,zset,104857600,1024,102400,8,ZSCORE,5120,534859.09,8.831,34.047,77.311,4318924,10.612604009991628,8,9.357,548.1448828125
lavik,zset,104857600,1024,102400,8,ZSCORE,5120,174711.53,1.383,121.855,159.743,1408296,10.636485909002658,8,3.677,179.0504296875
redis,zset,104857600,1024,102400,8,ZSCORE,5120,692906.77,7.007,24.831,76.287,5582384,11.593356543002301,8,10.658,710.118828125
valkey,zset,104857600,1024,102400,8,ZSCORE,5120,551247.48,9.215,34.559,78.335,4443203,11.642830183001934,8,8.399,564.940380859375
